{
  "top": {
    "intrinsics": [
      [
        857.8027682038235,
        0.0,
        400.0
      ],
      [
        0.0,
        857.8027682038235,
        400.0
      ],
      [
        0.0,
        0.0,
        1.0
      ]
    ],
    "c2w": [
      [
        0.8192319205190406,
        0.0,
        -0.5734623443633282,
        -5.5851935823807075
      ],
      [
        0.5734623443633283,
        0.0,
        0.8192319205190405,
        9.242499059337531
      ],
      [
        0.0,
        -1.0,
        -0.0,
        0.0
      ],
      [
        0.0,
        0.0,
        0.0,
        1.0
      ]
    ],
    "resolution": [
      800,
      800
    ]
  },
  "bottom": {
    "intrinsics": [
      [
        857.8027682038235,
        0.0,
        400.0
      ],
      [
        0.0,
        857.8027682038235,
        400.0
      ],
      [
        0.0,
        0.0,
        1.0
      ]
    ],
    "c2w": [
      [
        0.8192319205190405,
        0.0,
        0.5734623443633283,
        6.838548714480519
      ],
      [
        0.5734623443633283,
        0.0,
        -0.8192319205190405,
        -8.505704221892794
      ],
      [
        -0.0,
        1.0,
        -0.0,
        0.0
      ],
      [
        0.0,
        0.0,
        0.0,
        1.0
      ]
    ],
    "resolution": [
      800,
      800
    ]
  },
  "front": {
    "intrinsics": [
      [
        857.8027682038235,
        0.0,
        400.0
      ],
      [
        0.0,
        857.8027682038235,
        400.0
      ],
      [
        0.0,
        0.0,
        1.0
      ]
    ],
    "c2w": [
      [
        1.0,
        0.0,
        -0.0,
        0.6266775660499051
      ],
      [
        -0.0,
        1.0,
        -0.0,
        0.3683974187223682
      ],
      [
        0.0,
        0.0,
        1.0,
        8.874101640615162
      ],
      [
        0.0,
        0.0,
        0.0,
        1.0
      ]
    ],
    "resolution": [
      800,
      800
    ]
  },
  "back": {
    "intrinsics": [
      [
        857.8027682038235,
        0.0,
        400.0
      ],
      [
        0.0,
        857.8027682038235,
        400.0
      ],
      [
        0.0,
        0.0,
        1.0
      ]
    ],
    "c2w": [
      [
        -1.0,
        0.0,
        -0.0,
        0.6266775660499051
      ],
      [
        0.0,
        1.0,
        -0.0,
        0.3683974187223682
      ],
      [
        0.0,
        -0.0,
        -1.0,
        -8.874101640615162
      ],
      [
        0.0,
        0.0,
        0.0,
        1.0
      ]
    ],
    "resolution": [
      800,
      800
    ]
  },
  "left": {
    "intrinsics": [
      [
        857.8027682038235,
        0.0,
        400.0
      ],
      [
        0.0,
        857.8027682038235,
        400.0
      ],
      [
        0.0,
        0.0,
        1.0
      ]
    ],
    "c2w": [
      [
        0.0,
        0.0,
        -1.0,
        -8.247424074565258
      ],
      [
        0.0,
        1.0,
        -0.0,
        0.3683974187223682
      ],
      [
        1.0,
        0.0,
        -0.0,
        0.0
      ],
      [
        0.0,
        0.0,
        0.0,
        1.0
      ]
    ],
    "resolution": [
      800,
      800
    ]
  },
  "right": {
    "intrinsics": [
      [
        857.8027682038235,
        0.0,
        400.0
      ],
      [
        0.0,
        857.8027682038235,
        400.0
      ],
      [
        0.0,
        0.0,
        1.0
      ]
    ],
    "c2w": [
      [
        0.0,
        0.0,
        1.0,
        9.500779206665067
      ],
      [
        0.0,
        1.0,
        -0.0,
        0.3683974187223682
      ],
      [
        -1.0,
        0.0,
        -0.0,
        0.0
      ],
      [
        0.0,
        0.0,
        0.0,
        1.0
      ]
    ],
    "resolution": [
      800,
      800
    ]
  }
}