# Aspose.3D Wavefront OBJ Exporter
# Copyright 2004-2025 Aspose Pty Ltd.
# File created: 07/13/2025 11:26:19

mtllib material.lib
g ObjectCapture

#
# object ObjectCapture
#

v -0.07137531 0.0063878316 0.01383931
v -0.07184397 0.0033312312 0.012433372
v -0.070369095 0.0029547156 0.013149444
v 0.04142426 0.10975869 0.022521228
v 0.0718144 0.09536554 0.018433696
v -0.008102099 0.08261713 0.002738799
v 0.059101842 0.09209199 0.016782688
v 0.0759412 0.09607432 0.017132673
v 0.08044724 0.099566385 0.022086093
v 0.07756435 0.09980083 0.023525318
v 0.07438153 0.09887593 0.023358526
v 0.07768277 0.097507246 0.019672409
v 0.077116355 0.098574504 0.021935502
v 0.0735459 0.097240746 0.021387912
v 0.07051372 0.097706564 0.023028115
v -0.045996368 0.09913404 0.0033433675
v -0.04982449 0.09674115 0.0022373798
v -0.049059365 0.09409721 0.0039919834
v -0.052499495 0.0954115 0.0010797537
v -0.049549434 0.10009126 0.00011770603
v -0.04866525 0.09936439 0.0014801748
v -0.045078997 0.0958336 0.0050039073
v -0.040494695 0.09701569 0.0063599586
v -0.054304667 0.09587399 -0.0008917418
v -0.052756578 0.09828931 -0.0016322456
v -0.04357179 0.09260574 0.00627996
v -0.040401556 0.09062415 0.007589708
v -0.037196778 0.09557793 0.0076524536
v -0.04028869 0.09409328 0.0068663415
v -0.03814165 0.09313819 0.007683123
v -0.059711352 0.09491703 -0.008173592
v -0.060754478 0.09372977 -0.0071626254
v -0.06353064 0.09139477 -0.007294982
v -0.08387441 0.052953046 -0.000654424
v -0.08293857 0.056011032 0.00033725123
v -0.028779188 0.07283345 -0.0014700593
v -0.08266875 0.058054443 -0.0013150668
v -0.083404765 0.053925652 0.0032824446
v -0.08385815 0.053561825 0.0015724931
v -0.08426252 0.051706478 -0.0018707453
v -0.084248796 0.051238146 -0.0033494262
v -0.08475275 0.049896076 -0.0010864807
v -0.08410264 0.05267917 -0.0017744649
v -0.08509435 0.046639603 -0.0014193167
v -0.08508141 0.04442159 -0.00050175714
v -0.083008505 0.055639 0.002348818
v -0.08260644 0.053542193 0.0046842
v -0.049523026 0.060994245 -0.01707537
v -0.08462105 0.050307468 0.0024009382
v -0.08385625 0.05379327 -0.0021137472
v -0.08347304 0.053788815 -0.004895415
v -0.08366161 0.051193833 -0.0061610634
v -0.08192257 0.060719952 -0.0017536221
v -0.08164293 0.061829664 -0.004079341
v -0.082290746 0.05927795 -0.0035311258
v -0.08219984 0.05854822 6.9358146E-05
v -0.08323839 0.05595805 -0.002194808
v -0.080714524 0.06414686 -0.005662053
v -0.06681015 0.08520435 -0.0019138008
v -0.064790055 0.08359716 0.0011803375
v 0.024552884 0.10224252 -0.014847983
v -0.06557081 0.079127714 0.0026985118
v -0.06637743 0.08377525 -0.00028709116
v -0.067234464 0.08092351 0.0006397425
v -0.013633629 0.10400263 0.011727078
v -0.062261377 0.08056399 0.0039561624
v -0.061947238 0.07807206 0.005069234
v -0.071221896 0.07261203 0.0030964022
v -0.07214456 0.07037135 0.004343209
v -0.070368774 0.071803644 0.004463542
v -0.015531696 0.08249569 0.0058012605
v -0.06548658 0.0874142 -0.00268245
v -0.06564281 0.08776605 -0.0038416786
v -0.06837266 0.07773353 0.0015691401
v -0.062422033 0.08347403 0.0027605128
v -0.068324916 0.08196006 -0.0010287248
v -0.06386741 0.07050261 0.007864115
v -0.064193614 0.090978324 -0.008008829
v -0.06327337 0.0904813 -0.0046770694
v -0.062357258 0.090719454 -0.0038132034
v -0.06339376 0.06388127 0.010279966
v -0.0840002 0.052866183 -0.0028718053
v -0.08266435 0.05737017 -0.005302625
v -0.06848503 0.0744463 0.0035701487
v -0.08511552 0.048504543 0.0012029222
v -0.08521953 0.046054088 0.0008779386
v -0.079634614 0.060334034 0.0052436907
v -0.08189748 0.05741896 0.004000539
v -0.0812402 0.060068104 0.0028265922
v -0.07580874 0.06997428 0.0012750744
v -0.07367766 0.07117557 0.0023650522
v -0.061994698 0.061849445 0.010629771
v -0.081838444 0.05168776 -0.01066713
v -0.081317745 0.060441386 -0.008437197
v -0.08044908 0.06386963 -0.008021993
v -0.081076786 0.063592836 -0.0031313188
v -0.0799216 0.06650596 -0.0043632356
v -0.07141726 0.08044346 -0.003718748
v -0.069210894 0.083162956 -0.0031091964
v -0.07164848 0.07873085 -0.012096231
v -0.007233639 0.08019283 -0.004996837
v -0.011433673 0.079883896 -0.0026980604
v 0.00039350844 0.082810454 -9.641015E-06
v 0.018195806 0.08552559 0.0046644546
v -0.0035301337 0.08143006 -0.0023869714
v -0.06804328 0.043880593 -0.015914962
v -0.05834619 0.055885274 -0.019582292
v -0.060377754 0.057445265 -0.020989764
v -0.05144083 0.06675429 -0.022126213
v -0.05258517 0.069657765 -0.023883441
v -0.072140254 0.011204836 0.0017091957
v -0.055518355 0.071345255 -0.025066731
v -0.051883783 0.072871745 -0.024960939
v -0.051477015 0.0764165 -0.025953801
v 0.0069386144 0.08563058 0.0052578496
v 0.005217072 0.08424173 0.002367142
v 0.006831652 0.08702997 0.0076089213
v 0.0024750412 0.08723443 0.008390299
v -0.059853174 0.06429126 0.0103313485
v -0.06106202 0.06529926 0.01015804
v -0.065192305 0.064997904 0.009718156
v -0.050925955 0.055424754 -0.009018342
v -0.065303534 0.07292824 0.006286115
v -0.066020906 0.06712106 0.008722865
v -0.057282407 0.066918015 -0.023978341
v -0.059762597 0.06800826 -0.024548082
v -0.06513939 0.04246629 -0.013475884
v -0.06296641 0.045757905 -0.014979336
v -0.070565045 0.07913221 -0.013557639
v -0.08279053 0.041269332 -0.007420339
v -0.058743 0.06395272 -0.023227004
v -0.060510226 0.060840864 -0.02237209
v -0.07635006 0.023436304 -0.0022469717
v -0.06386549 0.06142216 -0.02292721
v -0.055983227 0.064296335 -0.022743015
v -0.057339545 0.059947 -0.021166293
v -0.06291663 0.05712635 -0.021403493
v -0.06422021 0.05862793 -0.022157216
v -0.003796484 0.08657833 0.008211601
v -0.0009450359 0.085065596 0.0049168803
v -0.07259456 0.0021978826 0.008062438
v -0.072257996 0.0021894213 0.010155193
v 0.0015046973 0.084092066 0.0031641067
v -0.07177266 0.074327566 -0.017193394
v 0.020579383 0.08690409 0.0073430096
v 0.018760558 0.08797411 0.010092472
v 0.063243024 0.0923426 0.015772762
v 0.06321191 0.09140304 0.013300823
v 0.058622785 0.09050464 0.012899349
v 0.060921036 0.09142953 0.014725149
v 0.065153524 0.09383093 0.018302571
v -0.015638715 0.08652891 0.009645821
v -0.017090734 0.08724594 0.010279137
v 0.07063699 0.09922197 0.024987001
v 0.08242105 0.104037784 0.022191215
v 0.08398081 0.10297542 0.02086245
v 0.08379396 0.10065918 0.018932914
v 0.08180114 0.099106364 0.01940143
v 0.08106432 0.102874905 0.023356535
v 0.07927945 0.101556726 0.024147267
v -0.058297485 0.09605796 -0.0077175545
v -0.06140512 0.093946844 -0.008998575
v -0.08164168 0.06118793 -0.005912524
v -0.0823088 0.056297068 -0.008106198
v -0.084603675 0.04886255 -0.0033672377
v -0.08306605 0.04920169 -0.008361632
v -0.08439669 0.04658574 -0.005022458
v -0.06583786 0.04619594 -0.016526595
v -0.06256329 0.043738246 -0.0130293425
v -0.063922 0.0778066 0.004333005
v -0.065044485 0.07589755 0.004692875
v -0.07492688 0.0062547363 0.0028166675
v -0.0742173 0.006817856 0.0025817133
v -0.06728265 0.06938662 0.0072327927
v -0.08384947 0.043201722 -0.0061842604
v -0.07878535 0.06814866 -0.0042720675
v -0.07798123 0.06918303 -0.0042902497
v -0.08259814 0.052109167 0.005232287
v -0.07405243 0.076800756 -0.0053391694
v -0.07576541 0.07390238 -0.0037246568
v -0.084652506 0.042989008 -0.003118519
v -0.08366979 0.04560274 -0.007087211
v -0.074282974 0.013738068 0.010310128
v -0.07553577 0.07455023 -0.005283349
v -0.07518487 0.07336972 -0.0015101441
v -0.060401965 0.09496207 -0.009567161
v -0.060948648 0.04358108 -0.011410501
v -0.081426986 0.057204418 -0.010614959
v -0.082024075 0.053943317 -0.009920636
v -0.06625183 0.04377737 -0.015026458
v -0.08171598 0.04975978 -0.011021973
v 0.072296835 0.09421203 0.01506848
v 0.07609703 0.09549726 0.014739398
v 0.07169762 0.113357686 0.005490388
v 0.06954494 0.11474375 0.0054959212
v 0.06470435 0.11610945 0.008957648
v 0.06729043 0.1147813 0.0111108925
v 0.06362105 0.11639933 0.012079247
v 0.06803259 0.11526513 0.0074459673
v 0.07020691 0.11389398 0.009471646
v -0.0101242 0.11327401 0.00580783
v -0.008035418 0.112100914 0.008064494
v 0.068520494 0.11231315 0.020962842
v 0.02677399 0.117072105 0.014378263
v 0.072326206 0.11179122 0.020536443
v 0.07112343 0.109733425 0.022335375
v 0.07508754 0.11145265 0.020165155
v 0.020784443 0.10324008 -0.016123455
v 0.07714471 0.11032037 0.020609565
v 0.076621585 0.11174686 0.019025167
v 0.06180093 0.11369473 0.021432593
v 0.059516694 0.111784555 0.022860954
v 0.06415675 0.11650411 0.015295696
v 0.05703497 0.11434966 0.021568038
v 0.039790902 0.115776934 0.018358866
v 0.035790205 0.11911079 0.014230308
v 0.035554886 0.117086604 0.016444692
v 0.04274724 0.11989218 0.013290642
v -0.036242973 0.06691551 -0.011003309
v 0.043330614 0.11887803 0.015207853
v 0.040548537 0.120904334 0.011449276
v 0.057722438 0.11648271 0.019526323
v -0.06957217 0.025089186 0.008242112
v -0.0701621 0.02757889 0.008081997
v 0.04893403 0.11943352 0.015133887
v 0.018936165 0.10141498 -0.016359698
v 0.05492469 0.11653285 0.019567143
v 0.06158982 0.116995014 0.016291264
v 0.040828515 0.117646694 0.016535372
v 0.034338247 0.11359136 0.018945746
v 0.03193748 0.11422691 0.017853735
v 0.059911292 0.11797562 0.015236142
v 0.057283305 0.119498 0.008359429
v 0.055689853 0.11950653 0.012768727
v 0.05566877 0.119872585 0.010550549
v -0.0073925704 0.110151276 0.010114119
v 0.051451527 0.120934986 0.010948048
v 0.04948004 0.12045086 0.012559515
v 0.052941468 0.12003921 0.012853091
v 0.025799045 0.099939324 -0.01400626
v 0.054909885 0.11924123 0.015150229
v 0.053495936 0.11826105 0.017307553
v 0.050609075 0.11651988 0.01912913
v 0.046440065 0.11788316 0.016863596
v -0.0073335827 0.091742665 0.01313042
v 0.03111201 0.118396014 0.013895251
v 0.019446079 0.11668616 0.012654369
v 0.026465975 0.11904548 0.0120543325
v 0.031291436 0.12035496 0.010972098
v 0.0131047955 0.119550504 0.00012713019
v 0.016246838 0.12014616 0.0028405127
v 0.036488492 0.12090754 0.011576407
v 0.057852466 0.11847508 0.0027604706
v 0.056956995 0.119120106 0.0044597685
v 0.061483327 0.11734225 0.008331815
v 0.060178917 0.11798082 0.0057270234
v 0.055732876 0.11849532 0.0019205577
v 0.0623371 0.11584956 -3.2528328E-06
v 0.036204807 0.11887512 0.0002235583
v 0.036909834 0.11659266 -0.006432965
v 0.050416104 0.11828474 0.016881468
v 0.05860065 0.11606358 -0.0015365081
v 0.056271434 0.11707744 -0.0006213226
v 0.060681887 0.11485686 -0.002596091
v 0.02276536 0.093379706 0.017155671
v 0.058161028 0.117726356 0.0010859942
v 0.062982485 0.11673811 0.002975028
v 0.017003493 0.119838044 0.00059459935
v 0.018205749 0.1190974 -0.0019410303
v 0.039621722 0.119617574 0.013808839
v 0.017209949 0.11436452 -0.012383229
v 0.06957439 0.101585336 0.026483031
v 0.07772335 0.10743692 0.023074508
v 0.07876728 0.10861066 0.021616263
v 0.08037904 0.106368124 0.022515457
v 0.07979731 0.103925824 0.023830965
v 0.07673083 0.10339793 0.024933103
v 0.073419675 0.103265375 0.026208369
v 0.067386396 0.09983498 0.02577477
v 0.06542946 0.09752928 0.024267828
v 0.07491025 0.105216965 0.025882857
v 0.06430968 0.099667415 0.025905225
v 0.0660084 0.10106025 0.026433708
v 0.029039124 0.08735719 0.00751741
v 0.062226385 0.09463484 0.02109025
v 0.06826849 0.09596355 0.021200772
v 0.04274791 0.099137135 0.02371316
v 0.03170029 0.090451375 0.015143617
v -0.019823363 0.091115594 -0.024568498
v -0.026157599 0.093550384 -0.026332099
v -0.015857026 0.09141869 -0.023619082
v -0.016750777 0.089248635 -0.022978032
v -0.012349266 0.092629984 -0.02290363
v -0.013312964 0.09546197 -0.024131732
v -0.012008341 0.08948463 -0.021730648
v -0.015475078 0.088803194 -0.022343578
v -0.01917339 0.08763021 -0.022947924
v -0.05419796 0.08779254 -0.024336938
v 0.012508199 0.09364075 0.016499108
v 0.04897184 0.09260083 0.019341901
v 0.017581223 0.093652554 0.016867157
v 0.012438256 0.09101535 0.014241623
v -0.00034803338 0.092787765 0.014643526
v -0.0079629 0.08950546 0.011551452
v 0.014169571 0.08852434 0.010673964
v 0.0199647 0.09031958 0.01368717
v 0.079615526 0.09708116 0.016746257
v 0.026259445 0.08782403 0.009867533
v 0.022711873 0.08820182 0.010336803
v 0.024631286 0.087080084 0.0072173025
v 0.02768016 0.08695542 -0.0027420707
v -0.009492446 0.08415641 0.0054125804
v -0.012497916 0.08145624 0.0018551204
v -0.008104791 0.081029415 -0.0007094824
v -0.0032335897 0.09190072 0.013655768
v -0.0028692577 0.09073282 0.01275404
v 0.04491655 0.09105311 0.016163584
v 0.042947557 0.092333354 0.01791461
v 0.03377344 0.087195955 0.007933539
v 0.036770184 0.0883491 0.011120622
v 0.04868279 0.09038539 0.015174206
v -0.07211663 0.02600185 -0.002388243
v 0.053427357 0.09020248 0.013951617
v -0.0739042 0.026596159 -0.0032200608
v 0.067121774 0.09233527 0.0046521095
v 0.06784014 0.09204024 0.011792566
v 0.03771913 0.09216747 0.01777873
v 0.042068835 0.09464655 0.021101214
v 0.06744703 0.09319778 0.015515394
v -0.05062469 0.09832426 -0.013114342
v 0.0072368677 0.09071444 0.01386574
v 0.009243461 0.09228527 0.015536348
v 0.0077054296 0.0887007 0.011181374
v 0.054039206 0.0891483 0.009781792
v 0.043004967 0.08960007 0.013040021
v 0.0325622 0.0931083 0.018934876
v 0.04136513 0.09097032 0.015602719
v -0.05478295 0.09528263 -0.014702711
v 0.049155597 0.096797414 0.02406893
v 0.048875105 0.09520912 0.022636572
v 0.043127507 0.096970215 0.023019576
v 0.05384501 0.0951445 0.022632627
v -0.049582805 0.098509416 -0.015002837
v 0.024170741 0.094649814 0.01889927
v 0.025706083 0.09151318 0.015567152
v 0.056145895 0.093642235 0.02037709
v -0.045440406 0.08871616 -0.026853124
v 0.05314152 0.09158404 0.017215347
v 0.062191073 0.0948088 -0.00034307106
v -0.034956906 0.107421346 0.00065153936
v -0.058738127 0.09587735 -0.0097175
v -0.056616962 0.09763906 -0.0077433
v -0.057087682 0.097110935 -0.0072928825
v -0.043150887 0.10465584 -0.0058497107
v -0.04491468 0.103735745 -0.006406963
v 0.083147466 0.09932049 0.01667591
v -0.030984389 0.1100939 -0.0014344483
v -0.031056207 0.11015843 -0.00354862
v -0.025801003 0.11187962 -0.002077246
v -0.02831593 0.11119537 -0.0028465479
v 0.0848559 0.101850085 0.017767677
v -0.024231702 0.11226959 -0.0050067487
v -0.05702903 0.083022706 -0.026002131
v -0.025956552 0.111449726 -0.0074100955
v -0.05611087 0.08189575 -0.026548583
v 0.084107 0.10636513 0.017963292
v 0.08412996 0.104861796 0.020061716
v 0.08479549 0.10536912 0.0167148
v 0.07801319 0.095933534 0.013366092
v 0.0808353 0.09746349 0.015254147
v 0.083240695 0.100896835 0.020757645
v 0.08440226 0.10206364 0.019436562
v 0.06963426 0.09158652 0.009432824
v -0.034907833 0.108066775 -0.00093009684
v -0.03332215 0.10903636 -0.0025453244
v 0.061384343 0.09004811 0.00949303
v 0.06252682 0.09298754 0.0013192234
v 0.06417118 0.09009712 0.006342102
v 0.06654585 0.09099012 0.008482723
v -0.026893321 0.10609078 0.0059102024
v 0.060419463 0.08937837 0.0062060202
v 0.0480411 0.08888686 0.01124312
v 0.057717178 0.08903402 0.005362053
v 0.05234465 0.08844982 0.006571272
v 0.048031066 0.08811349 0.007573344
v -0.023162339 0.106379576 0.0069754915
v -0.02997146 0.10900165 0.0025552795
v -0.028436566 0.10781113 0.004450977
v 0.05093969 0.0886459 0.0024866462
v 0.045139704 0.0952591 -0.0065079415
v -0.020641627 0.108291 0.006536572
v -0.03014636 0.10602337 0.005144985
v 0.06498073 0.09393221 0.0021068004
v 0.06356852 0.09222485 0.002961815
v 0.03657118 0.08684347 0.0053310576
v -0.03260974 0.09629485 0.008881614
v -0.029557036 0.10424407 0.0063106543
v -0.035897084 0.09832252 0.0074351057
v -0.042321842 0.10170881 0.0038561993
v -0.038417198 0.10096546 0.0057953703
v 0.058596425 0.09448952 -0.0016070859
v 0.048452716 0.08937643 -0.0013704763
v -0.047975473 0.101121806 0.00078588317
v -0.046779674 0.10098182 0.0018097305
v -0.051157728 0.09802499 0.00029289036
v -0.051181354 0.099245846 -0.00094486465
v -0.054842815 0.09733786 -0.0034141212
v -0.052164678 0.09363811 0.0025288197
v -0.051519405 0.09934788 -0.0018864067
v 0.054796856 0.095863946 -0.00359837
v 0.059199296 0.09723271 -0.0027044206
v 0.033447996 0.0868902 -0.0010712709
v 0.055532683 0.098966725 -0.0047252867
v 0.051916093 0.09315914 -0.0034970352
v 0.052260343 0.09093683 -0.0015547022
v -0.039049324 0.10387346 0.0036688584
v 0.0552395 0.09049333 0.00040104368
v -0.042399652 0.105022766 0.0010197464
v -0.043824278 0.10415158 -0.001677424
v 0.045966752 0.119185254 0.014865889
v -0.048451908 0.10275118 -0.0016737694
v -0.04270006 0.10500394 -0.00022422726
v -0.040977888 0.10560748 2.6343885E-06
v -0.034304343 0.10069571 0.00682841
v -0.033709947 0.10406017 0.0051135407
v -0.044218827 0.10434328 0.00037840815
v -0.046961952 0.09224567 0.005398186
v -0.04983653 0.08992817 0.0054427837
v -0.052419256 0.09070355 0.004169547
v 0.022268372 0.10550789 -0.015547811
v 0.059973124 0.09274035 2.1084172E-05
v -0.050478935 0.101431884 -0.0034746735
v -0.05538757 0.09083737 0.0027818044
v 0.058494676 0.09126475 0.00085160683
v -0.056888018 0.092929 -0.00073166407
v -0.05473729 0.09339024 0.00095632067
v -0.05868356 0.09017198 0.00044504702
v -0.056964524 0.09127222 0.0010197456
v -0.064725734 0.09001733 -0.0060683545
v -0.064572245 0.08913134 -0.0039536655
v -0.065835945 0.08814202 -0.004847163
v 0.060479406 0.11658055 0.017878696
v 0.060162287 0.11741432 0.016575215
v -0.064520895 0.08655635 -0.000638853
v -0.06369074 0.08882226 -0.0022038217
v 0.025338644 0.094177924 -0.012088931
v -0.059461996 0.092507035 -0.002892845
v -0.04358604 0.08879431 0.007334432
v -0.057568222 0.08798665 0.003374834
v -0.046999753 0.088538274 0.006575628
v -0.060212754 0.087881185 0.0015655769
v -0.06034821 0.08994317 -0.00020822907
v -0.060783684 0.088320576 0.0005529346
v 0.015527603 0.08437338 -0.0036589897
v -0.05737351 0.09494659 -0.0032960777
v -0.05663879 0.09647318 -0.004771872
v -0.03203453 0.092091426 0.010064462
v 0.038949005 0.106646374 -0.011689372
v -0.031785157 0.09407817 0.009760347
v -0.025698991 0.09023801 0.011345015
v -0.025938459 0.0868914 0.010504113
v -0.019445507 0.08798194 0.010930577
v -0.02437744 0.08949088 0.011211157
v -0.020930776 0.090913504 0.011729103
v -0.02239594 0.092904404 0.01181768
v 0.032675277 0.10611713 -0.013346097
v -0.019167066 0.09399197 0.012350686
v -0.018251073 0.10520858 0.009660025
v -0.015948039 0.0905755 0.012024543
v -0.01706131 0.10347606 0.010833491
v -0.021801457 0.095377214 0.0117911985
v -0.0472855 0.102496296 -0.004443935
v 0.051574595 0.09942697 -0.0060174814
v -0.04597607 0.103219174 -0.0024959694
v -0.04243731 0.104856804 -0.0078020706
v -0.044157214 0.104273506 -0.004095622
v -0.04109545 0.105754435 -0.005269492
v -0.042162046 0.10489984 -0.0028164845
v -0.04444017 0.10367061 -0.009063312
v -0.04805602 0.10020894 -0.01271253
v -0.05951848 0.08893323 -0.018476453
v -0.055145957 0.09442359 -0.017174987
v -0.05684366 0.09657883 -0.0063445736
v -0.05946798 0.09552314 -0.008658225
v -0.059329733 0.09631995 -0.008862327
v -0.058382563 0.09529482 -0.006088959
v -0.059455555 0.093616344 -0.0048514344
v -0.06203026 0.091919065 -0.005679121
v -0.059443172 0.09312058 -0.003935385
v -0.065537795 0.0895781 -0.007922348
v -0.06014946 0.09238145 -0.0041266577
v -0.06325541 0.092218466 -0.008756534
v -0.066789575 0.08770331 -0.00615278
v -0.066665284 0.08766806 -0.008055031
v -0.063372724 0.08750851 -0.013470946
v -0.066566646 0.08577446 -0.011000292
v -0.08342297 0.054709923 -0.0034697438
v -0.08388589 0.042027235 0.0026404518
v -0.08121749 0.06259375 -0.0010700441
v -0.0802579 0.0652341 -0.00139885
v -0.079737246 0.064483024 0.0009737244
v -0.08074639 0.062917024 0.0002371526
v -0.08056268 0.06216352 0.0018132764
v -0.08453435 0.04175974 -0.0008074437
v -0.07734373 0.06768536 0.0018277632
v -0.07859086 0.06571469 0.001870217
v -0.07574864 0.06849276 0.0029419442
v -0.08422778 0.052010294 0.0023745543
v -0.08228177 0.05803835 0.0019603719
v -0.08284507 0.039569996 0.0022250907
v -0.08515375 0.046597138 0.0029166879
v 0.034539327 0.106617756 -0.012937434
v -0.08492561 0.043829426 0.0015741079
v -0.07899166 0.06565021 0.00094442454
v -0.08393196 0.05159817 0.0034897893
v -0.08353736 0.050775766 0.004689734
v -0.084688984 0.05111961 0.0010981814
v -0.0793529 0.030300023 0.0012050257
v -0.0777346 0.0262144 0.0028192992
v -0.07839222 0.027920183 0.002138673
v -0.078680955 0.02842446 0.0001702889
v -0.08094101 0.03646755 0.0026347262
v -0.08098349 0.034011953 -0.002430878
v -0.08239556 0.03672609 -0.0022017378
v -0.07697406 0.03510279 0.005317256
v -0.07982322 0.03694308 0.003954052
v -0.079000615 0.03387515 0.0035828096
v -0.06625926 0.017618086 0.0035578508
v -0.08331754 0.038649276 -0.00081649056
v -0.07997317 0.03169384 -0.0018226621
v 0.042367198 0.101327844 -0.009551282
v -0.08015138 0.03169043 -0.0004635524
v -0.08316915 0.03979533 -0.00534931
v -0.083606906 0.039420765 -0.0027452712
v -0.077125385 0.027024815 -0.0018749152
v -0.077878185 0.028716194 -0.0015439724
v -0.07717793 0.02722305 0.0039866646
v -0.07881956 0.030987242 0.0027941137
v -0.07534245 0.03859013 0.006574502
v -0.06930344 0.07895126 2.2703405E-05
v -0.07455536 0.072351575 0.00016982797
v -0.07317499 0.0734409 0.000732763
v -0.07120799 0.075244375 0.0010611478
v -0.074539974 0.04146185 0.007616538
v -0.07950807 0.062896386 0.0033653853
v -0.07733609 0.06601968 0.0035847165
v -0.077056974 0.07056126 -0.0016972893
v -0.07868765 0.06836407 -0.0028058183
v -0.07699616 0.06932854 0.00016637922
v -0.07310369 0.07513319 -0.0007849033
v -0.07089443 0.078882754 -0.0014863814
v -0.075936176 0.071181454 -0.00038715804
v -0.071968816 0.06873694 0.005519728
v 0.03812502 0.09979125 -0.010535197
v -0.07348432 0.0767253 -0.002921014
v -0.062184162 0.0865221 0.0012486269
v -0.07448731 0.06773423 0.004886736
v -0.059815496 0.08071647 0.0048788995
v -0.06343697 0.07637238 0.005417788
v 0.03046184 0.088398375 0.0107573755
v -0.042792857 0.065997496 0.00032225825
v -0.037536442 0.06854445 -0.00018162276
v -0.043688666 0.0689622 0.004981013
v -0.037244573 0.09134548 0.008337105
v 0.065203585 0.103339486 -0.0027800533
v -0.032203425 0.07208921 0.00085166027
v -0.04026503 0.105176814 0.0017427427
v -0.03164794 0.084017396 0.009648721
v -0.0320645 0.08699202 0.010057629
v -0.053052574 0.08675684 0.0055072457
v 0.07292139 0.10461117 0.025984865
v -0.017591758 0.084302604 0.0081693195
v -0.036115427 0.07110293 0.0024322686
v -0.032017626 0.07396797 0.0035806238
v -0.033336505 0.075749055 0.005901099
v -0.040772542 0.06862146 0.0026910265
v -0.038213838 0.0720981 0.0048856484
v -0.03810933 0.074776426 0.0070506926
v -0.042339966 0.07217454 0.006899066
v -0.06708226 0.08648319 -0.003834136
v -0.03152238 0.07986563 0.008373471
v -0.032976124 0.07033821 -0.0017118729
v -0.054842096 0.05556056 0.005444248
v 0.029509852 0.117633924 -0.0049538906
v -0.02723615 0.08130962 0.008377972
v -0.027394043 0.077299416 0.0049850484
v -0.0599576 0.086654745 0.0026678531
v -0.058868926 0.08435715 0.004214694
v -0.058471818 0.08256045 0.0048341188
v -0.058175772 0.09313627 -0.002304124
v -0.058683973 0.09348375 -0.0034312974
v -0.062386677 0.090169944 -0.0024845614
v 0.048078038 0.10554818 -0.008745801
v -0.062108025 0.088831015 -0.0008783331
v -0.051195778 0.08257273 0.0069341846
v -0.06336151 0.07505214 0.0061543887
v -0.05704113 0.07770788 0.00682105
v -0.058882665 0.09150764 -0.0011941629
v 0.036309384 0.10611129 -0.012739663
v -0.059503853 0.078184865 0.005987085
v -0.05584573 0.08556749 0.0048872
v -0.056404643 0.08191949 0.005717348
v -0.060434423 0.07406871 0.0075339708
v 0.039685644 0.110345155 -0.011520987
v -0.05545097 0.08804979 0.0042491825
v -0.05669511 0.05388822 0.0068755704
v 0.010458703 0.105341464 -0.019161051
v -0.0668221 0.06102216 0.01038687
v 0.04896271 0.09135845 -0.0031455953
v -0.0644736 0.0603824 0.010756249
v -0.07271598 0.037831653 0.00722828
v -0.063325725 0.089938134 -0.003414188
v -0.061670255 0.076140225 0.006089407
v -0.0449945 0.06322068 -0.0013570802
v -0.07070938 0.070175104 0.0053462083
v -0.0572039 0.057472315 0.008660634
v -0.047881894 0.06654776 0.005744867
v -0.045618813 0.06599558 0.0034496712
v -0.045730177 0.072776444 0.008309585
v -0.049986087 0.068573795 0.008372651
v -0.049817163 0.0862108 0.006394796
v -0.029926872 0.08250047 0.009218265
v -0.022294478 0.080971695 0.006607447
v -0.025437938 0.09294466 0.011401528
v -0.022505425 0.08368646 0.008582908
v 0.06690978 0.115053564 0.019109176
v -0.022815187 0.0855046 0.009901965
v -0.025959123 0.08382338 0.009439106
v -0.034790687 0.0832601 0.009451782
v -0.03487515 0.08041908 0.00885832
v -0.042248342 0.076689914 0.008971923
v -0.055936877 0.07563429 0.0077322824
v 0.07111294 0.11265498 0.002946817
v -0.05011668 0.0709545 0.00867529
v -0.053225815 0.0750338 0.008193689
v -0.057079222 0.07197068 0.008793279
v 0.07498456 0.113032416 0.014846859
v 0.07340739 0.11322208 0.013627466
v -0.02914174 0.0910402 0.010873083
v -0.032954868 0.089690514 0.009964044
v -0.05086835 0.074664995 0.008345319
v -0.05777409 0.06760658 0.00957904
v -0.053293623 0.071180224 0.0091057895
v -0.049890306 0.07323374 0.008591661
v -0.05815268 0.064230815 0.010149302
v -0.04786044 0.076583005 0.0084499465
v -0.04773597 0.08071956 0.008202213
v -0.037603993 0.077069126 0.008428204
v -0.040827125 0.07518457 0.008336754
v -0.041039605 0.08002953 0.009363058
v -0.039062444 0.078444466 0.009087904
v -0.0611198 0.0583752 0.01097472
v -0.054441955 0.066537604 0.009228758
v -0.06665423 0.043788858 0.009871474
v -0.059084717 0.052749567 0.0084711965
v -0.06773829 0.037123263 0.008709705
v -0.06857214 0.04091 0.009077103
v -0.07206635 0.040730517 0.008130868
v -0.06899963 0.045359146 0.009858601
v -0.07401595 0.045518182 0.008774336
v -0.029540062 0.078650214 0.0071190237
v 0.024492593 0.11123397 -0.01398749
v -0.06681835 0.05111594 0.0108167315
v -0.07088063 0.036923334 0.007867959
v -0.044750337 0.07671909 0.008934597
v -0.06351754 0.058327865 0.011127469
v -0.07278642 0.0787184 -0.004274136
v -0.070098706 0.05314991 0.010294686
v -0.06637332 0.056449763 0.011061455
v -0.070618786 0.04872557 0.00986405
v -0.071137585 0.059342206 0.009596683
v -0.045170493 0.10205522 0.0022040354
v -0.07482947 0.055939432 0.008648108
v -0.03773402 0.06585887 -0.012366578
v -0.07280816 0.06665902 0.0064343284
v -0.07239689 0.03238574 -0.007012208
v 0.07148374 0.09221252 0.007947626
v -0.0599469 0.061996143 0.010384669
v -0.07745098 0.054558124 0.0077253026
v -0.06906083 0.05728133 0.010441338
v -0.07987258 0.052874673 0.0068981405
v -0.08147678 0.060641356 0.0006502212
v -0.08023947 0.056513432 0.006102387
v -0.07747235 0.05679249 0.007536005
v -0.07160206 0.05570028 0.009783442
v -0.08140906 0.048853558 0.0067305095
v -0.0818251 0.04568751 0.0061952206
v -0.0823899 0.05086439 0.005786537
v -0.07869914 0.06725873 -3.6628666E-05
v -0.08436987 0.04410718 0.0038146856
v -0.082059234 0.040512018 0.0040997723
v -0.06850408 0.06352001 0.0094138235
v -0.070701644 0.06551941 0.007941712
v -0.07192493 0.062072016 0.008790757
v -0.07441599 0.06419132 0.0068534142
v -0.07408058 0.062279113 0.007901204
v -0.07718626 0.060624074 0.0069938456
v -0.07482349 0.06556994 0.0059700403
v -0.075323515 0.06567115 -0.018889936
v -0.08392083 0.04746127 0.005253097
v -0.07388508 0.035429258 0.006677911
v -0.07886022 0.039003238 0.005472844
v -0.0805829 0.060157392 0.0040403795
v -0.079776004 0.03370274 0.0024850578
v -0.08283396 0.04400667 0.0051146094
v -0.08460149 0.049092993 0.0034138788
v -0.08092097 0.042618044 0.0058005666
v 0.04976047 0.095896214 -0.0054052183
v 0.047856703 0.093383014 -0.0047601396
v -0.07653028 0.018680168 0.005534339
v 0.044116873 0.09259152 -0.005445198
v -0.07565984 0.010417769 0.008777696
v -0.0764816 0.012146624 0.0063893367
v -0.073631264 0.004537585 0.010545463
v -0.073624924 0.0037387211 0.008327799
v -0.074542895 0.0073084813 0.010485893
v -0.07453741 0.0061486196 0.009131936
v -0.07417915 0.0049915276 0.008904227
v -0.07560694 0.008096745 0.007576996
v -0.06647302 0.027148332 0.006924863
v -0.065938964 0.024169859 0.0063912533
v -0.005619573 0.08745584 -0.018234942
v 0.023864621 0.089802966 -0.009480916
v -0.07721497 0.02569886 -0.00025417158
v -0.076986864 0.020376068 -0.0009848424
v -0.07698692 0.017970644 0.002168271
v -0.07712245 0.020704886 0.00037318215
v -0.07683884 0.023375874 -0.0002463323
v -0.07693129 0.022524716 -0.00095800206
v -0.07662258 0.017132338 0.004465661
v -0.076901495 0.024679253 -0.001437226
v -0.07635996 0.02088384 0.0055364603
v -0.07681215 0.022343272 0.0041463003
v -0.076863796 0.019867977 0.0037467924
v 0.04589371 0.09624007 0.022973541
v -0.0766992 0.012906641 0.0040909536
v -0.07638981 0.016726982 0.0062794844
v -0.07662463 0.013926582 0.00045641247
v -0.076961435 0.01435131 0.001656158
v -0.07655031 0.010097189 0.002622452
v -0.08051657 0.033702303 0.0012459947
v 0.0073452047 0.08375662 -0.0077414336
v -0.06643097 0.035466477 -0.008019184
v -0.07012794 0.03326171 -0.0077221375
v -0.016432308 0.077059075 -0.009353828
v -0.06771145 0.03310691 -0.0064571416
v -0.076849714 0.026465705 -0.002655161
v -0.0020023466 0.087693594 -0.01671078
v -0.08082541 0.047373503 -0.01235146
v -0.07045711 0.04287076 -0.015918454
v -0.078794025 0.038698036 -0.010634048
v -0.07734478 0.03721983 -0.010603787
v -0.07571331 0.035438742 -0.009529098
v -0.08189256 0.04514173 -0.010269789
v 0.0004949579 0.090672515 -0.017446889
v -0.075146906 0.06846184 -0.017859563
v -0.07084793 0.035170853 -0.009893966
v -0.068277285 0.036446873 -0.010146819
v -0.078737594 0.032521553 -0.0051433668
v -0.081927665 0.03942851 -0.0075284354
v -0.08330565 0.04446316 -0.007612994
v -0.080604106 0.0506587 -0.012915371
v -0.078929275 0.04859492 -0.014857703
v -0.07311197 0.039797314 -0.014044357
v -0.07514882 0.041082975 -0.014488589
v -0.081244215 0.04152308 -0.009875919
v -0.078997634 0.044647917 -0.013836143
v -0.08125925 0.037065092 -0.0065134014
v 0.011898945 0.08482442 -0.007866271
v -0.08214463 0.036755785 -0.004015399
v -0.082584724 0.043351423 -0.008673466
v -0.045635954 0.061750267 -0.014253658
v -0.08260315 0.046165757 -0.0093021635
v -0.079147294 0.06659112 -0.009353402
v -0.079736546 0.063976854 -0.011314159
v -0.07952847 0.06653763 -0.0068618874
v 0.038482938 0.087279625 0.0074445573
v -0.07527305 0.038189147 -0.012202864
v -0.08048494 0.058551583 -0.0129708415
v -0.07837766 0.0664844 -0.013234632
v -0.07981599 0.057963196 -0.014438957
v -0.079354525 0.05181181 -0.014733388
v -0.08044133 0.05423306 -0.013267391
v -0.041129094 0.06434555 -0.007401153
v -0.07849149 0.06734439 -0.011441716
v -0.078488596 0.064903155 -0.014576865
v -0.07744454 0.069703735 -0.011301113
v -0.07985263 0.06193766 -0.013023635
v 0.03031293 0.08684296 -0.0008647316
v -0.07660553 0.068103015 -0.015793713
v -0.0774236 0.06874334 -0.01353818
v -0.07916375 0.060523774 -0.015483677
v -0.076356225 0.07121588 -0.01277836
v 0.013924876 0.091839455 -0.014213146
v -0.07531957 0.07257794 -0.014039196
v -0.0755083 0.07327375 -0.012055981
v -0.076845765 0.07162963 -0.010247584
v -0.07838626 0.0688442 -0.007996669
v -0.07725062 0.070794225 -0.0038081445
v -0.015915774 0.11427995 -0.0013536068
v -0.01824194 0.11347645 -0.0023285924
v -0.077609375 0.07056945 -0.0052898107
v -0.07863821 0.06867242 -0.0056160646
v 0.030673051 0.08843478 -0.004987585
v -0.07580348 0.073408626 -0.010238951
v 0.033548493 0.08660832 0.0003501924
v -0.07058654 0.081356496 -0.008327454
v -0.071206115 0.08078593 -0.0061912993
v -0.07470719 0.07516791 -0.010338086
v -0.06991634 0.08275777 -0.005305711
v -0.068476446 0.085192926 -0.0051499736
v -0.07283787 0.076845706 -0.012566444
v -0.07116016 0.081125945 -0.004940812
v -0.068267904 0.085327804 -0.00712854
v -0.07257647 0.07916256 -0.0053535826
v -0.07275703 0.07897496 -0.006532653
v -0.07186232 0.08002851 -0.0047194143
v -0.06811394 0.0846704 -0.009005033
v -0.059013553 0.049126387 0.0063913013
v -0.0063930694 0.08422308 -0.016205106
v -0.068831846 0.08257963 -0.0103331795
v -0.003972898 0.08343409 -0.013941591
v -0.06917513 0.080177225 -0.014991677
v -0.06777803 0.08163225 -0.014848779
v 0.019073864 0.08486342 -0.0010943185
v -0.05310892 0.08445186 -0.026967444
v -0.05279055 0.08242794 -0.026973294
v -0.07182196 0.07976484 -0.007904846
v -0.06813185 0.08236562 -0.012116722
v -0.06943602 0.08096124 -0.012688745
v -0.069112755 0.07881549 -0.016727317
v -0.07280416 0.077645525 -0.010643465
v 0.012807472 0.08382741 -0.0015029802
v -0.07032245 0.07847154 -0.014680094
v 0.009213892 0.08395136 0.00067713007
v -0.00828853 0.07941196 -0.007614749
v -0.008339848 0.07947771 -0.009511567
v 0.017686894 0.08472907 0.0018548615
v -0.010356533 0.078600645 -0.008665945
v -0.06617918 0.084747635 -0.012748962
v -0.06524859 0.08542463 -0.013436221
v 0.0061023827 0.08526409 -0.0108159855
v 0.00992992 0.08536156 0.0039008197
v -0.015691122 0.07889847 -0.00095335464
v -0.024025839 0.074736364 -0.0033011276
v 0.04807051 0.087971926 0.002664722
v -0.015425262 0.07771462 -0.0056734136
v -0.029055428 0.071314014 -0.006534047
v -0.030605966 0.0712062 -0.002682882
v -0.07278106 0.04993249 0.009337736
v -0.047258537 0.060726587 -0.0026911902
v -0.026023077 0.073633164 -0.003315982
v -0.0420241 0.06421956 -0.0058723153
v -0.04425208 0.06273797 -0.0043999758
v 0.048258644 0.08821836 0.0008827049
v -0.07523987 0.075118914 -0.0071832268
v -0.004000823 0.082569465 0.0017051243
v -0.076345444 0.04927762 0.008455496
v 0.04447166 0.08731669 0.0013843745
v -0.06303511 0.035596814 -0.0039681573
v -0.06420562 0.03377515 -0.0034259127
v -0.07925872 0.03668734 -0.008562184
v -0.07722285 0.040181965 -0.012882539
v -0.07801774 0.04216625 -0.013459916
v -0.07758471 0.034240726 -0.0075428733
v -0.013759307 0.0777697 -0.008119217
v -0.018704915 0.076776884 -0.008835616
v -0.059431124 0.043456074 -0.009177591
v -0.07795182 0.07017001 -0.0065516727
v -0.039774057 0.09006835 -0.027146185
v -0.053971257 0.0537835 -0.015561545
v -0.05479226 0.05078454 -0.013423077
v -0.052827038 0.05270801 -0.012749348
v -0.06612995 0.039624467 -0.011749957
v -0.057445876 0.047180414 -0.012017855
v -0.05723826 0.045585245 -0.008884075
v -0.059196148 0.048219156 -0.014725072
v -0.06040539 0.045744766 -0.013403843
v -0.05050798 0.05842476 -0.015272065
v -0.05216264 0.055693414 -0.014734986
v -0.043484822 0.062422555 -0.0076881694
v -0.041097548 0.065241545 -0.0029414068
v 0.022388712 0.08565465 0.0031991405
v -0.020542607 0.0760963 -0.003805267
v -0.020036848 0.07628178 -0.005624175
v 0.027255151 0.08644877 0.0016547822
v 0.024777314 0.08614779 -0.000988857
v 0.042536743 0.08789972 0.0090878755
v -0.07134658 0.016710648 0.0003569096
v -0.027302498 0.07219012 -0.009572241
v -0.020861072 0.0761647 -0.0073989592
v -0.03279897 0.06912223 -0.006714988
v -0.028846646 0.07279421 -0.015404294
v -0.031179752 0.069610365 -0.009136174
v -0.021319598 0.07576833 -0.009317782
v -0.035168745 0.06782012 -0.005875508
v -0.003532248 0.080910936 -0.005701396
v -0.00015637635 0.08170552 -0.004201225
v -0.032264005 0.06984037 -0.013987448
v -0.06418416 0.049888015 -0.018089613
v -0.06276954 0.05417966 -0.020080032
v -0.060883325 0.052682552 -0.018676588
v -0.060859594 0.050562866 -0.01742759
v -0.06089975 0.048730165 -0.016040297
v -0.049499758 0.058589227 -0.013278902
v -0.05780763 0.061323583 0.009818961
v -0.02494075 0.074312665 -0.004920755
v -0.071715705 0.076859236 -0.015085454
v -0.07330755 0.07769872 -0.008123115
v -0.042064715 0.07593635 -0.023637213
v -0.043040324 0.072252266 -0.022232627
v -0.07648812 0.02368443 0.004986718
v -0.03851079 0.07545598 -0.022120122
v 0.048857294 0.08806839 0.004429368
v 0.042434618 0.08701103 0.0046493397
v -0.05442139 0.049654994 -0.011330338
v -0.054905962 0.07669846 -0.026151802
v -0.055724874 0.07423815 -0.025785286
v -0.053663414 0.062861905 -0.02126955
v -0.053442255 0.079434864 -0.026662482
v 0.02183521 0.085565634 -0.0025167756
v 0.0398235 0.08671965 0.000780726
v -0.043144774 0.06255891 -0.013699371
v -0.03809522 0.078575306 -0.023537396
v -0.056114428 0.07840991 -0.026201606
v -0.043381654 0.07917785 -0.02517519
v -0.047628514 0.07431823 -0.02450435
v -0.03707691 0.070766486 -0.018542234
v 0.030370232 0.08759139 -0.0032668044
v -0.043389533 0.06644952 -0.018635714
v -0.04669448 0.06729403 -0.020645367
v -0.03888864 0.07251831 -0.020559672
v -0.038541023 0.067213885 -0.016558392
v -0.055482816 0.047582977 -0.009732141
v -0.022963556 0.08168986 -0.020859437
v -0.022637432 0.08401402 -0.022267964
v -0.031682394 0.08368765 -0.024358619
v -0.033815946 0.0869659 -0.02595862
v -0.035428576 0.08417392 -0.02537802
v -0.028429152 0.08134376 -0.022631664
v -0.045331813 0.061302643 -0.012283791
v -0.0335733 0.07809366 -0.021865759
v -0.02330142 0.08917187 -0.02458985
v -0.018022275 0.07789517 -0.0020559884
v -0.020353954 0.07809166 0.0002642014
v 0.010051376 0.08769117 0.00869189
v 0.0100103 0.08690673 0.006439685
v -0.025595805 0.0852873 -0.02362556
v -0.047509827 0.077349514 -0.025551083
v 0.009811685 0.09101744 -0.014699718
v 0.011119598 0.08978888 -0.013547102
v -0.0091081485 0.08146917 -0.01482955
v 0.027560672 0.0866844 0.0044675
v -0.015355642 0.081505924 -0.017629342
v -0.038569637 0.084594704 -0.025993196
v -0.03755232 0.08171214 -0.024781462
v -0.018478608 0.08409182 -0.02080781
v -0.033932425 0.08068019 -0.023415213
v -0.028299518 0.08747538 -0.02514661
v -0.06066472 0.039596125 -0.0030504456
v 0.04583359 0.087449916 0.0032846637
v -0.011414792 0.08253095 -0.017032214
v 0.03237304 0.08676655 0.0050287014
v -0.042911336 0.08494757 -0.026747331
v 0.0360177 0.0865897 0.0024237211
v -0.045639705 0.08230543 -0.026489181
v -0.04758704 0.07943727 -0.02619483
v -0.0576695 0.080312386 -0.02598845
v -0.05943612 0.08114017 -0.025189146
v 0.046551827 0.09023673 -0.0030740218
v -0.05772319 0.07541045 -0.025913741
v -0.060925283 0.07831901 -0.025107965
v -0.0620833 0.08045671 -0.023982162
v -0.061615903 0.06851745 0.009246941
v 0.008467501 0.085379764 -0.01014592
v -0.04988677 0.08145258 -0.026837362
v -0.019878019 0.07714605 -0.0022779265
v -0.06150505 0.084432386 -0.02134017
v 0.0024787453 0.082470834 -0.006149721
v -0.057292983 0.08725269 -0.022750005
v -0.062095504 0.08273576 -0.022736507
v -0.07477069 0.022349566 -0.0019368815
v -0.059486635 0.08503556 -0.022984527
v -0.064408064 0.084821 -0.015755048
v -0.06654249 0.08069018 -0.019572368
v 0.027869035 0.08761423 -0.004312634
v 0.037254043 0.08989013 -0.005455996
v -0.064713076 0.083069965 -0.019116184
v 0.046368033 0.09152455 -0.0041818847
v 0.027643828 0.08927959 -0.0072880886
v -0.07031803 0.07652321 -0.017136388
v 0.012836304 0.086162545 -0.009732672
v -0.06459795 0.081365116 -0.021403745
v -0.0632357 0.07780582 -0.023963293
v -0.065106 0.07598808 -0.023041284
v -0.0643728 0.07840042 -0.023000177
v -0.06562588 0.0783354 -0.022005659
v -0.064733155 0.08375721 -0.017338945
v 0.014136041 0.08966962 -0.012618961
v -0.06580909 0.076696515 -0.022313885
v -0.06869667 0.07769592 -0.018763123
v -0.078395985 0.06320966 -0.01604317
v -0.06581183 0.032245036 -0.0039586374
v -0.07781631 0.07006996 -0.0094477385
v 0.025835136 0.08780798 -0.006044749
v -0.07273231 0.06921133 -0.019648805
v -0.06327144 0.08574047 -0.017583005
v -0.06644366 0.029851824 -0.0020685762
v 0.021139955 0.08644472 -0.006479954
v 0.011037497 0.093779124 -0.01592489
v -0.06928197 0.07310281 -0.020730672
v 0.005479611 0.08316614 -0.0043910095
v -0.06976802 0.06511514 -0.022437638
v -0.05194319 0.05325691 -0.010171298
v 0.008147259 0.083342955 -0.0024354965
v -0.06740135 0.07811106 -0.020123774
v -0.07035243 0.06914166 -0.021500563
v -0.06276793 0.068743914 -0.024548315
v -0.05882141 0.07195546 -0.025326414
v -0.049664326 0.063016474 -0.019074682
v -0.050679322 0.06452939 -0.020644514
v 0.004056466 0.0844923 -0.010333367
v -0.048263285 0.07011014 -0.022845615
v -0.021650247 0.07667281 -0.0146944
v -0.06538493 0.0691738 -0.023969766
v -0.06339397 0.06488948 -0.023760248
v 0.0037037432 0.08313188 -0.00807425
v 0.0054164366 0.08314842 -0.0062663145
v -0.06848791 0.076179884 -0.02008618
v -0.0699982 0.07501414 -0.018911013
v -0.06677077 0.07484855 -0.022128437
v -0.06701029 0.076630324 -0.021156019
v -0.06685672 0.0008830645 0.009136029
v -0.0054487744 0.0800645 -0.007715248
v -0.07628924 0.072986394 -0.00826244
v -0.0014500172 0.08540779 -0.014525189
v -0.06307643 0.08651282 -0.016090088
v -0.07344656 0.07097701 -0.017880665
v -0.07158753 0.07265184 -0.018785655
v -0.040561393 0.06755675 -0.01806977
v -0.040952478 0.06430763 -0.015088361
v 0.006831594 0.09150516 -0.015629264
v -0.035605527 0.06747733 -0.008501191
v -0.07756331 0.0671471 -0.014419215
v -0.05951169 0.08305551 -0.024419477
v -0.07330504 0.0656618 -0.020521628
v -0.06746001 0.006639115 0.0055207014
v -0.07766756 0.06200257 -0.017521001
v -0.07559185 0.06217227 -0.019626219
v 0.0037272605 0.092308976 -0.016980086
v -0.077028506 0.06563727 -0.017045556
v -0.078287564 0.068534024 -0.009853784
v -0.030909346 0.07007625 -0.011628012
v -0.03369981 0.06854046 -0.011174961
v -0.002834825 0.09078483 -0.018974973
v -0.08100325 0.059669517 -0.010791866
v -0.00083474367 0.08375737 -0.012222214
v -0.077269144 0.049049836 -0.016574614
v -0.06447705 0.035390664 -0.006303976
v -0.07067107 0.038232118 -0.012592886
v -0.06809075 0.040749997 -0.013781832
v -0.05830761 0.050765425 -0.016310433
v -0.07156514 0.07791739 -0.013516845
v -0.071186 0.07976904 -0.010004037
v -0.07164677 0.033856347 -0.008673451
v -0.05482944 0.0590845 -0.019562539
v -0.055377766 0.055450685 -0.017882288
v -0.077954054 0.053904615 -0.01668959
v 0.00215894 0.08560377 -0.012821226
v -0.0733447 0.04961945 -0.018864319
v -0.061821938 0.09320113 -0.010437731
v -0.07036141 0.04811273 -0.018680803
v -0.06784297 0.046787832 -0.017674431
v -0.07526553 0.050156463 -0.01819236
v -0.06768985 0.066756316 -0.023124961
v -0.06832061 0.068334304 -0.022831425
v -0.07308481 0.062278427 -0.02128026
v -0.071127854 0.06591797 -0.021758279
v 0.0059197196 0.086452864 -0.0121353315
v -0.060697988 0.064223304 -0.023562025
v -0.072096705 0.059954982 -0.021736503
v -0.009944901 0.08577197 -0.018918531
v -0.07399294 0.05912714 -0.020851785
v -0.06709919 0.06478802 -0.023239044
v -0.0072358004 0.08993467 -0.02013803
v -0.005883783 0.08140192 -0.012570192
v -0.03647828 0.06774663 -0.003400269
v -0.0063555 0.08255097 -0.01424606
v 0.0154385455 0.09467333 -0.015479169
v 0.013375329 0.0963212 -0.016540535
v 0.04956311 0.11833824 -3.202811E-05
v 0.047661997 0.11744124 -0.0022747694
v 0.017091395 0.09103641 -0.012620271
v -0.025279911 0.07457751 -0.0016281271
v -0.025957365 0.075848185 0.0013045808
v 0.054877624 0.08891292 0.004086862
v -0.0054271994 0.08447407 0.004676681
v -0.0045089545 0.088619046 0.010876861
v -0.014496989 0.079972714 -0.015889063
v 0.007816285 0.088986225 -0.013762517
v 0.0028284064 0.08844017 -0.01499807
v 0.05803506 0.101011045 -0.004610538
v -0.069217496 0.060898982 -0.022563426
v 0.054233138 0.10209876 -0.0063140746
v 0.010651962 0.09625842 -0.016968474
v 0.009080029 0.09744319 -0.0175321
v -0.0666236 0.0026426567 0.0124875605
v -0.068379715 0.0028018402 0.013358677
v -0.06704818 0.0014054538 0.011203022
v 0.06664915 0.09061601 0.0067550302
v 0.06653972 0.09065492 0.0055944603
v 0.06430608 0.090751626 0.004306
v 0.06195905 0.08978819 0.0046681752
v 0.04074302 0.09714313 -0.008849448
v 0.04634352 0.09902788 -0.0075137694
v 0.011044489 0.08767168 -0.011841501
v 0.05729629 0.089882046 0.0022834882
v -0.07046142 0.062466804 -0.022372464
v 0.07549886 0.09417589 0.010977613
v 0.01614515 0.08666492 0.0073244334
v -0.072517425 0.07486453 -0.015643194
v 0.014042465 0.08507866 0.0033685828
v 0.012704844 0.08651031 0.0056234472
v -0.0758723 0.008028957 0.00545232
v -0.07527666 0.0068000224 0.0041977647
v -0.0054078326 0.09215796 0.0135711245
v -0.074721396 0.0061258487 0.007043073
v 0.024257755 0.08651286 -0.0039225384
v -0.07909519 0.030348977 -0.0013262142
v -0.019210713 0.08579223 0.009659227
v 0.0044266325 0.09476539 -0.0178736
v 0.010825728 0.10318657 -0.018921675
v 0.026189458 0.08941363 0.0127552105
v 0.075423114 0.10959787 0.021775676
v 0.0446954 0.11571712 0.019152036
v -0.025401238 0.10336169 0.007908395
v 0.054632496 0.08943411 0.0018046601
v 0.031288046 0.11607313 0.016374689
v 0.03618976 0.091575466 -0.00722815
v 0.01087983 0.10095255 -0.018476062
v 0.009072794 0.09922903 -0.018234555
v 0.063139334 0.116665676 0.016849095
v 0.007275487 0.09472699 -0.017170649
v -0.0054369858 0.09361346 0.013556322
v 0.005609013 0.0971631 -0.018321056
v 0.06220363 0.11685366 0.010115908
v 0.059457827 0.11809484 0.011704083
v 0.031158103 0.08666145 0.002021685
v 0.03597574 0.11477128 0.018542996
v 0.059728168 0.11794714 0.0031464025
v 0.053540424 0.119871005 0.0038189616
v 0.029498525 0.1198343 0.011533795
v 0.04431907 0.11937222 0.014288715
v 0.0452032 0.11964851 0.013411024
v -0.08395346 0.04068758 0.0009945413
v 0.057328563 0.119260795 0.006411527
v 0.054172702 0.115522556 -0.0035486831
v -0.0045481673 0.09300195 -0.020540731
v 0.052842222 0.11482061 0.021098586
v -0.029239018 0.09028042 -0.026192572
v -0.033129197 0.09088386 -0.026728682
v -0.06414546 0.086189374 -0.014342037
v -0.06501371 0.086439945 -0.012789185
v -0.05994412 0.08688618 -0.020576103
v -0.057085223 0.08519781 -0.024667678
v -0.04393837 0.090931945 -0.02666446
v -0.04461242 0.092679575 -0.02544219
v -0.04816193 0.100723796 -0.010363236
v -0.014575584 0.08655611 -0.020927737
v -0.034874927 0.09334554 0.00888469
v -0.0772906 0.07094865 -0.008107665
v -0.07304923 0.03549784 -0.01023664
v -0.064867295 0.031493764 -0.0014977526
v -0.063126795 0.034408864 -0.0017453344
v -0.07071798 0.057564147 -0.021834336
v 0.06719812 0.11443657 0.015245392
v -0.0694383 0.054935537 -0.021198882
v -0.06612863 0.05526553 -0.021009209
v -0.041908313 0.10514092 -0.001201353
v -0.010707562 0.0787641 -0.0062797177
v -0.033284802 0.10780955 0.0018558608
v -0.033907533 0.107762925 0.0009195534
v -0.03216609 0.09922033 0.008137327
v -0.0337133 0.10846098 0.00039549582
v -0.052882947 0.051101875 -0.010324132
v -0.031779375 0.107014544 0.0039508813
v -0.046466418 0.06379446 -0.01779798
v -0.058410197 0.08920656 0.0020460612
v -0.065614864 0.08450565 -0.014235225
v -0.051174268 0.100554295 -0.0047776015
v -0.049564373 0.10113839 -0.0052873655
v -0.021786753 0.07875563 0.0038435063
v -0.019037278 0.08067766 0.0050579077
v -0.057837427 0.091322795 -0.00019801824
v -0.066031024 0.032979287 0.0071409903
v -0.06824028 0.028606122 0.0077250376
v -0.05604527 0.09762868 -0.006400364
v -0.0558662 0.097376294 -0.005217754
v -0.06678473 0.011692924 0.004647721
v -0.06616755 0.010584279 0.005600229
v -0.06697397 0.086604215 -0.009106768
v -0.06791341 0.030170877 -0.0038048525
v -0.07784366 0.025373422 0.001655933
v -0.076490074 0.012442505 0.00090648717
v -0.08042637 0.034373723 -0.0046180952
v -0.07725898 0.023062177 0.0009687432
v -0.079387344 0.031452946 -0.002974736
v -0.076922774 0.06388876 0.0054481365
v -0.06303104 0.048274014 -0.016669996
v -0.055005603 0.048740488 -0.003570841
v -0.07020955 0.0125566125 0.0022635674
v -0.054834075 0.05025378 -0.0010421466
v -0.079275474 0.06191631 -0.014507872
v -0.05032506 0.09890926 -0.011105731
v -0.07285944 0.02759153 -0.0033087058
v -0.060232557 0.041163366 -0.0061357794
v -0.058705002 0.04348103 -0.0073468117
v -0.06940716 0.08288923 -0.007853024
v -0.04449498 0.08010834 0.009210955
v -0.07657977 0.010908282 0.00501818
v -0.076925986 0.052594926 0.0081461575
v -0.07459057 0.059503883 0.008398097
v -0.07385658 0.05271319 0.00917921
v -0.07016517 0.06860987 0.0064467136
v -0.043498524 0.0631227 -0.015219169
v -0.04540621 0.0628603 -0.015968481
v -0.042594645 0.06479104 -0.016915862
v -0.068630226 0.071256794 0.005475374
v -0.08042807 0.038983427 -0.009220337
v -0.077885225 0.042472925 0.007010642
v -0.07905686 0.05014882 0.007600488
v -0.0031734426 0.0929804 0.014097505
v 0.012762411 0.095511556 0.017760737
v -0.07723736 0.024472587 0.0034229418
v -0.06725067 0.016186912 0.011290261
v -0.06621473 0.013333693 0.011824777
v -0.06596409 0.016856743 0.009539034
v 0.010949159 0.09663903 0.017815335
v -0.07707577 0.022704508 0.0026514945
v -0.08002849 0.04411606 0.006626493
v -0.07894961 0.046434708 0.007513778
v -0.076606154 0.014720699 0.0053066467
v -0.07602677 0.01454539 0.007494053
v -0.07611326 0.012527417 0.007946643
v -0.06983961 0.010094802 0.00294596
v -0.073147215 0.023671076 -0.001905737
v -0.07956142 0.034944057 -0.00657812
v -0.071865596 0.021309773 -0.0009031359
v -0.07424304 0.05082459 -0.018893791
v -0.07621363 0.010275144 0.0066507966
v -0.06531156 0.027978033 0.0019552088
v -0.076398276 0.009510564 0.005496286
v -0.07717213 0.017852752 0.00028993314
v -0.06573636 0.0024661855 0.010033249
v -0.07735312 0.020873666 0.0020034888
v -0.0733616 0.056660548 -0.020858599
v -0.07680545 0.015079077 0.0033607378
v 0.0668817 0.114627026 0.013795522
v -0.067990765 0.016462186 0.012104455
v 0.06608079 0.115403935 0.015055363
v 0.065550625 0.115505844 0.013419905
v -0.07357933 0.044230238 -0.016622782
v -0.077941984 0.051214397 -0.016278135
v -0.07649818 0.053128805 -0.017998314
v -0.065923505 0.022140719 0.0040992415
v -0.06576255 0.020389725 0.006332456
v -0.07205579 0.0540906 -0.020545814
v -0.076569326 0.07275196 -0.005504592
v -0.08121045 0.044170406 -0.011056239
v 0.03590247 0.08678876 -0.0004622095
v -0.0733907 0.0072204755 0.002603432
v -0.07380224 0.005879341 0.0029028372
v -0.0753326 0.05658258 -0.019782899
v -0.0788077 0.05519146 -0.015833087
v -0.06730502 0.058665566 -0.022288382
v -0.065534756 0.010171414 0.0071336795
v -0.06549301 0.007765436 0.007187164
v -0.0669577 0.08157358 -0.016914513
v -0.07197123 0.005566941 0.0033280004
v -0.06623129 0.062208742 -0.022991696
v -0.052240033 0.05844025 -0.017520333
v -0.06741678 0.08367451 -0.011947856
v -0.07433831 0.053061284 -0.019490676
v -0.018783337 0.07716128 -0.006768769
v 0.08127779 0.098231055 0.013821962
v -0.0676053 0.009340036 0.0045126406
v -0.016680963 0.077698536 -0.007298791
v -0.058054868 0.05314993 -0.017808402
v -0.056178592 0.052731156 -0.016526345
v -0.07462195 0.009301544 0.01102182
v -0.073628746 0.010229754 0.011948852
v -0.06723829 0.08276628 -0.013400424
v -0.062358916 0.040102888 -0.008493319
v -0.06380095 0.041184958 -0.011381458
v -0.07013586 0.01904586 0.0110310605
v -0.07638757 0.015980817 -0.0002946524
v -0.07673954 0.018233508 -0.0007780961
v -0.0789705 0.05812791 -0.016045067
v -0.07923025 0.04093269 -0.011843855
v -0.033748467 0.07054987 -0.016495585
v 0.03175789 0.095023245 0.021020427
v -0.031808235 0.07400444 -0.018621407
v -0.069654 5.2308562E-05 0.009462839
v -0.029394455 0.073930435 -0.01734086
v 0.019389145 0.087046646 -0.008256173
v -0.056335453 0.050618075 -0.014856175
v 0.072824076 0.09480209 0.00719265
v -0.07087794 0.051540624 -0.019979166
v -0.04159551 0.0826432 -0.026015101
v -0.07572031 0.07073433 -0.014954783
v -0.038954664 0.065917425 -0.0062180725
v -0.04794829 0.06095183 -0.015291206
v 0.03360079 0.087536275 -0.0025305008
v -0.07564639 0.025205825 0.0058679227
v -0.066186026 0.083138354 -0.015524969
v -0.073719785 0.072734326 -0.016084267
v -0.0750468 0.07029757 -0.016674839
v -0.07409318 0.074859135 -0.013845346
v -0.07562544 0.022020495 0.0070070443
v -0.066050775 0.0793165 -0.021124069
v 0.06886798 0.11430574 0.0033670368
v 0.06759916 0.11355673 0.00054029666
v 0.0484301 0.11366805 0.021606376
v -0.07650859 0.043047376 -0.014950696
v -0.0744943 0.0050799064 0.0037830959
v -0.07534828 0.059636302 -0.020039411
v -0.073178776 0.0029020233 0.005525482
v -0.07372287 0.0036207747 0.004394391
v -0.073879816 0.0044209515 0.005741763
v 0.022740234 0.092284195 -0.01196345
v 0.053574063 0.12050255 0.01109334
v 0.022463987 0.08794421 -0.008129408
v -0.014401491 0.08359267 -0.018987522
v -0.07458188 0.024245935 0.0071232384
v 0.019725531 0.09535472 -0.014484358
v 0.01773614 0.09312916 -0.013868066
v 0.04699294 0.11982748 0.01334183
v -0.043104574 0.062285133 -0.011027725
v 0.016587447 0.08572349 -0.0078093344
v 0.017748507 0.08840298 -0.010423163
v -0.037953734 0.10549573 0.0022604663
v -0.035829615 0.1065444 0.0019584156
v -0.06576627 0.0045994744 0.012909731
v -0.05213707 0.09698291 -0.014601258
v -0.019244768 0.106838934 0.00821959
v -0.06688879 0.0508841 -0.019426323
v 0.06954736 0.09194526 0.0062111313
v -0.06875033 0.052176815 -0.020195259
v -0.06863322 0.017883904 0.010984898
v -0.064278595 0.08026594 -0.02242136
v -0.0770658 0.07144555 -0.0066149672
v -0.05391248 0.078476824 0.007069037
v -0.03424504 0.10614242 0.0032658987
v -0.036159407 0.105169475 0.0033408399
v -0.08157883 0.053337913 0.0057514273
v -0.030555405 0.10170013 0.0073097977
v -0.067480296 0.0059052357 0.014738045
v -0.06837064 0.0046162787 0.014764753
v -0.07073551 0.0024099853 0.006229849
v -0.024656322 0.10805224 0.005143653
v -0.0718284 0.002215186 0.006729945
v -0.052172877 0.061704468 -0.019881984
v -0.0007187503 0.08359534 0.0025473663
v -0.06859479 0.013767487 0.0028832317
v -0.06778832 0.015679086 0.0027169955
v -0.06688008 0.013537774 0.003968871
v 0.0036626249 0.08554057 0.005361725
v 0.08217991 0.10186373 0.022673909
v -0.06095821 0.0910788 -0.0026209338
v -0.030066755 0.096525855 -0.026840748
v -0.031618264 0.098886915 -0.024742095
v -0.06613023 0.0082657235 0.0059997803
v -0.023339894 0.100079134 -0.025661793
v -0.010806425 0.099361144 -0.023647923
v -0.019189334 0.10103529 -0.025619205
v -0.06895666 0.00068840786 0.010815682
v -0.06856868 -1.4447057E-08 0.008866643
v -0.012357787 0.09886971 -0.02424166
v -0.018119466 0.095126085 -0.02527762
v -0.065045044 0.0073185083 0.008567027
v -0.022397041 0.09641397 -0.025731713
v -0.009449612 0.105289854 -0.022310136
v -0.065671586 0.024504555 0.004812584
v -0.065550625 0.026976265 0.0053544864
v -0.07578792 0.01696757 0.007860429
v -0.011428856 0.10462852 -0.022885239
v 0.0016233374 0.09405946 -0.018558476
v -0.0028642972 0.09656681 -0.021126963
v -0.006587788 0.10223126 -0.022920951
v -0.01503531 0.10176596 -0.02466233
v 0.0055503463 0.104822524 -0.0205069
v -0.013706273 0.1033891 -0.023691326
v -0.016557159 0.10206142 -0.024922345
v -0.011622333 0.102939576 -0.023538325
v -0.007604253 0.105124675 -0.022418423
v -0.011393883 0.10090247 -0.023977175
v -0.014276445 0.10531652 -0.022342578
v -0.017581023 0.1012092 -0.025301227
v -0.07341268 0.019060368 0.009691916
v -0.01652787 0.10065261 -0.025326042
v -0.009510873 0.10196951 -0.023517014
v -0.017425276 0.10425889 -0.02291714
v -0.020427363 0.10187726 -0.02497441
v -0.074892916 0.018988434 0.00852116
v -0.07006251 0.00031705783 0.008415114
v -0.069463186 0.0019350633 0.0066861077
v -0.069288716 0.0007007344 0.007542958
v 0.027623216 0.09766966 0.021784734
v -0.013580885 0.10060748 -0.024471497
v -0.013194731 0.101985745 -0.02409453
v 0.0047438685 0.105767846 -0.020499557
v -0.07478877 0.007942043 0.0023771655
v -0.07375733 0.012441483 0.011446733
v -0.07475387 0.011155082 0.010592067
v -0.026304943 0.10527926 -0.017853308
v -0.07403541 0.016234014 -0.0001931895
v -0.07560371 0.019546187 -0.0012079007
v -0.013023349 0.10745671 -0.019625427
v -0.02432651 0.09831642 -0.025860984
v -0.005143226 0.099415176 -0.02241275
v -0.015895054 0.10329982 -0.023952449
v 0.037704714 0.10140608 0.023230717
v -0.02564495 0.09945693 -0.025844451
v -0.032493196 0.10068572 -0.021930495
v -0.024859931 0.107723325 -0.014931092
v -0.0040719723 0.10187937 -0.022433957
v -0.02960694 0.103745155 -0.01905973
v -0.031528052 0.104846425 -0.016723782
v -0.008412587 0.094208054 -0.02213301
v -0.027475365 0.10371711 -0.020245897
v -0.026225587 0.10224028 -0.023546498
v -0.028083313 0.104415864 -0.0189799
v -0.02233501 0.105558164 -0.01996436
v -0.023602754 0.101761214 -0.024799984
v -0.0055333385 0.10602826 -0.021722771
v -0.025852365 0.10332291 -0.021872768
v -0.018522285 0.09917914 -0.025327643
v -0.02547014 0.09631347 -0.026160846
v -0.023501681 0.10367299 -0.022250924
v -0.026714427 0.0975726 -0.026368843
v -0.028313266 0.095658265 -0.026701692
v -0.06809908 0.024952097 0.007905339
v -0.05573046 0.09056726 -0.019933863
v -0.052485887 0.0910173 -0.02279346
v -0.052547686 0.093735136 -0.020536467
v -0.054216694 0.09367144 -0.019148275
v -0.052559722 0.09543979 -0.018440705
v -0.05055369 0.093327716 -0.022135664
v -0.058261942 0.0905793 -0.01783596
v -0.0603287 0.09019073 -0.01566663
v -0.05565663 0.09240506 -0.018712275
v -0.05755458 0.089332424 -0.020266188
v 0.045723025 0.099746436 0.024233693
v -0.05430549 0.091799304 -0.0205528
v 0.046745062 0.09828193 0.024096362
v -0.016685562 0.10600767 -0.020854743
v -0.022333108 0.1082521 -0.01534403
v -0.047203917 0.085799195 -0.026802953
v -0.019557368 0.106273726 -0.01982132
v -0.047489483 0.0880471 -0.02655892
v -0.046621192 0.09009374 -0.026076782
v -0.028538853 0.098175764 -0.026438417
v -0.031685703 0.1084767 -0.011071068
v -0.022552216 0.092799135 -0.025515808
v -0.030628921 0.0949449 -0.026983721
v -0.029736709 0.09319681 -0.026676817
v -0.03411234 0.09753293 -0.025588084
v -0.062263764 0.048528433 0.009058505
v -0.041358262 0.09327999 -0.026197271
v -0.041141067 0.09124052 -0.026990706
v -0.038429167 0.092118785 -0.026915733
v -0.035081215 0.094635285 -0.026904922
v -0.039343037 0.08790291 -0.026843332
v -0.0504957 0.09525317 -0.020467654
v -0.03331209 0.09618929 -0.026755985
v -0.043311376 0.09719553 -0.021562738
v -0.04359331 0.09602236 -0.02325596
v -0.061897296 0.037001446 -0.00023304694
v -0.0020694265 0.10950054 -0.018129624
v -0.048735846 0.09163995 -0.024244793
v -0.05519897 0.08953914 -0.021781847
v -0.00329069 0.10529914 -0.022133308
v -0.04960597 0.08978929 -0.025001762
v -0.016183987 0.07781478 -0.0033699896
v -0.018163327 0.07730251 -0.0046465327
v -0.051091157 0.0891719 -0.024855351
v -0.048040304 0.094995834 -0.022096096
v -0.021207461 0.10682014 -0.018449971
v -0.038129225 0.09326942 -0.026807288
v -0.03178742 0.09980258 -0.02361386
v -0.046392284 0.09707695 -0.020460943
v -0.029544748 0.10079028 -0.02347696
v -0.039701402 0.09938257 -0.021316385
v -0.003556678 0.10349636 -0.022524977
v 0.060533088 0.098296896 0.025871689
v -0.07439615 0.028789392 0.006459234
v -0.005506789 0.108761266 -0.018483002
v -0.033556633 0.09920245 -0.02377141
v -0.03617802 0.09867733 -0.024099933
v 0.011780621 0.11599956 -0.009120957
v 0.056440555 0.101270996 0.026144492
v -0.03158228 0.096000984 -0.027064499
v -0.03729854 0.09707331 -0.025308445
v -0.024830736 0.10454171 -0.020088501
v -0.013644102 0.10903731 -0.016815823
v 0.014012348 0.11624543 -0.007985211
v -0.018523559 0.10827184 -0.016250797
v -0.03791895 0.09430867 -0.026728086
v -0.03768517 0.09955612 -0.02245073
v -0.037643783 0.10107722 -0.020059051
v -0.042403776 0.09504948 -0.024862159
v -0.04154162 0.09684935 -0.02365639
v -0.041085478 0.09822561 -0.022269968
v -0.018124683 0.10252793 -0.024486369
v -0.03904485 0.09805242 -0.02368864
v 0.00042501668 0.11006218 -0.01763667
v -0.052846666 0.051404137 -0.007918783
v -0.07707222 0.03082425 0.0047961324
v -0.07577541 0.028131383 0.005486305
v -0.0693353 0.0039520417 0.014454179
v -0.04343781 0.08953966 -0.027271667
v -0.019148037 0.104952075 -0.021714522
v -0.03904628 0.09537935 -0.02593682
v -0.045009516 0.09749691 -0.020388257
v -0.035416115 0.10021557 -0.02220933
v -0.019394405 0.10743038 -0.017935552
v -0.027362552 0.10039743 -0.025137687
v -0.00031738076 0.109157614 -0.018600058
v -0.03453152 0.101785704 -0.020060724
v -0.020726103 0.1077915 -0.016598327
v -0.023464324 0.07466787 -0.008396493
v -0.0419364 0.0989467 -0.020207576
v -0.01174786 0.11194965 -0.010912826
v -0.008902008 0.108255655 -0.018977525
v -0.012743481 0.11118186 -0.012574176
v -0.015970875 0.11004316 -0.014355157
v -0.036707744 0.09331735 -0.026854359
v -0.011776567 0.11032594 -0.01455663
v -0.048214957 0.096914984 -0.019992078
v -0.036149904 0.09593006 -0.026343875
v -0.04804461 0.06390958 0.0032974915
v -0.05008507 0.09659801 -0.018625826
v -0.045613457 0.09609207 -0.021870293
v -0.050987527 0.097020514 -0.01669999
v -0.04715692 0.096263394 -0.021246491
v -0.04563438 0.09995306 -0.016548526
v -0.04341533 0.10002239 -0.017349364
v -0.020125398 0.11055113 -0.012314777
v -0.01995979 0.10916385 -0.014713788
v -0.041390963 0.10184868 -0.016813701
v -0.04686629 0.09932224 -0.01692575
v -0.081637554 0.035232272 -0.0006802345
v -0.023420583 0.10666849 -0.01756142
v -0.027723026 0.10646835 -0.015420961
v -0.03265092 0.102927014 -0.018595675
v -0.0059917853 0.11426541 -0.008295886
v -0.04611236 0.09856713 -0.018674329
v 0.06314277 0.10571676 0.025059693
v -0.04043711 0.10333247 -0.015074169
v -0.029869338 0.10624701 -0.015454816
v -0.033536967 0.10519187 -0.015103047
v -0.028844751 0.105103634 -0.017368894
v -0.02254177 0.1093897 -0.013328676
v -0.025015581 0.10909787 -0.012675348
v -0.026761532 0.073114276 -0.0050616628
v -0.028879467 0.07219991 -0.0038784905
v -0.0010508869 0.11600766 -0.0068705003
v -0.030137593 0.10213207 -0.020700714
v -0.057421766 0.045032673 -0.0037781552
v -0.036003817 0.10285471 -0.017978681
v -0.034676988 0.10587551 -0.013559223
v -0.04074293 0.100737765 -0.018847141
v -0.034380555 0.1040116 -0.016242336
v -0.009287044 0.1120358 -0.01175453
v 0.061943844 0.10386095 0.026274337
v 0.06589568 0.10279348 0.027271662
v -0.017288668 0.11173981 -0.011049403
v -0.013949179 0.11196532 -0.010859417
v -0.010520986 0.10920264 -0.017083744
v -0.039062288 0.10463405 -0.013087346
v -0.08230884 0.037398636 0.00096352125
v -0.036877315 0.10538718 -0.012955129
v -0.015332198 0.078107364 -0.013710921
v -0.054044835 0.06310793 0.008115945
v -0.043950196 0.09851977 -0.019636141
v -0.007242887 0.10973987 -0.016407702
v -0.045726404 0.09437618 -0.023776375
v 0.009109292 0.11517657 -0.010405558
v -0.00064078794 0.10494116 -0.021590328
v 0.000251113 0.106968135 -0.020570662
v 0.002628842 0.111157805 -0.01685092
v -0.04845882 0.09835403 -0.017375013
v 0.016459653 0.110254146 -0.01656616
v 0.0059016813 0.112442404 -0.015748315
v -0.044821043 0.100979075 -0.015506573
v -0.03901117 0.102363035 -0.017248167
v -0.044954844 0.10232865 -0.013377245
v -0.04684008 0.10009825 -0.015220827
v -0.0043503176 0.11704292 -0.0020485346
v -0.0074731777 0.11525258 -0.0055685733
v -0.05445261 0.0986139 -0.005356718
v -0.042888 0.102360666 -0.015107934
v -0.03983116 0.09652253 -0.024810571
v -0.039504975 0.09274213 -0.026802573
v -0.030445699 0.10690954 -0.014556117
v -0.032084435 0.106786706 -0.014008421
v -0.03740769 0.10387434 -0.015188671
v -0.07493616 0.024743976 -0.0028691653
v 0.012570298 0.11771752 0.008435308
v -0.041821636 0.10396957 -0.01267646
v -0.020992724 0.1046399 -0.021507658
v -0.03529413 0.10481712 -0.014431258
v -0.033627436 0.10902578 -0.005942892
v -0.02685032 0.108326435 -0.01345521
v -0.029284755 0.110127985 -0.008251026
v 0.0067373104 0.114909455 -0.009434321
v -0.037435353 0.107445285 -0.00656166
v -0.035112962 0.10805859 -0.008882474
v -0.06190684 0.037856974 -0.0051912977
v -0.027678289 0.110869005 0.00041474003
v -0.074990325 0.03230632 -0.006784172
v -0.07699488 0.03132566 -0.005319282
v -0.07571286 0.027984645 -0.003973544
v -0.025618162 0.1108509 -0.0093413945
v -0.032402564 0.10906237 -0.00842282
v -0.018773051 0.11300162 -0.005986641
v -0.029679788 0.099171564 -0.025407024
v -0.029305479 0.10789847 -0.013669374
v -0.010565472 0.113436155 -0.008798558
v -0.021171147 0.11178213 -0.00868145
v -0.015268747 0.113815635 -0.0057515586
v -0.010941139 0.11455719 -0.006065584
v -0.010394305 0.106397994 -0.021486469
v -0.009784499 0.115444034 -0.0034114332
v -0.0001833216 0.11120728 -0.01611552
v -0.0058108345 0.11704888 0.00037227053
v -0.015175548 0.11316276 -0.008069959
v 0.0036915224 0.11795614 0.0020530918
v -0.0033926982 0.1151991 -0.007372414
v 0.0008343088 0.11775318 -0.001300767
v -0.0005241521 0.11709757 -0.004338248
v -0.015183402 0.114329144 -0.0033701754
v -0.0131803 0.11428114 -0.005394931
v -0.013617737 0.11530014 -0.00026988584
v -0.011425735 0.11552602 -0.0012720912
v -3.0649375E-05 0.11331314 -0.011460078
v -0.06292833 0.09008695 -0.011949612
v -0.041506294 0.069385186 -0.019768879
v 0.0010014642 0.11786056 0.0032767714
v -0.023956105 0.11183678 -0.0005779048
v -0.0207639 0.11205249 0.00062489643
v -0.01711323 0.11359304 -0.0005661356
v -0.017734772 0.112983204 0.000631164
v -0.0071086152 0.107237324 -0.020655565
v -0.023159565 0.112416275 -0.0026993938
v -0.03481585 0.10700989 -0.011775421
v -0.031421557 0.10919999 0.0006178992
v -0.035932194 0.10794723 -0.0030825462
v -0.038579393 0.107194185 -0.0036293606
v -0.021262834 0.1050508 0.00831506
v -0.018455854 0.109865844 0.0061746757
v -0.0033083914 0.11144496 0.010221295
v -0.026285632 0.10965203 0.0033824015
v -0.005410944 0.11503954 0.005754182
v -0.017610716 0.11240141 0.0025124927
v -0.01373972 0.111186184 0.006874848
v 0.005487244 0.1180304 0.0053290958
v 0.0074337577 0.11814227 0.0060434407
v 0.029118132 0.099062964 0.022248182
v 0.01966417 0.11999189 0.008156642
v 0.022998111 0.11951375 0.010236403
v 0.023345647 0.12032886 0.008525212
v -0.015238953 0.11447887 0.00053975364
v -0.004733735 0.11331102 0.007903361
v -0.046036966 0.10350579 -0.00078856974
v 0.0077010565 0.10558452 0.016197475
v 0.0033905825 0.11798586 0.004651165
v -0.012183794 0.10602462 0.011339488
v -0.016234506 0.11368044 0.0006397508
v -0.05534514 0.09789902 -0.0073062703
v 0.018878875 0.11219163 0.01642332
v -0.012785297 0.10759549 0.010526514
v 0.004787483 0.1180051 0.0042816615
v 0.006454031 0.11830579 0.0042128544
v 0.0075775385 0.118796214 0.0015184948
v -0.0007960893 0.11778462 0.0009708832
v -0.0582167 0.097349346 -0.008441144
v -0.022997271 0.11112047 0.0023156793
v -0.015083569 0.105645694 0.01093321
v 0.0046881577 0.1092178 0.01471986
v 0.013424922 0.09747044 0.018432878
v -0.036661338 0.10779096 -0.004729764
v -0.00887236 0.10623477 0.01252234
v -0.04586991 0.10376267 0.00039516436
v -0.04707989 0.102801405 0.0007182709
v -0.0076322285 0.107114576 0.012525096
v -0.059708733 0.08900405 0.0010138431
v -0.04523061 0.103703216 0.0014322175
v -0.04275829 0.10382339 0.0022105162
v -0.016151343 0.1088373 0.008341906
v -0.042563148 0.09913877 0.004955172
v -0.016858216 0.096296094 0.012768285
v -0.007862533 0.09411956 0.013216982
v -0.010449069 0.09410164 0.013098744
v -0.015783977 0.10120076 0.01197914
v -0.013647215 0.09672373 0.013085459
v -0.011439082 0.09867892 0.013088685
v -0.0197115 0.100669466 0.010506239
v -0.0082401205 0.11631984 -0.0004198966
v -0.020115022 0.11163644 0.002483498
v 0.0140989395 0.11985439 0.005002825
v 0.004159717 0.11441198 -0.009646886
v -0.017224774 0.08021873 0.0029048016
v -0.01391386 0.088555954 0.010929594
v -0.01480616 0.09383446 0.012812708
v -0.020839797 0.10292318 0.009408026
v 0.047735807 0.10262562 0.0249962
v -0.0145985605 0.09892878 0.012807698
v -0.018379405 0.098505154 0.011834635
v -0.011736925 0.09593533 0.013129023
v -0.0075673284 0.09251146 0.012742019
v -0.023038918 0.098062515 0.010632368
v -0.02334307 0.10076944 0.009519333
v -0.028012304 0.09900805 0.009074779
v -0.052625157 0.099748306 -0.00512109
v -0.0476047 0.10180771 -0.007718358
v -0.052574445 0.09953332 -0.003199366
v -0.03921062 0.105983965 -0.009899929
v 0.002234545 0.11654291 -0.006648699
v -0.043808673 0.10360457 -0.011279939
v -0.053565368 0.09860096 -0.0070473813
v -0.046073332 0.10233878 -0.01077288
v -0.050809365 0.10002533 -0.00690797
v 0.0029688743 0.115432665 -0.008442558
v 0.020092828 0.11799378 -0.004230329
v 0.01750929 0.11757994 -0.0054289615
v -0.053316165 0.09674986 -0.012403469
v 0.011590561 0.119576424 0.0028511013
v -0.053273764 0.09596273 -0.016277792
v -0.049795195 0.09978954 -0.008989845
v -0.052567795 0.09807431 -0.009420809
v -0.0020529435 0.11428183 -0.009298663
v 0.00838403 0.11616162 -0.007775965
v 0.011950059 0.1171965 -0.006402445
v -0.05621315 0.097243086 -0.008444878
v -0.057002015 0.0922309 -0.017355114
v -0.0021038326 0.1143239 0.007882799
v -0.022074696 0.10968163 0.004588854
v 0.0017207952 0.1154755 0.0079621915
v -0.056939617 0.094382085 -0.013008542
v -0.051909644 0.10047024 -0.0040795943
v 0.017934091 0.118366 -0.0038444714
v 0.021616342 0.11996568 0.0016438685
v -0.058813475 0.09260413 -0.014801115
v -0.05701766 0.09339611 -0.015450888
v -0.05862614 0.09404403 -0.011852088
v 0.025055414 0.11897058 -0.0013163609
v -0.055112142 0.09619113 -0.010907249
v -0.06318612 0.09155089 -0.010888023
v 0.018070977 0.12025027 0.005761021
v 0.021497924 0.12031924 0.0048013143
v -0.06462517 0.0906598 -0.00880964
v -0.059964076 0.09254435 -0.013209364
v -0.058422204 0.09496326 -0.010731778
v -0.057179794 0.0961314 -0.009628109
v -0.057061847 0.09538517 -0.010888285
v -0.05727184 0.096917525 -0.00879061
v 0.013673953 0.11782388 -0.0050588497
v -0.050407436 0.10054106 -0.0016466359
v -0.048838135 0.101468 -0.0002767246
v 0.032026548 0.11784977 -0.0031653629
v -0.06418262 0.08814129 -0.01207253
v -0.06804212 0.028140172 -0.0019146182
v 0.01375605 0.113908075 -0.013509821
v -0.05301972 0.05730687 0.0038726393
v -0.0053666593 0.09956609 0.013868334
v 0.0089233415 0.09895738 0.017274851
v -0.0465318 0.06363511 0.0014261019
v -0.051867116 0.055765543 -0.0007146586
v -0.050929394 0.058837138 0.0017652404
v -0.05501762 0.050577633 0.0013814167
v 0.03494124 0.09624386 0.022088058
v 0.03234367 0.09711618 0.022421475
v -0.053776663 0.052349545 3.9722963E-06
v -0.061972473 0.036705356 -0.0027062292
v 0.019087775 0.11535881 -0.0102141835
v -0.05250729 0.056169014 0.0021769963
v -0.048763096 0.064649485 0.0045075547
v -0.051148426 0.063598834 0.005975083
v -0.05627045 0.05168293 0.0054700165
v -0.06400427 0.03153539 0.0033643
v -0.063875414 0.031929757 0.0012005795
v -0.058859188 0.046394903 0.004102241
v -0.06164629 0.03955686 0.0016951617
v -0.06333937 0.03541074 0.0028692945
v 0.01669556 0.116554 -0.007850341
v -0.034811698 0.090616986 0.009294098
v -0.050541814 0.07788091 0.007765486
v -0.050099608 0.063107826 0.004334187
v -0.053945147 0.05820713 0.00536546
v 0.027962666 0.119563684 0.0020072071
v -0.04678052 0.0691952 0.007138925
v 0.025030958 0.0961295 0.020351296
v -0.07387814 0.012599248 0.00030789245
v -0.074803635 0.012543858 0.00068644586
v 0.015557594 0.096739486 0.018779721
v 0.009016822 0.11752603 -0.0048021753
v -0.044927597 0.08607984 0.007976212
v -0.05422316 0.053332616 0.0032534823
v -0.073966265 0.010074785 0.0016745129
v -0.056821346 0.04922442 0.0032887964
v -0.04746375 0.08456353 0.0076360246
v -0.0027264114 0.09723509 0.014722612
v -0.010180814 0.09150014 0.012605704
v -0.036640827 0.08834841 0.008999855
v -0.0414205 0.086320445 0.008516326
v -0.037446953 0.081232265 0.009231184
v 0.015369502 0.104445204 0.018606912
v 0.038314868 0.09939438 0.023329053
v 0.056034498 0.10655314 0.025714507
v 0.0049832584 0.11811977 -0.00077743345
v -0.027889252 0.094885625 0.010612303
v 0.014807297 0.117315225 -0.006227968
v -0.050489467 0.066159755 0.007463314
v -0.052365664 0.06613023 0.008409665
v -0.0663829 0.040925436 0.009228047
v 0.033365063 0.11845582 -0.0009633735
v -0.04471929 0.08338786 0.008821891
v -0.041835424 0.08265561 0.009284259
v -0.037799496 0.08419171 0.00926023
v 0.026925588 0.1180859 -0.004896923
v -0.032873776 0.109113924 -0.00074879755
v -0.055493858 0.053578116 0.0054079443
v -0.06410495 0.036945373 0.0054194117
v 0.020433342 0.11669664 -0.0069335587
v -0.06475911 0.044058036 0.009312744
v 0.0033383528 0.09483807 0.016552685
v -0.06205145 0.04095478 0.005193892
v -0.06317471 0.043884426 0.008310563
v 0.019991806 0.11190356 -0.014748679
v -0.0679319 0.03288584 0.008093355
v -0.06483631 0.03927205 0.0079532545
v 0.018609162 0.11078755 -0.015907563
v -0.06650773 0.035475537 0.008178699
v -0.06253316 0.042157933 0.0070606386
v -0.063240044 0.03977312 0.0064753
v -0.06368992 0.051003464 0.010955119
v -0.018601442 0.11128085 0.004259085
v -0.047645282 0.07387277 0.008488118
v -0.05674567 0.047542524 -0.00010155261
v -0.05832199 0.04583531 0.0019756546
v -0.060764946 0.054364912 0.010383152
v -0.06382506 0.05485259 0.011303956
v -0.064752966 0.03138601 0.005022432
v -0.074414484 0.02647063 0.006631493
v -0.072765015 0.029573023 0.0073091323
v -0.07460485 0.031908218 0.006579169
v -0.06940564 0.03045303 0.008080742
v -0.072231844 0.033931814 0.0074389875
v -0.075519055 0.029888488 0.0058444515
v -0.042226445 0.10454061 -0.01008744
v -0.071107544 0.024906114 0.0084045185
v -0.07323485 0.027498778 0.0071320008
v -0.073924996 0.021872453 0.008446136
v -0.019552745 0.11295112 -0.0010473965
v -0.07012715 0.03335267 0.008181986
v -0.07601081 0.019007554 0.006974714
v -0.021877397 0.112633824 -0.0013367643
v -0.07017195 0.022891615 0.009081731
v -0.072959915 0.024785576 0.007898137
v 0.010670767 0.1141728 -0.0135220215
v -0.07218086 0.031779964 0.007626777
v 0.011645809 0.1149285 -0.011602677
v 0.010264633 0.11830423 0.0068602175
v -0.008753598 0.100850455 0.013308695
v -0.07149174 0.0012704983 0.008322686
v -0.07560915 0.0128663285 0.009094723
v 0.005972528 0.11416715 -0.011837254
v -0.07498626 0.015845485 0.009015683
v 0.059622448 0.10660067 0.025015127
v 0.058505233 0.104503386 0.026006708
v -0.071191765 0.009484686 0.013242141
v -0.07276216 0.014472759 0.01122499
v -0.027250912 0.10964435 -0.0112244645
v -0.07045597 0.0014963774 0.0073506073
v 0.07370546 0.10507548 0.02566341
v -0.037966672 0.10673296 -0.00017089357
v -0.0731798 0.0030137927 0.0067778016
v 0.009287566 0.11462459 -0.01230683
v -0.06981274 0.005362508 0.014722057
v -0.07449505 0.0101564955 0.011218046
v -0.06893251 0.023020254 0.008562553
v -0.071751654 0.017609792 0.011123629
v -0.07184818 0.027328063 0.007817985
v 0.009979584 0.1129199 -0.015380162
v -0.069070816 0.010887522 0.0133371195
v -0.07421688 0.017546853 0.009426362
v -0.06760263 0.009926724 0.013775875
v -0.06553087 0.047375035 0.010218409
v -0.069420986 0.016518803 0.012582182
v -0.0076636085 0.11646258 0.0016838838
v -0.0064493194 0.11622341 0.0032793942
v -0.070891246 0.014664838 0.012330854
v 0.04214526 0.10178502 0.023952527
v -0.013037143 0.11469777 0.0020546177
v -0.07349027 0.016402029 0.010120614
v -0.06918391 0.013691139 0.013397028
v -0.06677652 0.011608588 0.013148122
v -0.07080931 0.003926984 0.0141305635
v -0.06750405 0.014392408 0.012942227
v -0.07326531 0.0079317065 0.012561727
v -0.06713354 0.00457457 0.014285589
v -0.07060238 0.001659366 0.012013626
v -0.06925991 0.020694105 0.009695351
v -0.068737246 0.0064330413 0.014817202
v -0.06635337 0.006311861 0.014150778
v -0.06797643 0.012023349 0.013445365
v -0.023429742 0.11036657 -0.011079116
v -0.06466487 0.006448668 0.01083704
v -0.013768488 0.078320414 -0.0044987053
v -0.06485713 0.0038922094 0.011066719
v -0.06573273 0.002656317 0.011682045
v -0.06566522 0.009085682 0.012711964
v -0.07040922 0.012301557 0.012855451
v -0.070717104 0.00057946594 0.010004375
v -0.06799266 0.0014248306 0.0075661163
v -0.07208202 0.008482167 0.002409573
v -0.024542175 0.07483202 -0.014035627
v -0.06751149 0.018784883 0.010117344
v -0.069965035 0.0070338626 0.014148809
v -0.06896941 0.008544674 0.014007734
v -0.07003923 0.0028694416 0.005584188
v -0.06775438 0.0003300779 0.010096965
v -0.067741364 0.02052095 0.0011018137
v -0.06802942 0.026374547 -0.00049182697
v -0.06670541 0.022221304 0.0021900907
v -0.06713557 0.021851292 0.008304078
v -0.06676519 0.01701285 0.0029919096
v -0.06672331 0.02599082 0.0010696424
v -0.068278305 0.0037245906 0.0059829764
v 0.005062001 0.1045046 0.016098868
v -0.07029765 0.0042487686 0.00452398
v -0.040421046 0.10589869 -0.0021475041
v -0.071889564 0.0031382241 0.0045373896
v -0.06980388 0.014846222 0.0014573634
v -0.07322025 0.004423939 0.0034467785
v -0.07253817 0.013591955 0.0006445336
v -0.06669318 0.028126959 -0.0006405438
v -0.06572577 0.029595064 -0.0009141468
v -0.06789036 0.018280542 0.0015163837
v -0.06978956 0.019929016 -6.085234E-05
v -0.069180526 0.016967002 0.0011242746
v -0.016294364 0.10707805 0.009676396
v 0.0025857468 0.11327558 -0.012810794
v -0.020175328 0.11292825 -0.003853818
v -0.07198516 0.019051898 -0.00043120518
v -0.06989275 0.02629628 -0.0016687721
v -0.06859389 0.023696553 0.00021427391
v -0.071677715 0.021509215 0.009652942
v -0.020338682 0.10341463 -0.023228861
v 0.0025335464 0.112350605 -0.014916177
v -0.07102035 0.030030772 0.0080031175
v -0.07287106 0.0053651207 0.012768711
v -0.07373413 0.020253547 -0.0010341011
v -0.07348271 0.008457214 0.0021017902
v -0.0735616 0.011890115 0.0007496439
v -0.065294534 0.0045676753 0.00924791
v -0.0720138 0.012311501 0.012218317
v -0.077570885 0.029324906 -0.0033880302
v -0.06949178 0.006792491 0.0039393893
v -0.06544995 0.014577139 0.0072736396
v -0.029011799 0.110856496 -0.0053751576
v -0.065093435 0.0126866875 0.010309811
v -0.019004652 0.0802578 -0.017815355
v -0.07573014 0.014076757 0.00026479422
v 0.0065643582 0.10091343 -0.019578744
v 0.023534337 0.10993092 -0.01441415
v -0.025484726 0.07358271 -0.00661191
v 0.0234531 0.10682645 -0.014943885
v -0.05183732 0.060544714 0.0044000302
v -0.065837406 0.012709712 0.0054593235
v -0.046643462 0.060301833 -0.00590993
v -0.051371727 0.055293314 -0.0055585005
v -0.047996033 0.061384827 0.00017513172
v -0.049284548 0.061943054 0.0026027167
v -0.05323752 0.052181467 -0.0039766096
v -0.0060989847 0.103069305 0.013742102
v 0.016597128 0.09823209 -0.016431551
v -0.05920628 0.04219861 -0.003664866
v -0.06147661 0.04581833 0.007308301
v -0.060586605 0.044527955 0.0055212467
v -0.05196845 0.053560752 -0.007368273
v -0.058542907 0.04329184 -0.0055479985
v -0.05564529 0.046990275 -0.0067407745
v -0.055229865 0.057235595 0.006670891
v -0.05396088 0.060224403 0.006659824
v -0.06055182 0.042803627 0.0030377754
v -0.06486069 0.028412787 0.0036503344
v -0.011637318 0.10211743 0.012600558
v -0.06670931 0.019022603 0.0024990877
v 0.021010965 0.098607734 -0.01506388
v 0.008764729 0.108003646 -0.01862503
v -0.07093349 0.023581356 -0.0011582451
v -0.06951965 0.028402466 -0.0032576057
v -0.008222574 0.10462011 0.013157567
v -0.071414895 0.027938774 -0.0034242978
v 0.004499457 0.107038744 0.015387494
v -0.07032936 0.030370764 -0.0051977364
v -0.059490554 0.04241892 -0.0004757983
v 0.018542623 0.10930566 -0.01612749
v -0.062609784 0.039202604 0.003464056
v -0.065892525 0.025188206 0.0030278596
v 0.0026395896 0.10540124 0.015343851
v -0.07321287 0.02927426 -0.0044924775
v 0.015332681 0.108931765 -0.017095793
v -0.06544273 0.029061649 0.0003746897
v -0.065321915 0.037801612 -0.009505404
v -0.053934023 0.04942264 -0.008907184
v 0.014413652 0.10761652 -0.017892066
v -0.068210594 0.0120178005 0.0035542275
v -0.04944539 0.058114607 -0.0043056775
v 0.006790774 0.09700677 0.017177735
v 0.004729198 0.10305554 -0.020576658
v -0.049582466 0.0589326 -0.001112928
v -0.04756568 0.060097825 -0.012697073
v -0.0047945874 0.08041274 -0.009839469
v -0.011898827 0.07825441 -0.01108168
v -0.02030678 0.07613025 -0.010579185
v -0.023536231 0.074723706 -0.011117313
v -0.034425836 0.077622764 0.007534327
v -0.018683886 0.07728302 -0.01375374
v -0.0500445 0.057029136 -0.007306655
v -0.035091784 0.06772421 -0.012808726
v 0.0062777293 0.1080781 0.015377081
v -0.027654978 0.07240791 -0.012973045
v -0.05399372 0.04967606 -0.006118938
v 0.00817326 0.10756441 0.015648205
v -0.057461195 0.044781 -0.006509964
v -0.046366233 0.06028449 -0.009697776
v -0.04858507 0.058591772 -0.0074752006
v -0.05106562 0.055889525 -0.012430634
v -0.0592653 0.05777731 0.010286414
v -0.03288118 0.06908794 -0.012574517
v -0.07162269 0.075753696 -0.016286368
v -0.04004019 0.06398271 -0.012845234
v -0.036875725 0.06694699 -0.014491235
v -0.0014206908 0.094508454 -0.01987701
v -0.036721364 0.090736434 -0.026720922
v -0.061556585 0.09189821 -0.011843685
v 0.0010313551 0.10076135 -0.021068353
v -0.018188607 0.076567605 -0.010568479
v -0.03247983 0.06981116 -0.00425108
v 0.0019949127 0.10923308 -0.01881232
v -0.022613121 0.07521054 -0.0052752513
v -0.034669954 0.07474973 -0.020224186
v -0.025129402 0.07605538 -0.01649359
v 0.056606192 0.096794926 0.024818657
v -0.06510431 0.08945853 -0.00998658
v 0.019022426 0.08508031 -0.0046620183
v 0.012287429 0.09871938 -0.017552417
v -0.02821643 0.07808643 -0.020428792
v -0.010880711 0.07955889 -0.013263689
v -0.027773162 0.075950414 -0.018416353
v -0.02034783 0.07630573 -0.01244476
v 0.0045464123 0.08313901 -0.0019994024
v 0.0034742933 0.10792605 -0.019933855
v -0.032772597 0.09480987 -0.026925435
v -0.0017202644 0.08122823 -0.007277626
v 0.012722198 0.10775609 0.016737044
v -0.0004424728 0.08230587 -0.009613971
v 0.0024183164 0.10416738 -0.02115557
v 0.05604392 0.0924777 -0.001228843
v -0.016031468 0.07701134 -0.011448423
v -0.021698615 0.101010464 -0.025438227
v -0.00264363 0.10659267 -0.021163011
v -0.019801004 0.07824872 -0.015840324
v 0.00936267 0.111220784 -0.017133024
v -0.022506433 0.080246046 -0.019341266
v -0.023816288 0.07841907 -0.018205388
v 0.0077028386 0.11172494 -0.016607933
v -0.05092544 0.08463901 -0.02713087
v -0.043622233 0.087552615 -0.027095653
v -0.051978383 0.08671824 -0.026275199
v -0.036613893 0.092341945 -0.026631713
v -0.05515261 0.09702943 -0.009058702
v -0.041750506 0.08916138 -0.027266556
v -0.054869123 0.083114006 -0.02688995
v -0.049109392 0.08871504 -0.02581231
v 0.035683032 0.09449274 0.020655418
v -0.048521012 0.08720355 -0.026582086
v 0.0119830845 0.106254086 -0.018652065
v -0.032321878 0.10182966 -0.020264968
v -0.05883511 0.0772515 -0.025727428
v 0.0377713 0.09007804 0.014608796
v 0.013891773 0.105588965 -0.018187925
v -0.061453726 0.087605506 -0.017540297
v -0.062354367 0.087925434 -0.015077246
v -0.055054642 0.08101417 -0.026527753
v -0.06193563 0.08612554 -0.019004392
v -0.0036621313 0.11081791 -0.015699537
v -0.06314744 0.08462089 -0.018843103
v -0.062655866 0.083994165 -0.020080524
v 0.005654333 0.11069118 -0.017612752
v 0.026598282 0.108139224 -0.014139819
v -0.06374688 0.08285835 -0.020829579
v 0.0059798867 0.108458504 -0.019455709
v -0.06012131 0.09384378 -0.011292083
v -0.0617401 0.073509835 -0.024989657
v -0.06523454 0.0718732 -0.023935327
v -0.06381393 0.07507161 -0.024045821
v -0.066884875 0.072590575 -0.022828734
v 0.012599865 0.110000275 -0.017110365
v 0.031085039 0.1017803 -0.012774928
v 0.027727962 0.102918126 -0.014037346
v -0.07275146 0.072584 -0.017623767
v 0.016906051 0.10741375 -0.017323082
v -0.03958641 0.06477677 -0.009929647
v -0.049270745 0.057914883 -0.010322426
v -0.07723256 0.05775417 -0.018269112
v -0.075902894 0.04646147 -0.016814701
v -0.031299 0.09752385 -0.026291607
v -0.0014754399 0.1026327 -0.022023695
v 0.06711994 0.10053267 -0.000695965
v 0.01069646 0.1068801 -0.018647885
v 0.073879234 0.09996476 0.0056573525
v -0.034521107 0.09305907 -0.026710216
v -0.03192171 0.09339936 -0.02664728
v 0.072709866 0.09769906 0.005806044
v -0.065915465 0.018730445 0.004291186
v 0.059211474 0.09570868 0.023572981
v -0.06615412 0.015654651 0.0042609107
v 0.012453754 0.10814242 -0.017659374
v 0.044814426 0.104418926 -0.009365538
v 0.028695289 0.09420423 -0.01073697
v 0.0055075306 0.10711289 -0.019758282
v 0.05116489 0.10184859 -0.0070581185
v 0.04046427 0.09372746 -0.0071647037
v 0.035231195 0.09425197 -0.009206221
v 0.061059464 0.09199549 0.001702457
v 0.06283862 0.10287409 -0.0032173165
v 0.060864225 0.102330714 -0.00394201
v 0.034633704 0.103082545 -0.012466405
v 0.029438557 0.09596598 -0.011428198
v 0.05065731 0.1081287 -0.008700139
v 0.029044619 0.10757836 -0.013865114
v 0.030875888 0.10918037 -0.013159261
v 0.023651976 0.10802802 -0.014870549
v 0.04546113 0.10181444 -0.00851757
v 0.06855897 0.10353819 -0.001230447
v -0.049689185 0.08657784 -0.026841227
v 0.06994516 0.1012948 0.0007552845
v -0.06229969 0.08912271 -0.013458861
v -0.061317105 0.09068733 -0.013170199
v 0.020087782 0.10754736 -0.01599758
v 0.018142132 0.104740344 -0.01676946
v -0.058440242 0.09186739 -0.01624762
v 0.007844455 0.11366461 -0.013945419
v 0.014629435 0.10180198 -0.017705766
v 0.002935211 0.11393813 -0.011052861
v 0.040929522 0.10444873 -0.010848812
v -0.054862894 0.08505051 -0.026176102
v 0.031178905 0.111162394 -0.012588333
v 0.0075879553 0.10610349 -0.019731043
v -0.0058981213 0.1043333 -0.022585453
v -0.0015003876 0.10592651 -0.021353846
v -0.0031595186 0.112670675 -0.012350813
v 0.0656057 0.10454555 0.025747165
v 0.030992638 0.10450828 -0.01362703
v 0.08038816 0.09864858 0.011946153
v -0.06172419 0.08527778 -0.020084122
v -0.0055648545 0.112880945 -0.011015208
v 0.004815513 0.109298214 -0.019115364
v -0.006309727 0.111347675 -0.013532066
v 0.04253687 0.10697612 -0.010656396
v 0.03353564 0.09867194 -0.011419279
v 0.029457217 0.0915916 -0.00887979
v 0.038909934 0.10243101 -0.010860217
v 0.037137527 0.104296885 -0.012122786
v 0.002742012 0.10632401 -0.020690827
v -0.03586525 0.08900163 -0.026535995
v -0.008835197 0.10015623 -0.023132298
v -0.02255251 0.07593244 -0.0020990248
v 0.050302863 0.11687668 -0.0029216865
v 0.027059918 0.09536621 -0.012050309
v 0.077704914 0.10556889 0.024338307
v 0.025527118 0.104605556 -0.014838766
v 0.028668867 0.09773179 -0.012403171
v 0.045104068 0.1138197 -0.00826025
v 0.037927184 0.08730449 -0.0020467017
v 0.038321447 0.111411005 -0.011406841
v -0.010784473 0.08643667 0.008913807
v 0.0018017578 0.090001464 0.012468967
v -0.056772623 0.09091454 -0.018843481
v -0.0061034304 0.091000654 0.012981339
v 0.006103783 0.11761412 -0.0034286254
v 0.06881945 0.10559359 0.025038088
v 0.06981608 0.10409443 0.026318349
v 0.047109738 0.1122273 -0.00894977
v 0.048339266 0.10219325 -0.007812522
v 0.067896545 0.10865503 0.022915656
v 0.051028837 0.115802124 -0.003817577
v 0.033436663 0.10800561 -0.012743577
v 0.06361316 0.10035605 -0.0020837244
v 0.044689395 0.11067304 -0.010276536
v 0.053914204 0.10977706 -0.007301987
v 0.055541035 0.11130687 -0.0065990505
v 0.085170135 0.105491735 0.01499683
v 0.074079424 0.11320538 0.011852207
v 0.07584413 0.11273712 0.013083746
v 0.062176336 0.10869583 -0.004363921
v 0.012741212 0.106952064 -0.01817346
v 0.061332908 0.1106446 -0.0048394455
v 0.057831418 0.10467523 -0.005948381
v 0.06676444 0.10546148 -0.0024975527
v 0.06897643 0.10670392 -0.0013968148
v 0.06074732 0.099641904 -0.002961436
v 0.08359336 0.100191966 0.01494118
v 0.07064392 0.09639111 0.0045213257
v 0.03102552 0.106798396 -0.013762216
v -0.00039822905 0.112391174 -0.01381643
v 0.071197614 0.108242616 0.0005136762
v 0.07999765 0.10980308 0.009604286
v 0.085075654 0.10713766 0.015871888
v 0.078570046 0.11019876 0.008250937
v 0.07935788 0.10796186 0.008600555
v 0.07683784 0.109514415 0.005993475
v 0.008556299 0.083269924 -0.004611881
v 0.05065716 0.10651127 -0.008486031
v 0.07371171 0.11226076 0.0053855516
v 0.06819339 0.10943824 -0.0013007761
v 0.023094906 0.10327852 -0.015555827
v 0.065397754 0.10778267 -0.0029798576
v 0.049125794 0.11075132 -0.00890374
v 0.05630555 0.10991617 -0.0065501938
v 0.064734004 0.11063307 -0.0029212427
v 0.076555595 0.11277696 0.0111243855
v 0.078173034 0.11230965 0.013036279
v 0.07415247 0.11100957 0.0038122747
v 0.055586416 0.107038155 -0.006901489
v 0.05499962 0.108615175 -0.0068315035
v 0.036784764 0.10812659 -0.012415493
v 0.0655272 0.09695616 0.00039194903
v -0.018611537 0.08206097 -0.019290863
v 0.07590276 0.101307854 0.0068797283
v 0.07506438 0.097957976 0.0077607287
v 0.060923036 0.090669736 0.002854106
v 0.023576995 0.11661436 -0.007644306
v 0.07835703 0.1003589 0.009134307
v 0.052533984 0.12136444 0.008359078
v -0.025858937 0.090356365 -0.02561021
v 0.08250506 0.109457865 0.017306255
v 0.035651624 0.10170839 -0.0117369285
v 0.048332024 0.10028787 0.024913086
v 0.027519645 0.116871625 -0.0071682124
v 0.07193251 0.09996926 0.0032951566
v 0.06854032 0.09109209 0.0069210613
v 0.053406715 0.08911272 0.0023245194
v 0.011530467 0.08382917 -0.0054091876
v 0.056793384 0.1136526 -0.005199915
v 0.07684162 0.095198296 0.011309712
v -0.008366449 0.07981927 -0.011247336
v 0.07324711 0.09341639 0.011751652
v 0.012763038 0.087403424 0.007833721
v -0.027786935 0.10243137 -0.022220045
v 0.078111365 0.105381556 0.007743904
v 0.032121655 0.11701108 -0.0062128333
v 0.077714786 0.103160284 0.007788331
v 0.036193643 0.09716442 -0.010249855
v 0.08178425 0.10637549 0.011249599
v 0.07590598 0.095345974 0.009669609
v 0.0017404282 0.097570494 -0.019826358
v 0.08321641 0.10758745 0.012466663
v 0.058915067 0.08926438 0.00409851
v 0.0622511 0.10918347 0.023026714
v 0.038792334 0.09701668 0.02280811
v 0.037690826 0.09554359 0.021949057
v 0.07934781 0.099044405 0.010611986
v 0.08398652 0.10562719 0.012927911
v 0.08072476 0.10090574 0.011055919
v 0.08254875 0.10348244 0.01198296
v 0.07797624 0.097628266 0.010087485
v 0.058487594 0.10845188 -0.0061455024
v -0.009168294 0.092914134 0.012787523
v 0.07176137 0.11126361 0.001704787
v 0.029361356 0.10683068 0.020900793
v 0.022636682 0.118532956 -0.0031287475
v -0.06460187 0.009953607 0.009570947
v 0.0358225 0.10986874 -0.012180728
v 0.056695446 0.089031465 0.0069244723
v 0.044276018 0.088806294 -0.0023290692
v 0.08268642 0.10070726 0.013181591
v 0.07981312 0.10378218 0.009536648
v -0.0026602913 0.09459869 0.014550882
v 0.038099494 0.10978713 -0.011994955
v 0.08403888 0.10147486 0.014623906
v 0.016025782 0.09889878 0.019243808
v 0.012612588 0.09992976 0.018218467
v -0.008863723 0.10370206 -0.02294699
v 0.009214732 0.09419489 0.016888147
v 0.0847272 0.107486576 0.013944892
v 0.008471091 0.09586454 0.017333295
v 0.0007995127 0.10263691 0.015469805
v 0.009394195 0.097588085 0.017248614
v 0.04056674 0.10904916 -0.0114003485
v 0.06804389 0.09499508 0.0033222379
v 0.0002913513 0.108626686 0.013776167
v 0.0017811063 0.10769802 0.014497713
v 0.00080879475 0.09873255 0.015963169
v 0.00594056 0.092262894 0.015352407
v 0.0060779336 0.09433314 0.016699411
v 0.081638664 0.108919635 0.011239743
v 0.003522562 0.09264792 0.015542532
v 0.04263306 0.1098648 -0.010882639
v -0.00076166727 0.10438062 0.014633461
v -0.002953768 0.10324085 0.014306096
v 0.010388767 0.10610881 0.016393049
v 0.05208404 0.11606577 -0.003357979
v 0.035599917 0.08855232 -0.0042180535
v 0.04026622 0.08886296 -0.0035801113
v -0.0055801827 0.09591558 0.013783768
v -0.007943306 0.106101856 -0.021894658
v 0.07954039 0.1111943 0.016126396
v -0.008786535 0.09691149 0.013308483
v 0.08390332 0.10844734 0.017679516
v -0.06734355 0.007643181 0.014417618
v 0.0628026 0.11213365 -0.0039295107
v 0.08457972 0.10835571 0.01656592
v 0.06627839 0.115329094 0.016922602
v 0.07676746 0.1071024 0.0059231506
v -0.01530982 0.098998986 -0.025019163
v -0.021211484 0.09962455 -0.025353277
v 0.07635437 0.1044459 0.0061169877
v -0.020437347 0.10098179 -0.025457308
v 0.069089524 0.11383786 0.016189095
v 0.07501649 0.10565182 0.0042263037
v -0.06614526 0.0057685673 0.0071727773
v -0.0665435 0.0027910648 0.008108686
v 0.028828874 0.096164025 0.021347374
v 0.016016936 0.10774429 0.017892934
v 0.017168019 0.110570535 0.01691988
v 0.013750064 0.109462805 0.016613238
v 0.018530132 0.097958654 0.01965442
v 0.018163605 0.09604843 0.018858911
v 0.014981952 0.11533124 -0.010352601
v 0.021347204 0.09524493 0.018871175
v 0.07207271 0.10460178 0.0014038974
v 0.07424343 0.10282829 0.0045334734
v 0.011598723 0.10357759 0.017516883
v 0.041357316 0.12181234 0.0054896306
v 0.021281626 0.10257522 0.020026524
v 0.076415956 0.11139735 0.0070165657
v 0.015179585 0.09512888 0.017927533
v 0.06315239 0.10689105 -0.004254109
v 0.046539146 0.11589328 -0.0054379287
v 0.017821414 0.101895675 0.019568436
v 0.018107915 0.10419712 0.019090593
v 0.050987527 0.103976995 -0.007784642
v 0.021508247 0.09714273 0.020062493
v 0.043988984 0.112080544 -0.009830296
v -0.004017198 0.10772082 -0.020180307
v 0.06895131 0.11086561 -0.0004104792
v 0.009476897 0.10117514 0.017268391
v 0.021319015 0.10073558 0.020374358
v 0.072658546 0.11362895 0.016061181
v 0.02155766 0.09899156 0.020545788
v 0.060756113 0.10695851 -0.0050817463
v 0.06726734 0.111725844 -0.0012197841
v 0.08110216 0.11082452 0.015574177
v 0.030742455 0.10478351 0.021556279
v 0.031116143 0.10125295 0.022430418
v 0.018887632 0.09963813 0.019964928
v 0.069697574 0.11179367 0.0006023164
v 0.026126303 0.107003585 0.020257672
v 0.02414293 0.10908214 0.019229572
v 0.08350207 0.10872073 0.0131937675
v 0.0355729 0.107487835 0.021832986
v 0.03232774 0.10697002 0.020913089
v 0.045623876 0.1009617 0.02440143
v 0.03956139 0.10389297 0.023318494
v 0.06233541 0.10110044 0.026731513
v 0.051733058 0.11828418 -1.4435682E-05
v 0.052584805 0.10143957 0.025666505
v 0.03350532 0.104662456 0.021973366
v -0.0025594456 0.11684966 0.0046645226
v 0.062140003 0.104875796 -0.0041331644
v 0.040811997 0.11154848 0.021620642
v 0.024597969 0.09822038 0.021181073
v -0.009512712 0.11504153 0.0035379983
v 0.07380377 0.09355027 0.009329898
v 0.023688111 0.102128446 0.020441303
v 0.08005374 0.1117235 0.013264564
v 0.032754574 0.10965251 0.020667091
v 0.06416203 0.1164122 0.006180045
v 0.06684385 0.11558397 0.004436644
v 0.07027716 0.10720819 0.02396158
v 0.06483686 0.1088226 0.022921706
v 0.0031495856 0.117453516 -0.0037162916
v 0.08325026 0.10977884 0.01572763
v 0.062490415 0.10750898 0.023997162
v -0.0021934153 0.11764205 0.0028908846
v 0.06061699 0.110047 0.023236446
v 0.063001305 0.11112694 0.022419328
v 0.058936875 0.10228431 0.026600491
v 0.055430595 0.103736006 0.025970668
v 0.07446724 0.107188284 0.0237552
v 0.0455362 0.10899605 0.023962727
v 0.07031413 0.110281326 0.0004747677
v 0.08106924 0.10825444 0.020411046
v 0.08263165 0.1082654 0.018859386
v 0.05571922 0.098961696 0.02575306
v 0.05089978 0.104099706 0.025579385
v 0.015762234 0.11798545 -0.004285867
v 0.050994225 0.09865907 0.025094299
v 0.052813783 0.09668845 0.024462981
v 0.052039206 0.1063736 0.025680797
v 0.038029455 0.11065148 0.021469397
v 0.07228495 0.105497055 0.025176547
v 0.00061283394 0.10542902 0.014841455
v 0.02760339 0.09376681 0.018761037
v -0.0037279287 0.11600932 -0.005740815
v 0.053480674 0.10873654 0.025097137
v 0.07576754 0.11290765 0.016796138
v 0.060058855 0.1156424 0.019844975
v 0.028163962 0.110135525 0.019772591
v 0.05009052 0.110918045 0.023832394
v 0.027480578 0.099812254 0.021791315
v 0.02725461 0.103213884 0.021111103
v 0.005378135 0.1003206 0.01682708
v 0.023411406 0.10450497 0.020068044
v 0.021469297 0.10566907 0.019550893
v 0.033261407 0.11023712 -0.012415927
v 0.00645583 0.10651274 0.015651982
v 0.035131913 0.111014076 0.020624189
v 0.036794487 0.11260231 0.020210356
v 0.041838955 0.11368268 0.020615377
v 0.042138487 0.12184441 0.009605786
v 0.020144915 0.104287475 0.019570315
v 0.010666698 0.10892314 0.015584534
v 0.01259926 0.11839607 -0.0035881575
v 0.016446069 0.11234344 0.0155291315
v 0.03317409 0.113065355 -0.011451912
v 0.013191415 0.106053054 0.017626682
v 0.052219078 0.08937059 0.0006615386
v 0.074753284 0.11271278 0.008026833
v 0.07944043 0.111463964 0.010561299
v 0.02278287 0.10700815 0.019434057
v 0.008001993 0.112643614 0.012538417
v 0.0015150942 0.11071222 0.012735088
v -0.0021733209 0.10891992 0.012715191
v -0.0055752625 0.108869664 0.011838222
v 0.0787282 0.11215764 0.011826671
v 0.0084681185 0.10351857 0.016843118
v 0.030061632 0.112257674 -0.012348305
v 0.030392332 0.09834746 0.022429662
v 0.028554255 0.1054537 -0.014276833
v -0.011253662 0.109749995 0.009382691
v 0.023431236 0.11406287 -0.012013086
v -0.013980913 0.1129215 0.0040943627
v -0.0021656062 0.10010912 0.014850801
v 0.024792299 0.10655749 -0.014645666
v 0.0006127776 0.11564574 -0.008208222
v 0.07758272 0.1121888 0.015025828
v 0.045510367 0.10745865 -0.009514819
v -0.010676442 0.1050414 0.012210757
v 0.06816231 0.114759795 0.018062448
v 0.065097116 0.11555718 0.018583905
v 0.06252922 0.1152271 0.020148909
v 0.026849832 0.11409151 0.016889244
v 0.024086297 0.09613268 -0.013340299
v 0.035823297 0.109582156 0.021352911
v 0.032829437 0.11163958 -0.011992629
v 0.034968283 0.11158167 -0.011576637
v 0.055368986 0.11106952 0.023832688
v 0.031540893 0.11250223 -0.012145707
v 0.026090492 0.109978415 -0.013542131
v 0.07132844 0.11388024 0.0075184125
v 0.073125094 0.11334506 0.009778475
v 0.014581177 0.08458646 -0.0059037
v 0.0052571176 0.115754925 -0.007975467
v 0.04044234 0.09107349 -0.005377771
v 0.06606541 0.10668773 0.024051595
v 0.02889159 0.110960886 -0.012791103
v 0.052944377 0.111419104 -0.0072356737
v 0.020165505 0.11047924 -0.015271818
v 0.008517816 0.097762235 0.017288515
v 0.019167434 0.10628824 0.019124614
v 0.08362201 0.10732607 0.018692834
v 0.08311729 0.106545635 0.020333605
v 0.081574775 0.11086159 0.0137386955
v -0.0011696088 0.10643777 0.01409953
v 0.08246251 0.10989602 0.01325955
v 0.02701799 0.10644541 -0.01444966
v 0.062288214 0.097807035 -0.0015381968
v 0.08444668 0.10319882 0.014210937
v 0.04567401 0.08803228 -0.0004185387
v 0.013010506 0.11904327 0.00657876
v 0.042132217 0.08748804 -0.0010450679
v 0.040350642 0.10712564 0.022966605
v 0.024540935 0.1002974 0.02107455
v 0.03521813 0.10250898 0.02274496
v 0.058701012 0.10963343 0.024051595
v 0.06071798 0.1086479 0.023719924
v 0.032265507 0.11219516 0.0192851
v 0.07900251 0.110115804 0.019630658
v 0.07931447 0.111828186 0.014534569
v 0.044759896 0.11154673 0.02283837
v 0.06422031 0.116113804 0.017243879
v 0.052967113 0.12106303 0.0071743857
v 0.007985549 0.11437054 0.010153934
v 0.033156067 0.11492052 -0.010155769
v 0.008566598 0.116792634 0.008062863
v 0.059053693 0.11808629 0.016901722
v 0.02849723 0.10923191 -0.0135177
v 0.056959767 0.11809341 0.01760516
v 0.037852958 0.11521647 -0.008813212
v 0.036524583 0.113273956 -0.010690092
v 0.04100655 0.11328617 -0.010023056
v 0.0074863653 0.10939838 0.014978441
v 0.051504478 0.113338135 -0.0065969746
v 0.037905652 0.118230514 -0.000736685
v 0.030887606 0.12056628 0.0069870907
v 0.020468676 0.11374058 -0.012756854
v 0.029711131 0.120495684 0.009447854
v 0.042372596 0.11514473 -0.007873021
v 0.032172665 0.096187174 -0.010690429
v 0.0014597493 0.11447871 -0.00963893
v 0.030881228 0.09715988 -0.011416183
v 0.046393346 0.10954748 -0.009759373
v 0.043594692 0.10898362 -0.0103857415
v 0.08464166 0.10150811 0.015820777
v 0.08521954 0.10359757 0.016366333
v 0.02871363 0.11528347 -0.009996185
v 0.0701208 0.09349264 0.005619992
v 0.04008732 0.116219096 -0.0070152185
v 0.03411734 0.11611972 -0.0081541315
v -0.020899527 0.11285637 -0.0024775716
v 0.03118452 0.11606587 -0.008491968
v -0.009739982 0.097912945 -0.023263538
v 0.0032438696 0.09715838 0.016616719
v 0.040156707 0.117386006 -0.0051997965
v 0.024916284 0.11546411 -0.010091656
v -0.015461819 0.11347781 0.0018676688
v 0.060566124 0.11693917 0.001010412
v 0.008487987 0.11839911 -0.0017598765
v 0.0049936404 0.11338773 -0.013912938
v 0.0338622 0.09951487 0.023056248
v 0.037941433 0.11749999 -0.0039607957
v 0.045083396 0.120904155 0.011382417
v -0.0015662349 0.11603706 0.0062593766
v 0.0437912 0.09040174 -0.004029158
v 0.0686703 0.113677725 0.013920579
v 0.07079269 0.113403775 0.014342483
v 0.048653446 0.12153794 0.00980467
v 0.023004921 0.11797314 0.01233956
v 0.012996005 0.1112098 0.0153938355
v 0.0054663713 0.11544501 0.008638823
v 0.015619424 0.11716285 0.010795604
v 0.014102612 0.11361675 0.013936656
v 0.019547952 0.11860074 0.010419548
v -0.008945119 0.10844214 0.010944609
v 0.000731784 0.11741375 0.0052554403
v 0.04027188 0.117962345 -0.0033732862
v 0.020449141 0.108964115 0.018592242
v 0.005784473 0.11128746 0.013574799
v 0.033043172 0.11934995 0.0012780194
v 0.06533122 0.11254745 0.021510668
v 0.06693685 0.110614106 0.022133628
v 0.034846175 0.121308155 0.0068578105
v 0.04789943 0.12061846 0.003397424
v 0.041760504 0.12067394 0.0026822642
v 0.009096924 0.11098491 0.0142994635
v -0.016656388 0.107718185 -0.018080235
v 0.037621565 0.121194296 0.0050928677
v 0.044168096 0.1215501 0.004620499
v 0.05473058 0.12037961 0.0064682025
v 0.028396852 0.11262622 -0.01237338
v 0.032856677 0.12037895 0.004318997
v 0.03736206 0.12010861 0.0025777174
v -0.009944863 0.10683303 0.011724635
v 0.07819422 0.111564435 0.017507037
v 0.039601304 0.121123604 0.0039807307
v 0.049697913 0.121522374 0.0055328147
v 0.046860535 0.12158199 0.0050588623
v 0.03536982 0.09777255 0.02285701
v 0.02596852 0.12047876 0.007286241
v 0.06342969 0.115772136 0.019431224
v 0.06547321 0.11447579 0.020264877
v 0.06279317 0.11617624 0.017971464
v 0.052949898 0.11301617 0.022595378
v 0.045163963 0.12051131 0.0026500158
v 0.044793084 0.12209573 0.0064308606
v 0.03315999 0.12073412 0.010316645
v 0.038291287 0.10906287 0.022024406
v 0.03297385 0.12094768 0.0085531585
v 0.029880958 0.118744195 -0.0007807244
v 0.038844034 0.12188788 0.00927078
v 0.03774055 0.12197272 0.008452822
v 0.049508076 0.108239524 0.024804978
v 0.010725209 0.11399436 0.012127885
v 0.01062961 0.11242608 0.013622627
v 0.066603854 0.115292445 0.01827932
v 0.021848185 0.11578557 -0.009149412
v 0.04324756 0.11901493 -0.00028626053
v 0.038339317 0.12193945 0.0073299496
v 0.004390155 0.11326958 0.010756308
v 0.022121761 0.10136782 -0.015314904
v 0.0098695215 0.11907862 0.004765827
v 0.046243846 0.10564665 0.024712492
v -0.009033654 0.11036269 -0.014675734
v 0.016138103 0.11885773 0.008561651
v -0.004324521 0.116965525 0.0036472485
v 0.061579417 0.117289335 0.014097974
v 0.007672247 0.104021974 -0.01983824
v 0.04510116 0.12196181 0.008697739
v 0.03597265 0.12163436 0.008943784
v 0.00035178586 0.0957468 0.015747907
v 0.019585105 0.11405736 0.0152033055
v 0.013411279 0.11526181 0.012116297
v 0.016156938 0.119773775 0.0067686057
v 0.061783455 0.1159486 0.019105857
v 0.02140552 0.10936233 -0.015216496
v 0.05670835 0.10868045 0.025012683
v 0.02237528 0.111412905 0.01776066
v 0.0046770787 0.11720192 0.0067377323
v 0.026430516 0.12032141 0.009878878
v 0.03589971 0.11786056 -0.0019451036
v 0.01636057 0.11547607 0.012965886
v 0.025095522 0.12010664 0.0041582715
v 0.030608172 0.1085916 0.02052299
v -0.004747364 0.10626452 0.013443346
v 0.013379512 0.11222571 -0.01582564
v 0.071058415 0.113337465 0.011966163
v 0.011352183 0.11580417 0.010169865
v 0.061093863 0.11197563 -0.004740063
v 0.061479934 0.11337111 -0.0038679997
v 0.0588015 0.11155507 -0.005759164
v 0.08075441 0.10975696 0.017975178
v 0.028195094 0.118360445 -0.0031884166
v 0.0051422645 0.118290596 0.0011034254
v 0.039586257 0.119008295 0.00020268853
v 0.08448974 0.10892719 0.01472926
v 0.027324028 0.12051686 0.008978207
v -0.0050096055 0.11717169 0.0020790747
v 0.03276438 0.119974434 0.012181904
v 0.021719003 0.12042015 0.006853969
v 0.046834208 0.11897994 0.0005938586
v 0.00046546166 0.1131686 0.009909664
v 0.048084393 0.1219693 0.007324601
v 0.05313093 0.11850032 0.0013646715
v 0.053433403 0.1173992 -0.0009958942
v 0.036902998 0.10522783 0.02260944
v 0.051639486 0.11908387 0.0018626165
v 0.06558474 0.11532554 0.0015888994
v 0.06900176 0.09813548 0.001927655
v 0.0057052155 0.11683444 -0.0056590186
v 0.023164738 0.11612446 0.014297244
v 0.025475116 0.11854527 -0.00347437
v 0.023863344 0.117583655 -0.0052204775
v 0.050192133 0.1198634 0.0030841345
v 0.052227803 0.12087956 0.0057993704
v -0.003636805 0.11757193 0.0008463436
v 0.0747576 0.10094145 0.025071355
v 0.084778346 0.103854045 0.01846225
v 0.059013296 0.100208834 0.026376031
v 0.07048283 0.11398613 0.017673295
v 0.073194265 0.113097824 0.01853866
v 0.07851866 0.096388415 0.011555463
v 0.04482388 0.117780805 -0.0030818605
v -0.01056161 0.11585132 0.0010953869
v 0.016541693 0.11152813 -0.016046615
v 0.041070677 0.1182546 -0.0017482652
v 0.0170537 0.113073654 -0.014401896
v -0.0011265639 0.108110264 -0.019606216
v 0.041791745 0.122325785 0.0077614523
v 0.03501907 0.11729404 -0.004329412
v 0.042860605 0.116619736 -0.005539113
v 0.042190433 0.11775661 -0.003357502
v 0.022323878 0.11101855 -0.014709676
v 0.051899653 0.11947972 0.015031049
v 0.06459612 0.10585767 -0.0034790726
v 0.057661872 0.11872742 0.014898159
v 0.028732276 0.12029689 0.0050167306
v 0.022040987 0.11485563 -0.010869324
v 0.072556645 0.109875806 0.001851573
v 0.050677873 0.11528933 -0.0049611703
v 0.039040547 0.118042774 -0.0018224464
v 0.0078607155 0.10969095 -0.01841424
v 0.041559104 0.11101045 -0.011044299
v 0.023533475 0.11263058 -0.013581591
v 0.05892201 0.117043346 0.018421305
v 0.026399203 0.1119237 -0.0130630275
v 0.026603362 0.11387236 -0.011930901
v 0.04818 0.11401308 -0.007241823
v 0.03386906 0.10459929 -0.013182895
v 0.06477801 0.11288014 -0.0023329528
v 0.032941453 0.08988384 -0.0064295926
v 0.069427826 0.11385909 0.01937076
v 0.05350168 0.105345994 -0.0074915756
v 0.04686196 0.11081847 -0.009609716
v 0.052825186 0.107758045 -0.0077231475
v 0.04881473 0.10828228 -0.009132962
v 0.030238397 0.113619536 -0.01166156
v 0.06378331 0.11448427 -0.0012520099
v 0.051208258 0.109524585 -0.008397126
v 0.074333265 0.10826161 0.0032439935
# 2705 vertices

vn -0.472324 0.10540144 0.8751004
vn -0.6800838 -0.5365873 0.49956006
vn -0.28564495 -0.66777027 0.687379
vn -0.2363446 0.30812186 0.9215217
vn 0.2208511 -0.8944089 0.38891855
vn 0.12932388 -0.85632384 0.49998486
vn 0.11835799 -0.8994445 0.42070296
vn 0.28148854 -0.91081434 0.3019628
vn 0.39112106 -0.7432299 0.5428017
vn 0.22793244 -0.67042667 0.7060983
vn 0.19986868 -0.7445098 0.63699114
vn 0.280787 -0.8809996 0.3807865
vn 0.22245732 -0.8247284 0.51993823
vn 0.20793822 -0.84433246 0.4938262
vn 0.17689243 -0.7968013 0.57776886
vn -0.4334696 0.38565233 0.8144793
vn -0.50483274 0.43883428 0.74334943
vn -0.38108438 0.3715935 0.8465772
vn -0.5406048 0.50159836 0.6753855
vn -0.63048214 0.53146315 0.56572026
vn -0.5390507 0.45113948 0.7112648
vn -0.3425891 0.2764859 0.89787984
vn -0.3044413 0.22906117 0.92457914
vn -0.60059214 0.56432545 0.5664149
vn -0.6222037 0.61132175 0.4890279
vn -0.2599822 0.23144363 0.9374664
vn -0.24039805 0.22412069 0.94444627
vn -0.3000975 0.17901327 0.9369609
vn -0.2715238 0.1667088 0.9478835
vn -0.30808276 0.17175493 0.9357272
vn -0.6246079 0.71960926 0.30336043
vn -0.61460984 0.718388 0.32584268
vn -0.6141479 0.7412044 0.27099535
vn -0.9636943 0.26698208 0.0037333837
vn -0.95421016 0.29172248 0.06618923
vn 0.46020523 -0.81901777 0.34266758
vn -0.9602818 0.26508385 0.087118
vn -0.8926299 0.28962904 0.34543735
vn -0.94243866 0.33209231 0.039039563
vn -0.97836936 0.20671913 -0.0077864854
vn -0.973535 0.16647242 -0.15657769
vn -0.9795414 0.18469332 -0.07991898
vn -0.97938496 0.19624935 0.047869273
vn -0.99095386 0.028961834 -0.131041
vn -0.9909997 -0.12533921 -0.04700822
vn -0.9313811 0.33381623 0.14524451
vn -0.75511545 0.25815916 0.6026231
vn 0.5604401 -0.619087 -0.5501256
vn -0.9543456 0.19024561 0.230285
vn -0.9638355 0.26649675 0.00082045456
vn -0.96418417 0.195872 -0.17883837
vn -0.95386785 0.122156955 -0.27425137
vn -0.9540126 0.28473657 0.093728386
vn -0.9581719 0.2827159 -0.0444797
vn -0.96678317 0.2523598 -0.04055741
vn -0.94754744 0.2893408 0.13577862
vn -0.96556365 0.2599935 0.009508206
vn -0.932764 0.34316307 -0.11041095
vn -0.6658242 0.5168856 0.53805906
vn -0.5388129 0.40681303 0.73768824
vn 0.2861528 -0.17426932 -0.9422032
vn -0.4855244 0.38772112 0.7835422
vn -0.61614084 0.44908115 0.6470678
vn -0.5780567 0.39857087 0.7120335
vn -0.23719081 0.26270804 0.9352673
vn -0.4105965 0.32988256 0.8500518
vn -0.34250572 0.38021353 0.8591435
vn -0.5011206 0.55371785 0.66503745
vn -0.48297095 0.5421562 0.68760866
vn -0.40975466 0.5350883 0.7387703
vn 0.2681916 -0.7818717 0.5628055
vn -0.64530265 0.60981405 0.46012104
vn -0.67756116 0.6571274 0.3302947
vn -0.5358263 0.44155005 0.71966916
vn -0.46960068 0.36169708 0.8053884
vn -0.65032005 0.449539 0.6123712
vn -0.276542 0.37768993 0.8836713
vn -0.70754826 0.6872308 0.16458803
vn -0.5673854 0.7499156 0.34014764
vn -0.5215844 0.77550775 0.35572124
vn -0.100134656 0.20584092 0.9734488
vn -0.9707115 0.20721999 -0.12156889
vn -0.9647343 0.22485465 -0.13685091
vn -0.45837206 0.4798699 0.7480775
vn -0.992712 0.116237246 0.031809263
vn -0.9994769 -0.0320616 0.0042305584
vn -0.64842534 0.3554134 0.6732206
vn -0.81637394 0.30408823 0.49098265
vn -0.86719733 0.39566392 0.30235568
vn -0.6519823 0.5697706 0.50028044
vn -0.57173634 0.5607865 0.59886235
vn 0.018619204 0.12136923 0.99243283
vn -0.9002334 0.04763605 -0.43279403
vn -0.9505646 0.23715074 -0.20046578
vn -0.931913 0.3192186 -0.17215604
vn -0.93809307 0.3454178 0.02584676
vn -0.8998002 0.4362612 -0.005989364
vn -0.7495084 0.5582561 0.35579112
vn -0.7527381 0.52217054 0.400903
vn -0.7467804 0.6158509 -0.2510912
vn 0.2251586 -0.9504672 0.21427937
vn 0.26329622 -0.90804315 0.3257802
vn 0.16448341 -0.9466867 0.27700105
vn 0.066104196 -0.9386675 0.33842835
vn 0.18073867 -0.9572419 0.2258796
vn 0.287332 -0.5297936 -0.7979719
vn 0.33155048 -0.44287094 -0.83303034
vn 0.24110925 -0.39233547 -0.88765943
vn 0.3237737 -0.42103922 -0.8472878
vn 0.23582338 -0.36289427 -0.90149605
vn 0.35721385 -0.29270148 -0.88697475
vn 0.11415786 -0.27378693 -0.9549915
vn 0.18520707 -0.31545863 -0.9306902
vn 0.11718093 -0.24272527 -0.9629918
vn 0.095078364 -0.8820209 0.46151847
vn 0.09761516 -0.9347355 0.34167388
vn 0.07243778 -0.8915945 0.44700336
vn 0.03464187 -0.8626097 0.5046824
vn 0.065472074 0.11717707 0.9909505
vn -0.036819834 0.21394703 0.9761511
vn -0.18697767 0.2813773 0.9412046
vn 0.87035644 -0.4920876 0.01815417
vn -0.3791138 0.42624918 0.8213309
vn -0.25589523 0.3736702 0.89156514
vn 0.1608189 -0.3005382 -0.9401139
vn 0.025396125 -0.22812027 -0.97330177
vn 0.41388407 -0.58396894 -0.69834113
vn 0.3795053 -0.5564305 -0.7391622
vn -0.73297954 0.5661331 -0.37713975
vn -0.84359306 -0.27747092 -0.45973977
vn 0.16635738 -0.33361617 -0.9279147
vn 0.1701001 -0.3458869 -0.92272866
vn -0.4845669 -0.25664875 -0.8362574
vn 0.036428597 -0.25789785 -0.9654853
vn 0.26270127 -0.37333974 -0.8897221
vn 0.2969959 -0.40958485 -0.86257386
vn 0.15206848 -0.37405005 -0.91485614
vn 0.08563499 -0.31902793 -0.9438686
vn 0.083364144 -0.83868885 0.5381928
vn 0.07561741 -0.85832494 0.5075041
vn -0.7058565 -0.7068996 -0.04538243
vn -0.748403 -0.60876477 0.263246
vn 0.09116646 -0.8957594 0.43509048
vn -0.6957498 0.47236198 -0.54111594
vn 0.064742565 -0.9288673 0.364711
vn 0.00015454124 -0.8789741 0.47686964
vn 0.18556674 -0.9041705 0.38476068
vn 0.2024509 -0.9376352 0.2825843
vn 0.12386389 -0.9492662 0.28905272
vn 0.14627182 -0.923222 0.3553388
vn 0.18181847 -0.89222187 0.413379
vn 0.109329365 -0.59272873 0.7979473
vn 0.07861315 -0.5367985 0.84004015
vn 0.16991358 -0.63543797 0.7532251
vn 0.60321695 0.27093002 0.75015074
vn 0.8350822 -0.036733355 0.54889756
vn 0.73637825 -0.6331439 0.23848656
vn 0.4839244 -0.819889 0.30594
vn 0.4855148 0.07211263 0.87124926
vn 0.32687417 -0.29385886 0.8982206
vn -0.6587375 0.5596621 0.5028352
vn -0.6648582 0.7314181 0.15162869
vn -0.95566875 0.25886518 -0.14030698
vn -0.9559524 0.16912018 -0.2399028
vn -0.9770199 0.104925364 -0.18553382
vn -0.9217373 0.04559898 -0.3851249
vn -0.96416646 0.019663004 -0.26456833
vn 0.32950833 -0.5107401 -0.7940837
vn 0.45625317 -0.6155097 -0.6426359
vn -0.42507178 0.40980712 0.80707633
vn -0.4449296 0.4325748 0.78416616
vn -0.71444863 -0.38628227 -0.5833945
vn 0.015973484 -0.23974077 -0.9707055
vn -0.32919136 0.43538487 0.8378981
vn -0.9311615 -0.16417742 -0.32555196
vn -0.8093182 0.58524054 0.049976125
vn -0.8722725 0.48502418 0.062387645
vn -0.6799433 0.23143938 0.69578224
vn -0.8424631 0.5348533 0.06471424
vn -0.83495647 0.5073402 0.21319856
vn -0.96752346 -0.16596179 -0.19067007
vn -0.9239624 -0.015051565 -0.3821872
vn -0.6762496 0.2367604 0.69758946
vn -0.8489747 0.52547634 0.055828143
vn -0.7230644 0.52903265 0.44418722
vn -0.6979912 0.6961661 -0.16781284
vn 0.56367433 -0.64711934 -0.51333016
vn -0.94664305 0.123467736 -0.2976956
vn -0.9281966 0.08140993 -0.36307508
vn 0.35552442 -0.5441495 -0.7599367
vn -0.8751131 -0.00793975 -0.4838533
vn 0.26114082 -0.9141346 0.31010225
vn 0.3279318 -0.9112879 0.24902849
vn 0.4652882 0.84169257 -0.2739719
vn 0.4221592 0.89693356 -0.13149855
vn 0.3342908 0.9394201 0.075760715
vn 0.3917696 0.90960634 0.13832176
vn 0.3826569 0.9234892 -0.027229412
vn 0.32668045 0.9397021 0.101192035
vn 0.29902437 0.94228274 0.15062457
vn -0.28390947 0.7713264 0.56960595
vn -0.23667067 0.7067529 0.6666989
vn 0.17279612 0.5590585 0.81092244
vn -0.17305733 0.6903133 0.7025089
vn 0.18402094 0.67544186 0.714083
vn 0.07858403 0.543951 0.83542913
vn 0.2110945 0.7388074 0.64000213
vn 0.24641073 -0.062207773 -0.96716696
vn 0.29733926 0.70374227 0.6452412
vn 0.34430915 0.83027047 0.4382947
vn 0.11091177 0.5420741 0.8329792
vn 0.15336807 0.45775446 0.87575066
vn 0.37007186 0.9289981 -0.0030625877
vn 0.060530886 0.6126645 0.78802174
vn -0.11398153 0.68771964 0.7169728
vn -0.10333467 0.78883135 0.60586065
vn -0.13631119 0.7046236 0.69636554
vn 0.02029808 0.884511 0.46607763
vn 0.55068994 -0.83431417 0.025700973
vn -0.0450609 0.8400472 0.5406388
vn 0.0025865918 0.8897433 0.4564539
vn 0.09308947 0.7286088 0.67857474
vn 0.17633557 0.16159813 0.97097474
vn 0.0098059615 0.053339757 0.99852836
vn -0.06666996 0.88243324 0.46568948
vn 0.27863377 -0.15193199 -0.94830376
vn -0.02449028 0.73423195 0.67845684
vn 0.2529772 0.9331256 0.25549778
vn -0.07574123 0.75983083 0.6456938
vn -0.21338466 0.5415634 0.8131274
vn -0.19453213 0.55572873 0.8082839
vn 0.3781608 0.9226364 0.07574043
vn 0.40960512 0.9118249 0.028268103
vn 0.2923542 0.94375867 0.1544302
vn 0.36286676 0.92189497 0.13578449
vn -0.22696072 0.64139384 0.732873
vn 0.11335294 0.9504381 0.28951436
vn 0.006870816 0.9301581 0.36709505
vn 0.12713738 0.9489041 0.2888204
vn 0.28305972 -0.24161091 -0.928171
vn 0.118497215 0.94601834 0.3016749
vn -0.029242888 0.8340903 0.55085236
vn -0.08792378 0.7386036 0.66838175
vn -0.07807801 0.78862196 0.60990113
vn -0.19384208 -0.03250761 0.9804941
vn -0.1528193 0.7571465 0.6351184
vn -0.20906831 0.7116176 0.67073905
vn -0.15497933 0.79513687 0.5862925
vn -0.124967344 0.93958473 0.31869072
vn -0.10513839 0.9722687 -0.2089008
vn -0.054559924 0.99620163 -0.067864485
vn -0.078767136 0.89790446 0.43308595
vn 0.2204829 0.9267522 -0.30416715
vn 0.2954106 0.930786 -0.21533698
vn 0.40529835 0.91231513 0.05843151
vn 0.38332832 0.9218052 -0.057746757
vn 0.14687456 0.898444 -0.41379514
vn 0.30232042 0.84851485 -0.4343097
vn 0.010872273 0.891231 -0.45341942
vn 0.023118714 0.9179285 -0.39607173
vn -0.061974972 0.8113578 0.58125514
vn 0.1987169 0.8159488 -0.54289895
vn 0.15036339 0.84908456 -0.50640523
vn 0.24788009 0.7748245 -0.58155185
vn -0.114865296 -0.7224266 0.68184006
vn 0.22079313 0.8752817 -0.43027008
vn 0.33925554 0.92195284 -0.18683898
vn -0.008816389 0.9759803 -0.21768045
vn 0.0070926757 0.948563 -0.31650925
vn -0.027983965 0.8443977 0.53498554
vn 0.057586893 0.87646246 -0.47801402
vn 0.14876807 -0.2989267 0.9426086
vn 0.23521909 0.5880466 0.7738689
vn 0.345594 0.6488257 0.6779308
vn 0.4711264 0.465552 0.74920046
vn 0.4114098 0.20087156 0.88904035
vn 0.3436081 -0.05445989 0.9375328
vn 0.18943384 -0.13255043 0.97290564
vn 0.08081807 -0.5237754 0.84801406
vn 0.14077953 -0.7287391 0.6701646
vn 0.278836 0.45881492 0.84364647
vn 0.10648703 -0.48036364 0.87058103
vn 0.060046107 -0.4284814 0.90155315
vn 0.0058662277 -0.96994686 0.2432462
vn 0.1415616 -0.86058027 0.4892464
vn 0.17797124 -0.8466558 0.50149804
vn -0.12222274 -0.20260933 0.9716024
vn -0.049581923 -0.8469288 0.52938944
vn 0.21368426 -0.30943024 -0.9266024
vn 0.1624299 -0.10356492 -0.9812701
vn 0.25445044 -0.3196193 -0.9127423
vn 0.2677738 -0.39044818 -0.88082206
vn 0.29371247 -0.30041808 -0.907459
vn 0.2756771 -0.19650583 -0.9409504
vn 0.30177987 -0.38911366 -0.87035596
vn 0.26365334 -0.412707 -0.87187153
vn 0.24933766 -0.4093146 -0.87766296
vn -0.42413718 0.58664745 -0.68989307
vn -0.03319371 -0.6095061 0.7920861
vn -0.024927167 -0.83214545 0.553997
vn -0.06377752 -0.66923 0.74031323
vn 0.0012734047 -0.7496037 0.6618858
vn -0.16956103 -0.4687908 0.8668819
vn -0.030473636 -0.61655694 0.7867204
vn -0.022764321 -0.8731661 0.486891
vn -0.0395523 -0.7880943 0.61428255
vn 0.38618538 -0.88847655 0.24793215
vn 0.0116475895 -0.9313475 0.3639454
vn -0.010655023 -0.8997866 0.4362003
vn 0.045421846 -0.9574265 0.28508136
vn 0.1706269 -0.9478273 -0.26927677
vn 0.17343508 -0.8391708 0.5154733
vn 0.24001655 -0.87368655 0.42315933
vn 0.14895108 -0.93761796 0.31414333
vn -0.08162866 -0.49515626 0.86496073
vn -0.03317397 -0.6409622 0.76685524
vn -0.05304746 -0.87437946 0.48233435
vn -0.04661533 -0.8395732 0.54124284
vn -0.008812556 -0.9651403 0.2615848
vn 0.0143816285 -0.9213617 0.38844028
vn 0.01197832 -0.91104656 0.41212952
vn 0.27082682 -0.38476738 -0.882387
vn 0.096905924 -0.93826896 0.33205536
vn 0.23825267 -0.37719268 -0.8949645
vn 0.41402668 -0.56409764 -0.71440595
vn 0.21108422 -0.9348177 0.28558606
vn 0.0011303502 -0.81775814 0.575561
vn -0.053386644 -0.7269673 0.6845937
vn 0.21627738 -0.91447824 0.3419849
vn -0.54225624 0.8180766 -0.1915958
vn -0.033734143 -0.76479226 0.6433933
vn -0.0020829884 -0.6540323 0.7564638
vn -0.005618006 -0.85501647 0.5185703
vn 0.11266286 -0.97136533 0.2091807
vn 0.014612839 -0.90541273 0.42428085
vn -0.06259767 -0.789793 0.6101709
vn 0.009319085 -0.8615799 0.50753653
vn -0.5478361 0.81222576 -0.20041202
vn -0.15473275 -0.48779005 0.85913837
vn -0.0702199 -0.7417727 0.6669651
vn -0.102012806 -0.47951394 0.8715847
vn -0.008543231 -0.7953748 0.60605776
vn -0.51609886 0.81478983 -0.26412037
vn -0.15147933 -0.6936139 0.70423996
vn -0.084636405 -0.7748868 0.62640804
vn 0.06393038 -0.86214167 0.50261784
vn -0.21419303 0.15294239 -0.9647435
vn 0.072314374 -0.88919336 0.4517807
vn 0.4048662 -0.4482178 -0.7969845
vn -0.3744235 0.8457021 0.38025665
vn -0.23714527 0.6990562 -0.6745981
vn -0.17789215 0.9738232 -0.14150217
vn -0.605594 0.6043682 0.5176824
vn -0.45011166 0.89032173 -0.068751246
vn -0.49757323 0.86266524 -0.09071788
vn 0.68012214 -0.7298458 0.06898501
vn -0.36532453 0.9173637 0.15805653
vn -0.3862158 0.92240745 0.0013929134
vn -0.22829 0.9663099 0.11886482
vn -0.30109736 0.9524933 0.04579226
vn 0.92407763 -0.3667762 0.107498266
vn -0.20521577 0.97145134 -0.11903245
vn -0.451688 0.28535903 -0.8453096
vn -0.22054143 0.9470245 -0.23346551
vn -0.2822311 -0.026473012 -0.9589812
vn 0.8956383 0.23059091 0.380342
vn 0.8390198 0.28515312 0.46339357
vn 0.95352614 0.14617996 0.2634757
vn 0.48568693 -0.87118536 0.07172347
vn 0.55559486 -0.8313791 -0.01109879
vn 0.67617756 -0.5628237 0.47540876
vn 0.9040698 -0.26027468 0.3389912
vn 0.25078022 -0.9454382 0.2079807
vn -0.42389283 0.8869433 0.18342988
vn -0.42758402 0.9018657 0.06172744
vn 0.16724074 -0.96380115 0.20764835
vn 0.41253325 -0.6430486 -0.6452169
vn 0.1886863 -0.98199624 0.008997695
vn 0.18545641 -0.9634086 0.19351968
vn -0.22640939 0.5143628 0.8271455
vn 0.15974525 -0.9852205 0.06182265
vn 0.058866803 -0.95354265 0.29545087
vn 0.088470265 -0.99599916 -0.012599245
vn 0.11909189 -0.9913475 0.055202484
vn 0.10530924 -0.9833353 0.1481947
vn -0.29549897 0.5126956 0.8061164
vn -0.31435633 0.7953367 0.51828533
vn -0.22305332 0.6171679 0.75455356
vn 0.18979327 -0.96648 -0.17290151
vn 0.27356026 -0.3977725 -0.87575215
vn -0.32734293 0.6051785 0.725676
vn -0.24578406 0.5018969 0.8292706
vn 0.4461063 -0.5540133 -0.7028929
vn 0.37141958 -0.622027 -0.6892968
vn 0.029198308 -0.9917608 0.12473212
vn -0.2577521 0.26448578 0.92930686
vn -0.24083678 0.46221945 0.85343474
vn -0.2662025 0.2881798 0.9198308
vn -0.35548052 0.46310025 0.811894
vn -0.26717827 0.41755247 0.8684848
vn 0.30053025 -0.4608311 -0.8350547
vn 0.2659537 -0.78350186 -0.5615991
vn -0.5969275 0.4393494 0.6713045
vn -0.5088645 0.4144351 0.75452006
vn -0.58658963 0.50847167 0.6303722
vn -0.6312993 0.61452895 0.4730914
vn -0.6320111 0.659044 0.40770444
vn -0.4529071 0.4892579 0.74532
vn -0.612765 0.642211 0.46052587
vn 0.30338693 -0.39632237 -0.8665362
vn 0.3367152 -0.37186205 -0.86506736
vn 0.01283331 -0.95182365 -0.30637753
vn 0.28501076 -0.3607975 -0.88802826
vn 0.30404755 -0.48098457 -0.82231927
vn 0.28777495 -0.6910129 -0.66308886
vn -0.26346156 0.6104919 0.7469188
vn 0.26775837 -0.7587729 -0.5937754
vn -0.32423246 0.8616441 0.39043927
vn -0.3903101 0.9185232 -0.0630344
vn -0.056381103 0.8994392 0.4333939
vn -0.5018955 0.86393785 0.041380305
vn -0.39022034 0.9170406 -0.08224773
vn -0.31377742 0.9428228 0.112378284
vn -0.2224327 0.43698207 0.8715334
vn -0.2613178 0.51927847 0.8136724
vn -0.34742206 0.92904204 0.12719624
vn -0.28049555 0.29648718 0.9129171
vn -0.27136764 0.3100632 0.91116434
vn -0.34502226 0.40604553 0.84621906
vn 0.27105156 0.11202851 -0.95602334
vn 0.33718428 -0.60619557 -0.72030115
vn -0.4896973 0.8717921 -0.013236346
vn -0.42207563 0.5286938 0.736434
vn 0.29677972 -0.7172492 -0.6304565
vn -0.5894414 0.57512426 0.5672661
vn -0.52788 0.5678769 0.6315525
vn -0.47448856 0.68108356 0.55766106
vn -0.56293243 0.62145454 0.5448865
vn -0.66145784 0.69955593 0.27036113
vn -0.6555549 0.66606987 0.3558071
vn -0.69078976 0.6465487 0.32370412
vn 0.28742346 0.85801435 0.42567512
vn 0.43975544 0.8298166 0.34353995
vn -0.56685895 0.5389405 0.6230683
vn -0.581835 0.6254802 0.5198486
vn 0.29583585 -0.43855247 -0.84861815
vn -0.59853405 0.65852624 0.45617995
vn -0.21477538 0.2777088 0.93634903
vn -0.4143504 0.41131258 0.81187177
vn -0.25507164 0.2828949 0.9246129
vn -0.54218185 0.55465984 0.6311825
vn -0.50468296 0.6470452 0.5715135
vn -0.5267987 0.5558564 0.643045
vn 0.17103119 -0.9813654 -0.08758081
vn -0.62988573 0.62856144 0.4562396
vn -0.66055405 0.6918813 0.29149398
vn -0.26935366 0.12892318 0.9543728
vn 0.314687 -0.06810256 -0.94674927
vn -0.2802727 0.22429222 0.9333489
vn -0.10811366 -0.12796983 0.9858677
vn -0.019848889 -0.27351177 0.96166384
vn 0.02029562 -0.4016675 0.9155607
vn -0.04403762 -0.24049263 0.9696515
vn -0.06298559 -0.20515536 0.97670066
vn -0.12293758 -0.029894542 0.9919641
vn 0.20459898 0.08940786 -0.9747541
vn -0.1405982 -0.055967726 0.9884836
vn -0.39484006 0.38440612 0.8344659
vn -0.036742236 -0.32602096 0.94464827
vn -0.3476482 0.2725625 0.89713454
vn -0.20651193 0.1712704 0.9633376
vn -0.4341808 0.8882151 -0.15020326
vn 0.2656903 -0.33001852 -0.9058126
vn -0.35309237 0.93300164 -0.06952553
vn -0.42564523 0.8972421 -0.11739993
vn -0.44470876 0.8950833 0.03255844
vn -0.44420457 0.8951744 -0.036676556
vn -0.4368106 0.89731306 0.06344946
vn -0.49236983 0.8603545 -0.13176577
vn -0.5719167 0.78656316 -0.23287264
vn -0.6141126 0.62806386 -0.47791377
vn -0.59942394 0.70481616 -0.37937477
vn -0.661895 0.6929911 0.28575957
vn -0.70952296 0.4565339 0.5367998
vn -0.7198819 0.6784896 0.14636248
vn -0.63736385 0.7095418 0.30052927
vn -0.6385869 0.6559102 0.4024782
vn -0.5713115 0.7365701 0.3620329
vn -0.66408455 0.65149236 0.3668097
vn -0.8042673 0.5942652 -0.0017384725
vn -0.5936133 0.69981754 0.39733952
vn -0.68465865 0.72727233 0.04814016
vn -0.7930094 0.5989727 0.111210294
vn -0.8450372 0.51073164 -0.15832052
vn -0.68703675 0.5606252 -0.4622552
vn -0.7677028 0.47846466 -0.42626762
vn -0.96525705 0.2381607 -0.10750925
vn -0.8230415 -0.39323506 0.40984014
vn -0.9296003 0.32947114 0.16520314
vn -0.88087404 0.4353768 0.18576327
vn -0.82575506 0.43912977 0.3539686
vn -0.8865176 0.3717449 0.27548572
vn -0.8656344 0.39977163 0.30142972
vn -0.9567914 -0.29076567 0.002351587
vn -0.70617855 0.5363875 0.46216923
vn -0.77661264 0.47004944 0.41943577
vn -0.6086726 0.56027675 0.56178975
vn -0.93719625 0.26391515 0.22806142
vn -0.9358736 0.32100257 0.14525108
vn -0.7916409 -0.41451097 0.4488714
vn -0.9618577 -0.020169647 0.272806
vn 0.13746591 0.13895136 -0.9807118
vn -0.958092 -0.24059296 0.15548235
vn -0.7972792 0.44616416 0.40655082
vn -0.8787724 0.23973824 0.41265568
vn -0.7954574 0.21213442 0.5676676
vn -0.9687804 0.2475917 -0.012764133
vn -0.9178804 -0.31775263 0.2377579
vn -0.9082317 -0.16023053 0.3865766
vn -0.9236602 -0.23207283 0.30494925
vn -0.8944388 -0.40177193 -0.19636351
vn -0.75334173 -0.37215143 0.5421988
vn -0.8750626 -0.4485457 -0.18185797
vn -0.89633816 -0.4395094 -0.05839076
vn -0.48162723 -0.13741297 0.8655363
vn -0.572081 -0.31833446 0.7559011
vn -0.6705288 -0.22050948 0.7083549
vn 0.88503265 -0.09275066 -0.45619574
vn -0.9086872 -0.40957618 0.08083975
vn -0.8420581 -0.49717343 -0.20918126
vn 0.31448868 -0.2431217 -0.9175995
vn -0.91481835 -0.40372857 0.010517895
vn -0.89128083 -0.34466353 -0.29466197
vn -0.92586476 -0.35621113 -0.12604824
vn -0.94013447 -0.2524735 -0.22891995
vn -0.8198706 -0.4566979 -0.34531045
vn -0.811243 -0.08301593 0.5787859
vn -0.81546646 -0.21886407 0.53582925
vn -0.29194048 -0.21425645 0.9321293
vn -0.59704083 0.450136 0.664018
vn -0.64237833 0.5420001 0.5418359
vn -0.6195233 0.5418827 0.5679385
vn -0.5562743 0.5074308 0.6580828
vn -0.25425726 -0.24812977 0.93476456
vn -0.74821657 0.4532643 0.48448277
vn -0.6580883 0.48268256 0.5778732
vn -0.81176406 0.51219356 0.2805296
vn -0.8470982 0.5220982 0.09918793
vn -0.72330946 0.556082 0.40938538
vn -0.6423285 0.52260953 0.56061876
vn -0.6701006 0.48035008 0.5658878
vn -0.7164411 0.5303159 0.45329607
vn -0.39612192 0.4882156 0.77764577
vn 0.27975127 -0.26110688 -0.9238845
vn -0.7610318 0.5216765 0.38559598
vn -0.52107996 0.51007885 0.6843211
vn -0.51558834 0.5174124 0.6829737
vn -0.33219805 0.29668295 0.89533436
vn -0.36887452 0.44004923 0.8187114
vn -0.009373848 -0.92105037 0.38933071
vn 0.49539945 -0.74200135 0.4516785
vn 0.43309835 -0.7898908 0.43416402
vn 0.42095646 -0.61241955 0.66913223
vn -0.30467963 0.15532966 0.93970364
vn 0.349466 -0.2925129 -0.8901179
vn 0.429978 -0.77754503 0.45884922
vn -0.2367659 0.8215175 0.51870126
vn -0.023530906 -0.19707754 0.9801055
vn -0.13931003 -0.076467745 0.987292
vn -0.26728022 0.26649883 0.9260344
vn -0.044441715 0.4473801 0.8932391
vn 0.15023161 -0.63846946 0.7548426
vn 0.3923994 -0.7385409 0.54825187
vn 0.37399015 -0.72957146 0.57258797
vn 0.28301707 -0.6182226 0.73328185
vn 0.43125162 -0.7156712 0.5493968
vn 0.35214743 -0.6482209 0.675131
vn 0.3086184 -0.56059855 0.76842964
vn 0.33115494 -0.5381186 0.7750901
vn -0.7197467 0.60379773 0.34262657
vn 0.12533377 -0.44802195 0.8851937
vn 0.44888514 -0.8216177 0.35134962
vn 0.76603603 -0.27793306 0.5796051
vn 0.11484817 0.9360752 -0.33252552
vn 0.1908902 -0.5042439 0.84219897
vn 0.3197073 -0.73706114 0.5954227
vn -0.475545 0.41827476 0.7738884
vn -0.36864176 0.3000573 0.8798119
vn -0.31301126 0.24861255 0.9166329
vn -0.5900898 0.60940313 0.5295487
vn -0.6419819 0.63708097 0.4265995
vn -0.48700175 0.71404254 0.5029637
vn 0.19620807 -0.20322426 -0.9592718
vn -0.50885916 0.6143704 0.6030021
vn -0.25077012 0.1868015 0.94985247
vn -0.34740895 0.39765736 0.84922063
vn -0.18150358 0.31560853 0.93136877
vn -0.5015773 0.65252894 0.568002
vn 0.28302604 -0.03005071 -0.9586414
vn -0.3117132 0.36164102 0.8786642
vn -0.312715 0.2669605 0.91155994
vn -0.27127638 0.25630233 0.9277491
vn -0.23428278 0.3502269 0.9068918
vn 0.19859113 0.18614553 -0.9622429
vn -0.33372906 0.35976654 0.8713168
vn 0.64989734 -0.29932532 0.698597
vn 0.23760211 0.07101534 -0.9687632
vn -0.18640809 0.17816474 0.96618295
vn 0.2718126 -0.6007383 -0.75181884
vn -0.08675963 0.14709133 0.9853106
vn -0.32497406 -0.14466071 0.9345936
vn -0.57972735 0.7283647 0.36524114
vn -0.3003016 0.42132017 0.85575014
vn 0.58590776 -0.7253923 0.36127314
vn -0.3755802 0.48232585 0.791392
vn 0.6096673 -0.2450879 0.75381553
vn 0.5045743 -0.58562845 0.6343849
vn 0.49689054 -0.65658 0.5674527
vn 0.17882314 -0.26534772 0.9474244
vn 0.32443407 -0.2863504 0.90152425
vn -0.25704166 0.24750692 0.9341681
vn 0.06620676 -0.33626 0.9394392
vn 0.24265666 -0.65593094 0.71475345
vn -0.1707073 0.06883315 0.98291457
vn 0.16685976 -0.5531544 0.8161972
vn 0.26995903 0.8503802 0.45163682
vn 0.07461084 -0.4652348 0.8820374
vn 0.11187662 -0.41460386 0.9030987
vn -0.031910498 -0.13365628 0.99051386
vn 0.10564843 -0.27766848 0.9548501
vn 0.051984567 -0.19288795 0.97984284
vn -0.13287003 0.31245834 0.94059306
vn 0.50055814 0.7414027 -0.4469494
vn 0.123450585 -0.027798077 0.9919613
vn -0.07506614 0.2571989 0.9634386
vn -0.09205933 0.25657907 0.96212906
vn 0.25041926 0.9667233 -0.05230932
vn 0.11781333 0.9913286 -0.058203995
vn -0.19534847 0.02970735 0.9802839
vn -0.25328285 0.017136836 0.9672405
vn -0.06300043 0.18833809 0.9800815
vn 0.038321618 0.16968773 0.98475254
vn 0.02766821 0.12011909 0.9923739
vn 0.03652319 0.07143838 0.99677616
vn 0.20232436 0.032277104 0.9787865
vn -0.1610451 0.060644183 0.9850821
vn -0.2809907 0.11243253 0.9531019
vn 0.2571854 -0.40550226 0.877168
vn 0.21128781 -0.4208317 0.88218945
vn 0.0014594387 -0.047597222 0.9988656
vn 0.108536005 -0.19719175 0.9743385
vn 0.20830527 0.008060736 0.9780306
vn 0.24537152 -0.09748661 0.96451503
vn 0.0426868 -0.16065829 0.98608655
vn 0.6081366 -0.32616952 0.7237288
vn 0.033094894 -0.11755896 0.9925144
vn -0.18487963 -0.16590656 0.9686561
vn -0.27208358 -0.20572753 0.9400249
vn -0.1657253 -0.14481215 0.9754818
vn -0.24128002 -0.15155801 0.9585479
vn 0.23123051 -0.6056347 0.76140594
vn 0.31286582 0.24983248 -0.91635084
vn -0.12031052 -0.09082435 0.98857284
vn -0.32350722 -0.06723195 0.9438342
vn -0.06626668 -0.09231566 0.9935223
vn -0.015952911 0.09617044 0.99523705
vn -0.8323777 0.51782495 0.19749638
vn -0.23397548 -0.02457419 0.97193193
vn -0.14994521 0.048486885 0.9875047
vn -0.22097564 -0.07952967 0.9720313
vn -0.28602815 0.14594568 0.94704163
vn -0.4099116 0.42886 0.8050165
vn -0.3390169 0.07993703 0.93737805
vn 0.58322656 -0.8117477 -0.030206608
vn -0.38177443 0.4488923 0.80792564
vn 0.014287731 -0.6876355 -0.72591555
vn 0.5763995 -0.76421046 -0.28938898
vn 0.17683046 0.031868216 0.9837253
vn -0.37274864 0.08578746 0.92395836
vn -0.23586205 0.085253656 0.9680398
vn -0.44031268 0.12689939 0.88883144
vn -0.92301446 0.33316404 0.19247349
vn -0.5881811 0.21223949 0.7803829
vn -0.41253808 0.1256286 0.90223604
vn -0.30345425 0.058426987 0.9510531
vn -0.43641388 0.023417003 0.8994413
vn -0.44612873 -0.16324636 0.87995446
vn -0.57462776 0.16041519 0.8025397
vn -0.8010522 0.50432956 0.32243928
vn -0.8018264 -0.28314048 0.5262185
vn -0.62433517 -0.3846549 0.6798869
vn -0.25370815 0.27619502 0.92701054
vn -0.32376114 0.39058486 0.8617554
vn -0.3059355 0.2570119 0.9167052
vn -0.42775333 0.3851361 0.8177392
vn -0.37904975 0.3157527 0.86983997
vn -0.4899353 0.28115788 0.8251749
vn -0.46958938 0.42125458 0.7759062
vn -0.6627729 0.24523976 -0.7075236
vn -0.7059894 -0.013472295 0.7080943
vn -0.35369682 -0.0218044 0.935106
vn -0.42303795 -0.2974068 0.85591364
vn -0.78395504 0.3973006 0.47703958
vn -0.7925869 -0.29123303 0.53571385
vn -0.5700555 -0.2780795 0.7731161
vn -0.92384017 0.16211215 0.34675503
vn -0.44304594 -0.30630678 0.84254766
vn 0.2845518 -0.35070363 -0.8922092
vn 0.2573308 -0.45822325 -0.8507716
vn -0.9728563 0.026834588 0.22984923
vn 0.22998251 -0.49828422 -0.83595514
vn -0.93472475 -0.102298394 0.34033024
vn -0.98049664 -0.020939542 0.19541699
vn -0.84757143 -0.41651553 0.3288428
vn -0.8717082 -0.48536834 0.06739773
vn -0.8987235 -0.20321217 0.38858843
vn -0.9264229 -0.3333654 0.17495196
vn -0.9165743 -0.38412142 0.11109622
vn -0.9345974 -0.2807497 0.21842027
vn 0.6782221 0.019854786 0.7345887
vn 0.9049292 0.021863427 0.42500007
vn 0.33403644 -0.4996479 -0.799232
vn 0.2737554 -0.6547026 -0.70457256
vn -0.90875745 -0.25915945 -0.327103
vn -0.8108793 -0.10655647 -0.57543063
vn -0.9939435 -0.04164506 0.101696014
vn -0.994877 -0.0010524621 -0.10108774
vn -0.98358047 -0.037303135 -0.17657264
vn -0.9800163 0.015077526 -0.19834498
vn -0.9900691 -0.00786296 0.14036155
vn -0.97038007 -0.11846155 -0.21054569
vn -0.9445096 0.04569977 0.32528934
vn -0.96195275 -0.04044545 0.27020577
vn -0.97741157 -0.019561872 0.2104377
vn -0.15282856 -0.5368295 0.8297335
vn -0.99673796 -0.040084615 0.07004739
vn -0.9661953 0.01943873 0.25707754
vn -0.7534477 -0.19167972 -0.62894785
vn -0.99402946 -0.07883102 -0.075440034
vn -0.8478007 -0.34131384 -0.4058806
vn -0.8744826 -0.3436645 0.34230822
vn 0.18335176 -0.9165844 -0.35532424
vn 0.45402628 -0.6361494 -0.62383825
vn 0.20654598 -0.69370836 -0.6900055
vn 0.18944846 -0.96412325 0.18594547
vn 0.41718933 -0.6449503 -0.6403065
vn -0.7931739 -0.25343138 -0.5537577
vn 0.358852 -0.53505623 -0.76481384
vn -0.8044911 -0.093746684 -0.58651996
vn 0.099401094 -0.525836 -0.844758
vn -0.5648084 -0.498166 -0.6578922
vn -0.39809087 -0.6023036 -0.6919205
vn -0.23191325 -0.6707807 -0.704464
vn -0.83895665 -0.11869153 -0.5310971
vn 0.35572955 -0.45608345 -0.8157478
vn -0.69858557 0.3563895 -0.6204553
vn 0.15439978 -0.6709424 -0.72525656
vn 0.33927375 -0.64126176 -0.68824184
vn -0.60778433 -0.545842 -0.57676226
vn -0.781692 -0.3867829 -0.48924085
vn -0.8844507 -0.106104665 -0.45441046
vn -0.8367934 -0.026170885 -0.546893
vn -0.73862386 -0.122803144 -0.66283804
vn -0.04075025 -0.5927297 -0.8043699
vn -0.27054888 -0.5179604 -0.8114926
vn -0.74931026 -0.30480865 -0.5878996
vn -0.67055863 -0.24774416 -0.69926685
vn -0.7528555 -0.47347432 -0.45719877
vn 0.18359105 -0.88572735 -0.42635828
vn -0.85616094 -0.44890794 -0.2558713
vn -0.8459816 -0.17936064 -0.5021403
vn 0.40111306 -0.8410631 -0.36293435
vn -0.8754458 -0.0464057 -0.48108345
vn -0.9199528 0.36228734 -0.14978218
vn -0.932016 0.29073903 -0.21637246
vn -0.90913033 0.39704618 -0.12584296
vn 0.049555287 -0.97135663 0.23240194
vn -0.22767378 -0.6277107 -0.7444085
vn -0.92537516 0.09706195 -0.3664149
vn -0.9023611 0.32536796 -0.28263065
vn -0.89539 0.025218632 -0.44456816
vn -0.7905999 -0.061521117 -0.60923487
vn -0.8732414 -0.0036209633 -0.48727444
vn 0.5501379 -0.80560285 0.21989201
vn -0.91177654 0.36306813 -0.19195093
vn -0.88914114 0.30363557 -0.34239385
vn -0.88927436 0.40272182 -0.21680942
vn -0.9289874 0.2232728 -0.2951809
vn 0.062567346 -0.98066235 -0.18543644
vn -0.82434183 0.36749592 -0.43058944
vn -0.86441356 0.39904395 -0.30586454
vn -0.88242656 0.105502605 -0.4584676
vn -0.8648009 0.4270903 -0.2640331
vn 0.2237481 -0.5182495 -0.8254419
vn -0.80800396 0.43625158 -0.39599767
vn -0.84788567 0.48525092 -0.21359175
vn -0.8735253 0.46023017 -0.15856156
vn -0.91254795 0.40003836 -0.085003175
vn -0.89110917 0.44495326 0.08911298
vn -0.3826941 0.9238391 0.008162752
vn -0.27981204 0.95838267 0.05663758
vn -0.8841321 0.4542349 0.109458916
vn -0.88258624 0.4693954 0.02663853
vn 0.15348999 -0.8639503 -0.4796152
vn -0.8493829 0.50989187 -0.13623175
vn -0.0057872124 -0.99719936 -0.07456475
vn -0.77080977 0.6076005 -0.19150466
vn -0.7889902 0.60954183 -0.07715755
vn -0.81603116 0.5548273 -0.16204898
vn -0.82889116 0.5594034 -0.0026960347
vn -0.8274092 0.54800427 0.12282237
vn -0.76349026 0.5852485 -0.27306947
vn -0.8130369 0.58210444 0.011199414
vn -0.8550037 0.49867126 -0.1424631
vn -0.81167287 0.5836949 0.022080224
vn -0.8158302 0.57317746 -0.07673839
vn -0.8043686 0.593409 0.02927437
vn -0.8304109 0.47347653 -0.29366276
vn 0.6864225 -0.38990164 0.6138411
vn 0.35260943 -0.616918 -0.70361835
vn -0.7727493 0.5588315 -0.30094185
vn 0.37433714 -0.70560366 -0.6016604
vn -0.7324866 0.5737893 -0.3663733
vn -0.688589 0.6656231 -0.28773442
vn 0.1903609 -0.9816694 -0.009375051
vn -0.15006231 0.22233519 -0.96335274
vn -0.04232389 -0.082768805 -0.9956696
vn -0.77999634 0.6010394 -0.1742339
vn -0.7111541 0.6198376 -0.33175468
vn -0.7044454 0.6564445 -0.269884
vn -0.74850553 0.52324694 -0.40737233
vn -0.78189033 0.59670323 -0.18053465
vn 0.11770777 -0.9892134 0.08718791
vn -0.72956246 0.57267255 -0.37387812
vn 0.06266448 -0.9622044 0.26502058
vn 0.29533157 -0.95153356 0.08580942
vn 0.30289587 -0.9485337 -0.092400976
vn 0.09664994 -0.98204374 0.16201542
vn 0.29586625 -0.95512056 0.014422959
vn -0.7339415 0.52466935 -0.43133754
vn -0.72133386 0.54432493 -0.42823812
vn 0.17831358 -0.7523429 -0.6341802
vn 0.061522726 -0.8871559 0.4573504
vn 0.30393085 -0.8741499 0.3787982
vn 0.47519258 -0.86790335 0.14469218
vn 0.21711934 -0.9728467 -0.08017743
vn 0.1718311 -0.98335063 0.059124105
vn 0.51807576 -0.8407559 0.15724854
vn 0.5025318 -0.831904 0.23536684
vn -0.2536011 -0.052991845 0.9658563
vn 0.65503037 -0.70904994 0.26111972
vn 0.45590386 -0.87659705 0.15404348
vn 0.5642661 -0.8070294 0.1740899
vn 0.60479677 -0.7678465 0.2112646
vn 0.23690493 -0.93240404 -0.27294466
vn -0.8442496 0.53209364 -0.06417991
vn 0.13475981 -0.8937645 0.42781404
vn -0.27174315 -0.03028868 0.9618931
vn 0.1591862 -0.97971183 -0.121755525
vn 0.7667123 -0.5568417 -0.31949916
vn 0.73875433 -0.56389487 -0.36914045
vn -0.5851175 -0.54696494 -0.59872115
vn -0.43874332 -0.50562567 -0.74286413
vn -0.5532359 -0.37832874 -0.74215734
vn -0.40420058 -0.6236127 -0.6691256
vn 0.21115087 -0.9725321 0.097962484
vn 0.27903685 -0.94648385 0.16219373
vn 0.66120607 -0.65458745 -0.3664994
vn -0.8793587 0.47415745 -0.04362344
vn 0.08891414 -0.0030993933 -0.9960345
vn 0.6302376 -0.51294166 -0.58283067
vn 0.63318837 -0.5921561 -0.4984212
vn 0.7910295 -0.48734802 -0.3698166
vn 0.43354788 -0.5933346 -0.6782259
vn 0.5912283 -0.64528537 -0.48379338
vn 0.7149743 -0.6545047 -0.24583632
vn 0.46483105 -0.5952669 -0.6554308
vn 0.49998713 -0.60414374 -0.6205025
vn 0.6851821 -0.5929375 -0.4230256
vn 0.75509775 -0.48794413 -0.43787873
vn 0.58460534 -0.7945756 0.16397065
vn 0.5103018 -0.8169299 0.2687334
vn 0.15072964 -0.97532207 0.16133063
vn 0.39870784 -0.89367956 0.2058371
vn 0.43480557 -0.8986069 -0.058735363
vn 0.11742983 -0.99307054 0.004598705
vn 0.18381362 -0.979625 -0.08091696
vn 0.05973966 -0.9580838 0.28019047
vn 0.30028963 -0.24309595 -0.9223505
vn 0.5420166 -0.8401938 -0.017098635
vn 0.43186462 -0.9015795 0.02544488
vn 0.48562 -0.86419743 0.13166645
vn 0.47771794 -0.74570525 -0.4644452
vn 0.4958024 -0.86814696 0.022379102
vn 0.40361243 -0.913951 0.04231604
vn 0.46939453 -0.87192035 0.13936897
vn 0.21457015 -0.96712244 0.1365058
vn 0.22472784 -0.96613914 0.12677827
vn 0.5136236 -0.78860235 -0.33807877
vn 0.27553073 -0.47892252 -0.83349633
vn 0.21044269 -0.42915195 -0.8783749
vn 0.28654084 -0.474896 -0.8320866
vn 0.3225936 -0.52046824 -0.79059863
vn 0.37010303 -0.55462795 -0.74525946
vn 0.7175882 -0.64470845 -0.2634734
vn 0.39984888 -0.103693984 0.91069674
vn 0.4593823 -0.8830202 0.09614203
vn -0.706063 0.560518 -0.43277553
vn -0.80552626 0.5753331 -0.14184235
vn 0.26642486 -0.37957552 -0.88596857
vn 0.3036304 -0.45078602 -0.8394049
vn -0.886451 0.02487331 0.4621536
vn 0.3121718 -0.45249617 -0.8353419
vn 0.15957679 -0.98705643 -0.01596729
vn 0.09361272 -0.99066764 0.0990674
vn 0.70263666 -0.61342466 -0.36057165
vn -0.011032361 -0.1429759 -0.9896647
vn 0.02901481 -0.19459386 -0.98045474
vn 0.3504695 -0.42641327 -0.83387226
vn -0.028087633 -0.13775857 -0.99006754
vn 0.24748833 -0.962861 -0.10792644
vn 0.08491154 -0.9910737 -0.102775924
vn 0.4253268 -0.87335086 -0.23739292
vn 0.25550422 -0.4057586 -0.8775406
vn -0.14187086 -0.049797267 -0.98863184
vn 0.21519478 -0.31584585 -0.9240847
vn 0.23209038 -0.35271543 -0.9064909
vn 0.3714187 -0.55120015 -0.74714565
vn 0.122407384 -0.92772144 -0.35263216
vn 0.33464342 -0.56286526 -0.75577545
vn 0.33894128 -0.5148751 -0.787415
vn 0.34811708 -0.49841908 -0.7939729
vn 0.4589912 -0.6327744 -0.62363744
vn 0.7061259 -0.66185015 -0.25167575
vn 0.3097047 -0.5634773 -0.7658827
vn 0.27356842 -0.4544404 -0.84772897
vn 0.19732763 -0.37423885 -0.90609443
vn 0.14155225 -0.25799406 -0.9557207
vn 0.17604595 -0.33277562 -0.9264277
vn 0.23050047 -0.46806908 -0.8531008
vn 0.45144513 -0.87416947 -0.17895548
vn 0.2403273 -0.48367903 -0.8416041
vn 0.21625546 -0.33143872 -0.9183583
vn 0.24408133 -0.9274926 0.28316388
vn 0.34602198 -0.8738904 0.34144467
vn 0.028060762 -0.93147534 0.36272082
vn 0.073763676 -0.895408 0.43909395
vn 0.22236578 -0.37504393 -0.899942
vn 0.19492759 -0.30898598 -0.93087643
vn 0.18868294 -0.51057416 -0.83887595
vn 0.20645988 -0.5838416 -0.7851773
vn 0.34709647 -0.71421885 -0.6077956
vn 0.07181511 -0.986203 0.14915168
vn 0.26924413 -0.6336177 -0.72528356
vn 0.1511247 -0.26759943 -0.95160496
vn 0.20081182 -0.36863294 -0.9076257
vn 0.29244322 -0.5084487 -0.8099117
vn 0.2086919 -0.43990275 -0.87346053
vn 0.18989001 -0.33740732 -0.9220076
vn 0.8949037 -0.44381744 -0.04662016
vn 0.1683623 -0.9857248 0.0008520421
vn 0.30746242 -0.62341475 -0.71890265
vn -0.0074946336 -0.99338925 0.11455002
vn 0.07891795 -0.16628763 -0.98291427
vn 0.021582076 -0.99943125 0.025911126
vn 0.11516156 -0.1835487 -0.9762416
vn 0.16043442 -0.23315653 -0.95911354
vn -0.27281487 0.010955462 -0.96200424
vn -0.4331985 0.21508679 -0.8752581
vn 0.24641447 -0.6725012 -0.6978697
vn -0.119699776 -0.09044911 -0.9886815
vn -0.37818962 0.101338156 -0.9201648
vn -0.51174957 0.29583082 -0.80659574
vn -0.1405772 0.3021002 0.942854
vn 0.20798655 -0.7926069 -0.57316315
vn 0.07734464 -0.12770638 -0.98879164
vn 0.40968877 -0.8490122 0.33366677
vn -0.6277721 0.6117399 -0.481328
vn 0.25462145 -0.96486026 -0.06490427
vn -0.4896 0.6164744 -0.6166452
vn -0.56269425 0.50991917 -0.6506594
vn 0.14378104 -0.30371952 -0.94185
vn -0.547922 0.56842744 -0.613736
vn -0.73450935 0.60025215 -0.31653363
vn -0.73740566 0.51023316 -0.44260043
vn 0.19873472 -0.9107378 -0.3620238
vn 0.1890992 -0.6879627 -0.70067745
vn -0.65792143 0.65415776 -0.373118
vn 0.2450004 -0.5402552 -0.805046
vn 0.24908173 -0.73802054 -0.6271236
vn -0.7179949 0.4605252 -0.5219193
vn 0.2107226 -0.7587618 -0.61634123
vn -0.64976156 0.4799328 -0.5894697
vn -0.5134573 0.17395487 -0.84029835
vn -0.5649995 0.20692788 -0.7987218
vn -0.58296585 0.22853349 -0.77969426
vn -0.6615618 0.25681445 -0.7045442
vn -0.71316546 0.6252221 -0.31700534
vn 0.2369064 -0.5952643 -0.7678123
vn -0.6368833 0.22639982 -0.7369687
vn -0.76135564 0.41968906 -0.49416474
vn -0.8642747 0.22143285 -0.45166004
vn 0.6077001 -0.5977117 -0.5229163
vn -0.8991906 0.4207816 -0.11999635
vn 0.25276965 -0.86060745 -0.44211128
vn -0.61448747 0.33348256 -0.71497875
vn -0.73277473 0.5834031 -0.35025987
vn 0.6257476 -0.55322397 -0.5498938
vn 0.2785464 -0.86083335 -0.42588493
vn 0.18425617 -0.42646578 -0.8855375
vn -0.627269 0.32400608 -0.7082045
vn 0.10652221 -0.9939261 0.027639737
vn -0.34615505 0.043461 -0.93717015
vn 0.90972084 -0.40998676 -0.06571905
vn 0.07009698 -0.992844 0.09668131
vn -0.7076355 0.34445766 -0.6169286
vn -0.5439663 0.24585693 -0.8022812
vn -0.13642831 -0.12074579 -0.98326385
vn -0.057960324 -0.15810883 -0.98571914
vn 0.46299437 -0.54269856 -0.7007956
vn 0.38977313 -0.46278635 -0.79618186
vn 0.25718564 -0.80264866 -0.5381548
vn 0.27757463 -0.43005884 -0.8590703
vn 0.37330535 -0.8189755 -0.43580076
vn -0.28952354 -0.013627832 -0.9570739
vn -0.06069899 -0.20172752 -0.9775591
vn 0.23679185 -0.92236054 -0.3052552
vn 0.16452788 -0.9789981 -0.12038831
vn -0.6893724 0.34444863 -0.63727623
vn -0.71455306 0.4014029 -0.57296574
vn -0.6166787 0.27286908 -0.7384104
vn -0.6603743 0.28809434 -0.6934749
vn 0.7284175 -0.6389651 -0.24724819
vn 0.25155222 -0.9655541 0.06653401
vn -0.8777907 0.47373337 -0.071135275
vn 0.370123 -0.6467208 -0.6669043
vn -0.7388411 0.6016221 -0.30358636
vn -0.6672832 0.42643502 -0.6106443
vn -0.6521771 0.41303512 -0.6356627
vn 0.39247653 -0.55558264 -0.7330008
vn 0.48228154 -0.7516276 -0.4499561
vn 0.21692179 -0.48221537 -0.8487717
vn 0.48766518 -0.8709553 0.060163762
vn -0.8599088 0.3411719 -0.37968227
vn -0.50616384 0.42223758 -0.7520064
vn -0.5639074 0.21287984 -0.79792905
vn 0.6089048 -0.28504077 -0.7402613
vn -0.75816274 0.11767396 -0.6413597
vn -0.6497535 0.124865375 -0.7498193
vn 0.2829087 -0.44159123 -0.85144573
vn -0.79036474 0.29592726 -0.5364239
vn -0.91597414 0.366745 -0.1627561
vn 0.51977825 -0.84399235 -0.13231613
vn 0.48983312 -0.87069845 -0.044133622
vn 0.3417212 -0.41568494 -0.84287167
vn -0.9469102 0.20381425 -0.2486381
vn 0.36097646 -0.7445774 -0.56151634
vn -0.62119925 -0.18688916 -0.7610414
vn 0.6210351 -0.59006417 -0.5158874
vn 0.14921905 -0.62672114 -0.7648231
vn 0.31017238 -0.5834303 -0.7506013
vn 0.4075339 -0.55675364 -0.7238381
vn -0.7099772 0.59153116 -0.38212997
vn -0.76271284 0.6117844 -0.20973583
vn 0.03303676 -0.7274839 -0.68532896
vn 0.41043374 -0.46353048 -0.78529215
vn 0.4642082 -0.46372098 -0.75463486
vn -0.7390278 -0.11570442 -0.6636644
vn 0.32145298 -0.6902897 -0.64820385
vn -0.23298036 -0.33164725 -0.9141829
vn -0.6392231 0.6532801 -0.40573257
vn 0.011429117 -0.41726148 -0.90871465
vn 0.21757612 -0.46341336 -0.8590161
vn -0.4958891 -0.22796547 -0.83792955
vn -0.32674766 -0.0039063757 -0.9451036
vn -0.4339474 0.109657414 -0.8942399
vn -0.4700597 0.08629983 -0.8784055
vn -0.46670863 0.1455167 -0.87235767
vn 0.2219813 -0.69562936 -0.68324536
vn 0.07161535 -0.28504458 -0.95583516
vn -0.32749927 -0.06936326 -0.942302
vn 0.30533186 -0.5123235 -0.8026812
vn -0.4632424 -0.051907264 -0.8847102
vn -0.20389666 -0.08065726 -0.9756642
vn 0.3005166 -0.39814132 -0.86670256
vn 0.3718989 -0.786488 -0.49308005
vn 0.46366376 -0.8461739 0.26268935
vn 0.3741937 -0.7064665 -0.60073644
vn 0.22747631 -0.41051468 -0.8830245
vn 0.18490994 -0.33741656 -0.92301595
vn 0.0789044 0.8951901 -0.4386443
vn 0.14602348 0.8823759 -0.4473142
vn 0.23945326 -0.5688667 -0.78679913
vn 0.4443482 -0.81641805 0.36880392
vn 0.41328263 -0.8075287 0.42082655
vn 0.12716553 -0.9796636 -0.15520374
vn 0.12050949 -0.8439328 0.5227379
vn 0.0056481645 -0.7153086 0.6987859
vn 0.2819779 -0.7279237 -0.62499255
vn 0.21204615 -0.5843681 -0.78329456
vn 0.30881584 -0.55767745 -0.77047294
vn 0.3338717 -0.3240175 -0.8851793
vn -0.14895618 -0.12619081 -0.98075885
vn 0.27870944 -0.3105296 -0.90878624
vn 0.16563739 -0.3200384 -0.93281287
vn 0.18267271 -0.30618054 -0.9342827
vn 0.42381394 -0.553284 0.7171183
vn 0.17342356 -0.6969858 0.6957983
vn 0.45633957 -0.7647599 0.4548589
vn 0.20645453 -0.9719826 0.11236754
vn 0.32619625 -0.8225867 -0.4657758
vn 0.32281244 -0.7418779 -0.5877154
vn 0.24216004 -0.9201687 -0.30764928
vn 0.29641607 -0.35487205 -0.8866811
vn 0.29593647 -0.2857085 -0.91147816
vn 0.20759268 -0.6657098 -0.7167537
vn 0.21474224 -0.86701703 -0.44963002
vn -0.3052666 0.005982442 -0.9522482
vn 0.5036964 -0.8594413 -0.08746856
vn -0.052886877 -0.90648913 0.418904
vn -0.699818 0.46263024 -0.5442684
vn -0.0038689254 -0.9362403 0.35133913
vn -0.07215534 -0.88241535 0.46490517
vn -0.9152965 -0.40160033 0.030814258
vn -0.9174023 -0.3925196 -0.0655854
vn -0.20506924 -0.13137165 0.9698908
vn -0.90204644 -0.4277455 0.057845376
vn 0.25936463 -0.9301685 -0.25983962
vn -0.80681986 -0.5221617 -0.27638558
vn 0.10985378 -0.55978924 0.82132095
vn 0.2621553 -0.3500609 -0.89929533
vn 0.2573253 -0.121409304 -0.9586675
vn -0.034952987 -0.85773975 0.5128945
vn 0.16303211 0.6301293 0.7591823
vn -0.0946665 0.71380126 0.69392085
vn -0.24828677 0.41873327 0.87350804
vn 0.218839 -0.9096586 -0.35303086
vn -0.17861737 0.6502698 0.7384071
vn 0.22126475 -0.5777632 -0.7856409
vn 0.2290162 -0.25046977 -0.9406468
vn 0.20142443 -0.35255933 -0.9138546
vn 0.23167731 0.94428724 0.23376736
vn 0.21340045 -0.35638958 -0.90964097
vn -0.25642145 -0.12382567 0.95860076
vn 0.2695452 -0.3354359 -0.9026783
vn 0.36550912 0.9304554 0.025611766
vn 0.39038804 0.9200426 0.03344955
vn 0.0048188544 -0.99998665 0.0018571664
vn -0.17216296 0.60802096 0.77502936
vn 0.33381903 0.9187401 -0.21090658
vn 0.17695771 0.90161186 -0.39469245
vn -0.12630314 0.8774477 0.46274513
vn 0.0059345583 0.91679835 0.3993063
vn -0.004000649 0.8945596 0.4469308
vn -0.89546514 -0.38408083 0.2249979
vn 0.38616976 0.9144665 -0.12092975
vn 0.17461142 0.7824096 -0.5977844
vn 0.30195996 -0.33199626 -0.8936435
vn -0.056362703 0.67265236 0.737809
vn 0.13694236 -0.21868873 -0.96613765
vn 0.05484874 -0.10806012 -0.9926302
vn -0.7108745 0.5831488 -0.3931857
vn -0.6951399 0.54619575 -0.46738732
vn -0.59780675 0.6064698 -0.52423424
vn -0.4732426 0.52858233 -0.70472854
vn -0.25212345 0.3819938 -0.8891088
vn -0.32988134 0.48962107 -0.80712426
vn -0.60691535 0.7723074 -0.18760374
vn 0.272642 -0.4761399 -0.83603656
vn -0.322717 0.17861515 0.9294893
vn -0.879806 0.47348976 -0.04181912
vn -0.08186743 -0.67930126 -0.72927874
vn 0.788227 -0.49574924 -0.36459693
vn 0.8558545 -0.48638773 -0.1758979
vn -0.16978957 -0.2056304 -0.96378815
vn 0.48710057 0.86559826 -0.11607221
vn -0.017369289 -0.29885408 -0.9541408
vn 0.101136364 -0.35277656 -0.93022585
vn -0.43216726 0.898252 -0.0798432
vn 0.27411932 -0.9367455 0.21763837
vn -0.39381173 0.784015 0.47982582
vn -0.5067689 0.72215456 0.47082716
vn -0.2180297 0.35405093 0.9094565
vn -0.4340992 0.82746136 0.35618216
vn 0.8522821 -0.50039494 -0.15238172
vn -0.339151 0.6341728 0.69483924
vn 0.37822294 -0.65049857 -0.65863425
vn -0.5032393 0.57343054 0.6464732
vn -0.7215776 0.58405775 -0.37175593
vn -0.41409218 0.85568285 -0.31037813
vn -0.45186237 0.8579689 -0.24435589
vn 0.32703757 -0.82194215 0.46632335
vn 0.291006 -0.7780892 0.55668
vn -0.56753016 0.60702753 0.5562617
vn 0.6673368 -0.16664557 0.7258725
vn 0.28437948 -0.019543555 0.95851266
vn -0.5852121 0.7782316 0.22777721
vn -0.6592071 0.69627285 0.28398976
vn 0.6602615 -0.19436471 -0.72544956
vn 0.7869153 -0.15304352 -0.5977809
vn -0.83543545 0.4617056 -0.29812008
vn 0.46975353 -0.6005134 -0.64708215
vn -0.96774775 -0.25192055 -0.0005843374
vn -0.55852216 -0.4345693 -0.7065426
vn -0.7698309 -0.50749296 -0.38705477
vn -0.9852918 -0.07621729 -0.15294175
vn -0.7693108 -0.524499 -0.3647765
vn -0.57984906 0.42301002 0.6963029
vn 0.32162157 -0.5224505 -0.7896866
vn 0.8430108 -0.50388324 0.18824063
vn 0.46995273 -0.26629698 -0.84156424
vn 0.8519198 -0.49550557 0.1694313
vn -0.9164465 0.19791341 -0.34778753
vn -0.5418839 0.8174529 -0.19527565
vn 0.19139677 -0.4846945 -0.85348606
vn 0.7855578 -0.5796097 -0.21668339
vn 0.7489798 -0.6340034 -0.19253322
vn -0.8263932 0.5302282 -0.18955867
vn -0.16402651 0.022109209 0.9862082
vn -0.9939087 -0.07362871 0.08200222
vn -0.34278485 0.06979913 0.93681735
vn -0.35942367 0.15454355 0.92028856
vn -0.2960847 0.015151349 0.9550416
vn -0.34639698 0.46832982 0.81282
vn 0.35813984 -0.7971844 -0.48603785
vn 0.35982233 -0.7652959 -0.5337135
vn 0.37614554 -0.66744655 -0.64267385
vn -0.36667067 0.48191404 0.7958088
vn -0.6831986 -0.4409435 -0.5820727
vn -0.2950577 -0.25201344 0.9216454
vn -0.34184268 0.03762507 0.9390037
vn -0.2010503 -0.20487529 0.957917
vn -0.13389093 -0.3933707 0.90957826
vn -0.93965393 -0.11507116 0.3221943
vn 0.64786637 0.43267587 0.6269457
vn 0.780526 0.277124 0.56034064
vn 0.8766815 0.2689994 0.39883447
vn -0.19467983 -0.10145006 0.9756063
vn -0.9820215 -0.08061704 0.17068885
vn -0.36502144 -0.2177708 0.9051714
vn -0.3093023 -0.11613888 0.94384533
vn -0.9866031 0.013979618 0.16253912
vn -0.9348948 0.07467096 0.3469811
vn -0.9524621 0.010024871 0.3044923
vn 0.44894606 -0.20195903 -0.87043667
vn 0.27794316 -0.29881164 -0.9129399
vn -0.6222791 -0.549554 -0.5574578
vn 0.23837073 -0.2305564 -0.94341034
vn -0.38455948 -0.27157128 -0.8822488
vn -0.9639915 -0.12232864 0.2361273
vn 0.8782451 -0.36592558 -0.3078702
vn -0.9693296 -0.22445591 0.10009906
vn -0.9842369 -0.09679112 -0.1480178
vn 0.84278363 -0.51319563 -0.16231441
vn -0.9964669 -0.038171437 0.07481185
vn -0.35903096 -0.18644607 -0.9145134
vn -0.9935164 -0.002797782 0.11365511
vn 0.5316507 0.84588605 0.04271209
vn 0.4896263 0.54147553 0.68342555
vn 0.56075996 0.825621 -0.062436372
vn 0.49010792 0.87120026 -0.028362868
vn -0.15453042 -0.43401986 -0.8875512
vn -0.7208906 -0.10366168 -0.6852526
vn -0.62986934 -0.16012335 -0.7600166
vn 0.97164595 -0.064230494 -0.22754918
vn 0.9852746 0.05871362 0.16058254
vn -0.2250356 -0.27311596 -0.9352896
vn -0.8919455 0.45169237 0.020182695
vn -0.77745676 -0.20182975 -0.5956725
vn 0.037204213 -0.9773205 -0.20847191
vn 0.10939361 -0.28196588 -0.9531675
vn -0.00299728 -0.4110081 -0.91162676
vn -0.5726345 -0.14998753 -0.80597365
vn -0.8047828 -0.07800966 -0.5884208
vn -0.007934186 -0.25480798 -0.9669591
vn 0.9327686 -0.035273883 -0.35874587
vn 0.89570236 -0.12798159 -0.42583802
vn -0.7162406 0.6164906 -0.32701504
vn 0.28534466 -0.31865457 -0.90390146
vn -0.075185016 -0.16970257 -0.9826232
vn 0.5749222 -0.5182623 -0.63314193
vn -0.77143884 0.49901715 -0.39479604
vn -0.43529162 -0.22119401 -0.8726937
vn 0.372107 -0.9276734 0.030960176
vn 0.6803037 -0.66875225 -0.29992902
vn 0.58274895 -0.19984214 -0.78769726
vn 0.15724084 -0.9806939 0.11625365
vn 0.37044254 -0.49431768 -0.7863984
vn 0.47301337 -0.5263263 -0.70656854
vn -0.8498909 -0.09606757 0.51812786
vn -0.53734094 0.14783823 0.83030635
vn -0.730408 0.60522807 -0.31654882
vn 0.65421957 -0.59016204 -0.4729752
vn 0.5210235 -0.6102446 -0.5967714
vn 0.045910094 0.49777457 0.8660905
vn -0.4090188 -0.2620829 -0.87408024
vn -0.5532474 -0.2023282 -0.8080722
vn -0.8270275 -0.014845718 -0.56196535
vn -0.63826865 -0.38769376 -0.6650615
vn 0.43316203 -0.6764312 -0.5956606
vn -0.099247076 -0.66694266 0.7384697
vn 0.33035824 -0.60270095 -0.72637117
vn -0.14574234 -0.96534956 0.21647036
vn 0.4151334 -0.676033 -0.6088051
vn 0.2549306 -0.760651 -0.5970097
vn 0.52421033 -0.5978229 -0.6064746
vn 0.61751413 -0.40273342 -0.6756347
vn -0.09814173 -0.33070385 -0.9386177
vn 0.1687782 -0.28635344 -0.9431414
vn -0.79985505 0.43252468 -0.41611823
vn 0.48034903 -0.8637232 0.15247025
vn 0.54243004 -0.7243537 -0.42553672
vn 0.03386045 -0.91966856 -0.391233
vn -0.70522386 0.14279725 0.69445544
vn -0.7075986 0.6347567 -0.3104645
vn -0.70801693 0.4721857 -0.52512157
vn -0.73766154 0.44450518 -0.5082033
vn -0.76200515 0.5343742 -0.36577645
vn -0.776665 0.16593172 0.60766613
vn -0.7080028 0.34016266 -0.6188873
vn 0.46491957 0.8126452 -0.3513654
vn 0.48339826 0.6861923 -0.54356813
vn -0.09624905 0.64877367 0.7548701
vn -0.44262186 -0.3837108 -0.810464
vn -0.770362 -0.5535484 -0.31642795
vn -0.6037957 0.012758239 -0.79703695
vn -0.57517767 -0.8016042 -0.16309915
vn -0.60886335 -0.71583 -0.34186676
vn -0.8894596 -0.45384845 0.05369626
vn 0.26674473 -0.53033394 -0.8047318
vn 0.23941536 0.9427378 0.2322188
vn 0.27182364 -0.7520771 -0.60040987
vn 0.2818055 -0.5632692 -0.7767326
vn -0.5733933 0.25477758 0.7786582
vn 0.28399068 -0.36765856 -0.8855374
vn 0.24493152 -0.50493073 -0.8276795
vn -0.092895046 0.89980984 0.4262779
vn 0.51136214 -0.85927546 0.012428783
vn 0.22441766 -0.8352882 -0.5019267
vn 0.24228261 -0.6639525 -0.7074364
vn -0.2763145 0.78945804 0.5480934
vn -0.3456558 0.7888589 0.5081572
vn 0.75498277 -0.21464351 0.61962026
vn -0.51475084 0.83101887 -0.21080635
vn -0.36572373 0.4990421 0.78562284
vn 0.17818224 -0.40578052 -0.89643365
vn 0.453394 -0.6366114 -0.62382686
vn 0.077028625 -0.3532885 -0.9323379
vn 0.4089817 0.5214234 0.74890035
vn -0.6038726 0.35488147 -0.71372056
vn -0.88184124 0.4697185 -0.04147991
vn -0.1675087 0.24511486 0.95491344
vn -0.3490738 0.65068156 0.6743598
vn -0.25935802 0.6820786 0.68374133
vn -0.5956434 0.19827223 0.77839386
vn -0.23092864 0.4304485 0.87257445
vn 0.29205772 -0.0071008317 0.95637435
vn 0.11482382 -0.32380864 0.9391292
vn -0.016739512 -0.8478696 -0.5299406
vn -0.24086726 0.6036739 0.75997424
vn -0.3127658 -0.8837662 -0.3480445
vn 0.44179904 -0.49186695 -0.7502537
vn 0.12860763 -0.8880257 0.44144145
vn 0.52721524 -0.28087792 -0.8019673
vn 0.59769106 -0.28663406 -0.7487365
vn 0.6245192 -0.2071733 -0.7530306
vn 0.057553977 -0.87465316 0.4813206
vn 0.6082535 -0.29057917 0.73864174
vn -0.5234741 0.72579724 0.44631082
vn 0.050815683 0.21172574 -0.9760072
vn -0.2433531 0.73088646 -0.6376397
vn 0.75488645 -0.16901101 -0.6337048
vn 0.028700732 0.22550333 -0.9738196
vn 0.3168307 -0.0508084 -0.9471203
vn 0.06312468 0.19967704 -0.97782636
vn 0.007826368 -0.8382979 0.5451563
vn 0.24460348 -0.94963926 -0.195843
vn 0.27999833 -0.057936657 -0.9582507
vn 0.18038991 -0.14292414 -0.9731558
vn 0.94217736 -0.11631544 -0.31428108
vn 0.12299991 0.015307927 -0.99228865
vn 0.0072149704 0.4785523 -0.8780294
vn 0.9951807 -0.09751952 0.01025958
vn 0.92935413 -0.08493905 0.35928595
vn -0.8594345 0.07502246 0.5057115
vn 0.05475942 0.49826002 -0.8652967
vn 0.32736248 -0.35967955 -0.8737646
vn 0.2912914 -0.26501742 -0.9191927
vn 0.15195295 0.0022972862 -0.98838514
vn 0.23042552 0.2671878 -0.9356895
vn 0.24717602 0.03702482 -0.96826303
vn 0.09834425 0.46211424 -0.8813506
vn 0.093549326 0.4683426 -0.8785806
vn 0.13737115 0.2822533 -0.9494537
vn 0.04960016 0.403676 -0.9135565
vn 0.24050443 0.0703846 -0.9680928
vn -0.06376129 0.7151432 -0.6960637
vn 0.05171591 0.24558377 -0.9679949
vn -0.51841503 0.24157013 0.8202986
vn 0.17481689 0.052721407 -0.9831885
vn 0.18594866 0.09944705 -0.97751385
vn -0.11734068 0.7293704 -0.67398065
vn -0.052434433 0.65536463 -0.7534904
vn -0.704667 0.174192 0.68782383
vn -0.37903616 -0.8583851 -0.34569755
vn 0.15363176 -0.62739617 -0.76339453
vn 0.044379316 -0.71950924 -0.6930635
vn -0.22552101 -0.24180527 0.9437535
vn 0.22470407 0.1048724 -0.9687672
vn 0.20915043 0.25915232 -0.942919
vn 0.18292566 0.26289183 -0.9473257
vn -0.42849153 -0.2310069 -0.8735163
vn -0.5710767 0.23421958 0.78677356
vn -0.8120218 0.13505554 0.56778574
vn -0.245033 0.8320448 -0.49765489
vn 0.14421664 -0.23387292 -0.9615118
vn -0.0021863224 -0.25045452 -0.96812594
vn -0.112268396 0.834324 -0.5397216
vn 0.13621211 0.07839378 -0.9875732
vn 0.22043432 -0.15530531 -0.96295846
vn 0.032703977 0.6013143 -0.798343
vn -0.13424142 0.07565757 0.9880563
vn 0.013484393 0.34319454 -0.93916756
vn -0.18165407 0.81787366 -0.54597116
vn -0.24554574 0.81401557 -0.5263896
vn 0.17941499 -0.09666853 -0.9790125
vn -0.2924149 0.76414734 -0.5749542
vn -0.27478623 0.7627897 -0.5853583
vn 0.29234517 -0.2697211 -0.9174884
vn -0.27621922 0.8191855 -0.50263125
vn -0.24467008 0.77189153 -0.5867878
vn -0.2063163 0.839445 -0.5027581
vn -0.22855443 0.8076732 -0.54353184
vn -0.12908565 0.6706168 -0.7304862
vn 0.044449743 0.58712804 -0.8082728
vn -0.24455613 0.8447195 -0.47606844
vn 0.07363791 -0.024598595 -0.9969816
vn 0.16565168 0.03363149 -0.98561066
vn -0.17080556 0.8123987 -0.55752486
vn 0.14025821 0.109701194 -0.9840189
vn 0.13841942 0.014737361 -0.99026406
vn 0.28623807 0.14506173 0.94711393
vn -0.5476257 0.60135317 -0.58179086
vn -0.45546347 0.5528896 -0.6977579
vn -0.49379995 0.59272516 -0.6362693
vn -0.56426436 0.59592026 -0.5713885
vn -0.46377897 0.7587802 -0.45734197
vn -0.39649388 0.56916445 -0.72030854
vn -0.58711916 0.6213717 -0.51883364
vn -0.69365525 0.5732733 -0.43611947
vn -0.6216398 0.51440656 -0.5907199
vn -0.5058807 0.6599687 -0.5554513
vn -0.17066658 -0.1816528 0.96843964
vn -0.59791124 0.51257867 -0.61625105
vn -0.17382193 -0.31241256 0.9339081
vn -0.13172871 0.8122193 -0.56828463
vn -0.21060933 0.8388516 -0.5019678
vn -0.0004105753 0.013314828 -0.9999113
vn -0.14356631 0.8192625 -0.5551555
vn -0.20597915 0.22741257 -0.9517648
vn -0.31669188 0.40524352 -0.85760367
vn -0.035025753 0.3641419 -0.9306846
vn -0.28175068 0.8858493 -0.36862946
vn 0.17558861 -0.19141608 -0.9656752
vn 0.06608397 -0.09741366 -0.9930476
vn 0.083458744 -0.110471934 -0.99036896
vn -0.15673925 0.6705836 -0.72508657
vn 0.5532641 -0.28861663 0.78140855
vn -0.25042027 0.3985941 -0.88227683
vn -0.078224055 0.2319076 -0.9695875
vn 0.05513967 0.030903503 -0.9980004
vn -0.04927481 0.09561003 -0.99419856
vn 0.11809352 -0.15572223 -0.9807163
vn -0.4206476 0.68616194 -0.593496
vn -0.1468408 0.38119808 -0.9127573
vn -0.37897024 0.75426596 -0.5361571
vn -0.37274748 0.7199977 -0.58537394
vn 0.91953367 -0.37102842 0.1295983
vn -0.08552748 0.7879387 -0.60978496
vn -0.35614845 0.5206611 -0.7759319
vn -0.5108427 0.62941176 -0.58556014
vn 0.114230715 0.37860814 -0.91848093
vn -0.28899837 0.48061773 -0.82794124
vn 0.231002 -0.94342357 0.23788686
vn 0.32443044 -0.94103146 0.095941536
vn -0.33750677 0.5350611 -0.77446675
vn -0.3438441 0.6205022 -0.7048038
vn -0.20289972 0.8540065 -0.4790662
vn -0.03775716 0.094043195 -0.9948519
vn -0.26369017 0.77320147 -0.57673836
vn -0.20256296 0.76408046 -0.61249435
vn -0.32577246 0.7694193 -0.54942346
vn -0.3515748 0.77658755 -0.52278775
vn 0.17223275 0.07238881 -0.9823929
vn 0.05718048 -0.5130789 0.8564347
vn -0.508247 -0.013275423 0.861109
vn -0.09128491 0.83922195 -0.5360724
vn -0.133485 0.77986073 -0.6115546
vn -0.16169365 0.7380283 -0.6551103
vn -0.024371695 0.9217714 -0.3869672
vn -0.1425845 -0.066004656 0.98757946
vn -0.045400467 0.21334659 -0.9759212
vn -0.21929696 0.6219276 -0.7517413
vn -0.275351 0.8306058 -0.48402056
vn -0.11711681 0.86884314 -0.48103565
vn 0.0025660105 0.9053025 -0.42475972
vn -0.15688516 0.85482407 -0.4946341
vn -0.14991103 0.2862124 -0.9463663
vn -0.26378027 0.79080206 -0.55231524
vn -0.25078613 0.81466097 -0.52290905
vn -0.3385334 0.5539196 -0.7606366
vn -0.39371 0.6937964 -0.6030249
vn -0.40667418 0.7548464 -0.5146097
vn -0.049532026 0.64839983 -0.7596869
vn -0.30159104 0.7258081 -0.6182601
vn -0.08845581 0.7553721 -0.6492986
vn 0.8957353 -0.4324584 0.10314057
vn -0.6498205 -0.10142906 0.75328976
vn -0.62537956 -0.014632598 0.7801835
vn -0.08136948 -0.5035078 0.8601506
vn -0.12672606 0.128522 -0.9835765
vn -0.15530472 0.7757225 -0.6116658
vn -0.26751974 0.48467973 -0.8327778
vn -0.25068408 0.74894816 -0.6133793
vn -0.12876992 0.81523937 -0.5646264
vn -0.13415422 0.88341296 -0.44898143
vn -0.2106943 0.6497249 -0.7303872
vn -0.06525043 0.7339901 -0.67601854
vn -0.12443596 0.8281615 -0.54650176
vn -0.16400413 0.86399466 -0.476042
vn 0.50285196 -0.86416423 0.018978382
vn -0.40898785 0.7538244 -0.51427406
vn -0.10268161 0.87901884 -0.46559894
vn -0.06494198 0.8496987 -0.5232539
vn -0.08934082 0.9039462 -0.4182098
vn -0.114145376 0.8671114 -0.48485944
vn 0.025701486 -0.03078156 -0.99919564
vn -0.07422756 0.8914172 -0.4470634
vn -0.36465287 0.7538413 -0.54658175
vn -0.16818413 0.46680206 -0.86822236
vn 0.53477323 -0.59438676 0.6006013
vn -0.44905278 0.77887726 -0.43783754
vn -0.27213958 0.74103296 -0.61384875
vn -0.47754437 0.81839275 -0.31966352
vn -0.24847206 0.7124195 -0.6562928
vn -0.2813583 0.83009255 -0.48143944
vn -0.3513478 0.7633045 -0.54214483
vn -0.17492677 0.8802389 -0.44111252
vn -0.15183072 0.83854693 -0.5232461
vn -0.36365542 0.7544843 -0.5463592
vn -0.34138626 0.8305001 -0.44014212
vn -0.90256816 -0.41986686 0.09530247
vn -0.2743166 0.8296827 -0.48618627
vn -0.15692511 0.7915757 -0.5905781
vn -0.20163628 0.7975145 -0.56860673
vn -0.13191491 0.88125384 -0.45386153
vn -0.25822216 0.8052967 -0.53368384
vn 0.09180956 0.542917 0.8347528
vn -0.25095415 0.84945685 -0.46416062
vn -0.1646988 0.7682254 -0.6186308
vn -0.3552878 0.7396142 -0.5716131
vn -0.18332492 0.8307306 -0.5256221
vn -0.22049531 0.84371805 -0.48940957
vn -0.17319767 0.83915865 -0.5155728
vn 0.5106079 -0.8471486 0.14703363
vn 0.4975019 -0.84540755 0.19436552
vn -0.1637877 0.8829653 -0.4399386
vn -0.31119716 0.7893264 -0.52926373
vn 0.8334538 -0.5410296 0.112436324
vn -0.18594499 0.85421056 -0.48553976
vn -0.3487061 0.74591154 -0.56746817
vn -0.3740426 0.7574323 -0.5351528
vn -0.24741626 0.8279162 -0.503329
vn -0.10853896 0.87832505 -0.4655798
vn -0.02089505 0.3808629 0.92439544
vn 0.005686079 0.16129003 0.9868907
vn -0.13145787 0.9032175 -0.40855476
vn -0.053818576 0.8873014 -0.4580392
vn -0.06921493 0.8844586 -0.46145675
vn -0.24612805 0.87366545 -0.4196781
vn -0.85572296 -0.42137897 0.3002966
vn -0.30405992 0.8155538 -0.4923613
vn 0.27687758 -0.84238416 -0.462307
vn 0.52154654 -0.30883232 0.79536897
vn -0.27062216 0.78383803 -0.55889326
vn -0.10812221 0.88214904 -0.45839155
vn -0.3661394 0.60714394 -0.70520794
vn -0.14368075 0.9309804 -0.335606
vn 0.19334275 0.24675907 -0.9495939
vn 0.057681274 0.53542835 -0.84260875
vn -0.10581785 0.77340126 -0.62502235
vn -0.4470861 0.79936963 -0.4014003
vn 0.18138546 0.25583738 -0.94955075
vn -0.08540033 0.8071883 -0.58408386
vn -0.36487415 0.7515099 -0.54963607
vn -0.2502047 0.8284316 -0.50109756
vn -0.47772434 0.804612 -0.35267413
vn -0.45865333 0.81060565 -0.3640818
vn -0.1734387 0.9623252 -0.20940222
vn -0.16602905 0.92367196 -0.34534702
vn -0.5461623 0.83261627 0.091961406
vn -0.37575766 0.7719572 -0.51272637
vn -0.3074632 0.6165417 -0.7248054
vn -0.13367423 0.20509289 -0.9695711
vn -0.22395499 0.7497079 -0.62272173
vn -0.30611378 0.78566563 -0.5376095
vn -0.20229998 0.85881394 -0.47065207
vn 0.12632896 -0.33365455 -0.93419254
vn -0.25327864 0.77683806 0.57651764
vn -0.33447558 0.87474036 -0.35064992
vn -0.15962547 0.781741 -0.60282737
vn -0.27533168 0.7927079 -0.5438812
vn -0.36195457 0.93004304 -0.06331572
vn -0.14085934 0.8078918 -0.5722494
vn -0.29945466 0.9183302 -0.25883693
vn -0.16980529 0.9019393 -0.3970791
vn -0.40648782 0.906043 -0.11770204
vn -0.35410476 0.90330863 -0.24216405
vn 0.7992705 -0.50480556 -0.3260952
vn -0.26942146 0.9089693 0.3180989
vn -0.15853618 -0.623061 -0.7659382
vn -0.41447297 -0.5433337 -0.7300689
vn -0.21170892 -0.4011261 -0.89122236
vn -0.19455409 0.9114737 -0.36244234
vn -0.30598006 0.9274074 -0.21515526
vn -0.19733477 0.9571697 -0.21186115
vn -0.273325 0.6782115 -0.6821457
vn -0.16253313 0.8296013 -0.5341766
vn -0.11242801 0.88944626 -0.44299603
vn -0.1684999 0.93223 -0.32024232
vn -0.1928233 0.9522681 -0.23665318
vn -0.14797111 0.93686694 -0.3168357
vn -0.063178696 0.7462923 -0.6626132
vn -0.19795547 0.95528555 -0.21964353
vn -0.14212339 0.8320073 -0.5362508
vn -0.24909577 0.9670514 -0.052564114
vn -0.15629758 0.92780566 -0.33874446
vn -0.109667234 0.9937679 0.019961674
vn -0.16022216 0.8562097 -0.49115562
vn -0.08252035 0.991104 -0.104418986
vn -0.11795211 0.9567938 -0.26576895
vn -0.23694395 0.95826316 -0.15996705
vn -0.18839666 0.9531335 -0.23673433
vn -0.2762527 0.9607212 0.02644425
vn -0.19318508 0.9701731 -0.14643615
vn -0.1054042 0.90877837 -0.40374717
vn -0.6404659 0.45888445 -0.6158154
vn 0.35448587 -0.5098239 -0.7838491
vn -0.07581973 0.994162 0.076767944
vn -0.1922509 0.9443429 0.26693836
vn -0.22476864 0.9239141 0.30961576
vn -0.3974285 0.89278764 0.21208702
vn -0.32472086 0.89882493 0.294398
vn -0.019497298 0.7816778 -0.62337774
vn -0.20734411 0.97644776 0.059651148
vn -0.34163845 0.83787996 -0.42572334
vn -0.35251975 0.8687312 0.34790233
vn -0.35160878 0.9306684 0.10113149
vn -0.4129252 0.90835583 0.06620068
vn -0.31763077 0.42279848 0.8487356
vn -0.31195125 0.7047686 0.63717157
vn -0.24079601 0.661114 0.7105953
vn -0.22422929 0.76498187 0.60375816
vn -0.28192708 0.75506186 0.5919448
vn -0.29821858 0.88693035 0.3527326
vn -0.27539274 0.7480198 0.603842
vn -0.13357185 0.9564571 0.25951588
vn -0.17276257 0.88818914 0.42576185
vn -0.20351742 0.022007711 0.978824
vn -0.16504589 0.91707724 0.3629452
vn -0.17194617 0.84524 0.50596833
vn -0.08488412 0.97129756 0.2222064
vn -0.42282486 0.86079586 0.2832837
vn -0.24079813 0.69767123 0.6747378
vn -0.36766192 0.9267143 -0.077623114
vn -0.14198992 0.27944592 0.9496046
vn -0.109135136 0.9787623 0.17353317
vn -0.23466699 0.35404247 0.90530956
vn -0.47041893 0.8068306 0.3573941
vn -0.2273679 0.93119997 -0.28490427
vn -0.21778274 0.5484246 0.8073421
vn -0.24613656 0.52727306 0.8132649
vn -0.09930396 0.9945461 0.031887107
vn -0.19683424 0.97378165 0.11404228
vn -0.17487471 0.9840071 -0.033894703
vn -0.064431444 0.99622226 -0.058222897
vn -0.5034912 0.8639969 -0.0024521344
vn -0.2164384 0.88604885 0.40996587
vn -0.28782412 0.35595608 0.889074
vn -0.21814501 0.4501899 0.8658764
vn -0.23876743 -0.11894456 0.9637647
vn -0.3418827 0.93966424 0.012141798
vn -0.31639278 0.32972074 0.8894829
vn -0.46415174 0.88115144 0.09019592
vn -0.5935865 0.6026454 0.5333608
vn -0.21860707 0.47068834 0.8547886
vn -0.5224987 0.5849428 0.6203524
vn -0.35420346 0.6684384 0.65401083
vn -0.3102855 0.64036846 0.70260316
vn -0.31366697 0.6307649 0.7097526
vn -0.35737777 0.33084062 0.8733989
vn -0.17032424 0.070947796 0.9828307
vn -0.11589645 -0.1695407 0.97868484
vn -0.043573786 -0.128758 0.99071836
vn -0.28185093 0.25571486 0.924754
vn -0.07469643 0.008705802 0.9971683
vn -0.08075794 0.068558306 0.99437314
vn -0.31204394 0.31456143 0.8964819
vn -0.23422329 0.96743524 -0.0959618
vn -0.22973943 0.9152257 0.33103132
vn -0.15985945 0.9766837 0.14329678
vn -0.07727542 0.8969573 -0.43531162
vn 0.3241489 -0.8506064 0.4140005
vn 0.04649134 -0.5511859 0.8330862
vn -0.07847278 -0.13886902 0.9871968
vn -0.315752 0.33326933 0.8883875
vn -0.17242852 -0.048477415 0.9838285
vn -0.17110248 0.17127484 0.97025204
vn -0.277049 0.27333882 0.92115676
vn -0.0515741 -0.027088128 0.99830174
vn -0.19260815 -0.045618873 0.9802148
vn -0.23498544 0.3337671 0.9128973
vn -0.23611793 0.35248527 0.9055399
vn -0.21726862 0.35174397 0.91053313
vn -0.5161428 0.83712804 -0.18114421
vn -0.545643 0.81962365 -0.17461671
vn -0.6470022 0.6828511 0.3392678
vn -0.37580934 0.8894622 -0.26004693
vn -0.02870168 0.92306054 -0.3835825
vn -0.43877286 0.8688305 -0.229373
vn -0.39506683 0.8614597 -0.31907612
vn -0.5695536 0.7989036 -0.19329198
vn -0.46011385 0.8376748 -0.29427242
vn 0.012467383 0.80957353 -0.58688617
vn 0.021536537 0.905044 -0.42477232
vn 0.029119069 0.91168493 -0.40985695
vn -0.509202 0.83175755 -0.22111717
vn -0.15836127 0.98729354 -0.013162698
vn -0.4970891 0.8278404 -0.25996706
vn -0.5320341 0.8059578 -0.25956073
vn -0.44971457 0.83941174 -0.30519634
vn -0.12924391 0.8577184 -0.49760947
vn -0.118641935 0.90171707 -0.4157287
vn -0.053273164 0.90766746 -0.41629547
vn -0.07714077 0.82633287 -0.55787396
vn -0.60703933 0.6053801 -0.51479924
vn -0.24805707 0.69234955 0.6775839
vn -0.26572746 0.71096635 0.65108824
vn -0.1766672 0.7214428 0.66955876
vn -0.4767617 0.81612 -0.3265677
vn -0.6059573 0.7951589 -0.023195777
vn 0.003359884 0.9167269 -0.39950043
vn 0.042059164 0.9801489 -0.19375037
vn -0.57624304 0.718164 -0.39010826
vn -0.57149935 0.74531186 -0.34336388
vn -0.37607723 0.78836447 -0.4868751
vn 0.049862247 0.9717905 -0.23051481
vn -0.4256763 0.8397404 -0.33709908
vn -0.687739 0.5462903 -0.4781025
vn -0.08454281 0.99373186 0.073140986
vn 0.0030771736 0.99643135 -0.08435141
vn -0.76986074 0.62560165 -0.12624192
vn -0.56003237 0.67833984 -0.47562477
vn -0.24853313 0.75323254 -0.6089927
vn -0.15241736 0.7791889 -0.60797507
vn -0.3358224 0.8241129 -0.45613724
vn -0.0010507782 0.7419288 -0.67047787
vn 0.012926129 0.92910117 -0.3695998
vn -0.6697624 0.6088604 0.425097
vn -0.6820957 0.5458007 0.48666945
vn 0.09651871 0.95642793 -0.2755537
vn -0.6716093 0.4790764 -0.5651786
vn 0.52247417 -0.5724776 -0.6318942
vn 0.060177077 0.86152923 -0.50412905
vn 0.7720196 -0.33286983 0.54146415
vn -0.22164877 0.015597719 0.9750019
vn -0.14698225 -0.0020281242 0.98913705
vn 0.582632 -0.65199494 0.4852242
vn 0.8437907 -0.49576315 0.20551427
vn 0.7584595 -0.49337715 0.4258148
vn 0.8187504 -0.51282275 0.25818726
vn -0.070412345 -0.5431903 0.83665186
vn -0.11364091 -0.3739291 0.92046875
vn 0.8720221 -0.45506242 0.1802656
vn 0.88263285 -0.45742363 -0.10827233
vn 0.035960063 0.8941152 -0.44639102
vn 0.8426338 -0.40974632 0.34939426
vn 0.5327779 -0.60651964 0.59015393
vn 0.6117236 -0.50218236 0.6112342
vn 0.71625197 -0.44823587 0.5348531
vn 0.9628165 -0.18761589 0.19438305
vn 0.9344475 -0.34427324 -0.091015264
vn 0.7955837 -0.43942901 0.41707158
vn 0.8710341 -0.34727243 0.3474212
vn 0.9266744 -0.21069959 0.31125587
vn 0.010746312 0.9051015 -0.4250599
vn -0.31744558 0.12206151 0.9403879
vn -0.17121187 0.16524032 0.9712786
vn 0.61586124 -0.5055641 0.6042516
vn 0.736363 -0.31641576 0.598039
vn 0.024414316 0.9697306 -0.24295384
vn 0.42357507 -0.48172674 0.7671529
vn -0.18425035 -0.55191386 0.8132914
vn 0.013920739 -0.069976844 -0.99745154
vn -0.17335524 -0.31044605 -0.93465036
vn -0.17850292 -0.29479071 0.93874127
vn -0.108152635 0.9325352 -0.34450132
vn -0.22280428 0.2935742 0.9296087
vn 0.8339876 -0.40236348 0.3775824
vn -0.053334173 -0.340802 -0.93862104
vn 0.7769817 -0.50068283 0.381597
vn -0.296716 0.23132324 0.92652535
vn -0.31916657 -0.018274123 0.94752246
vn -0.08903708 -0.28791523 0.9535079
vn -0.2363575 0.13296859 0.9625251
vn -0.15098608 0.2342674 0.960376
vn 0.046097215 -0.079626195 0.9957584
vn -0.25569448 0.15526702 0.9542078
vn -0.08208832 -0.12312793 0.98898995
vn 0.05073489 0.21899515 0.97440606
vn -0.12131367 0.98443985 -0.12712671
vn -0.22160545 0.2430009 0.94437367
vn 0.0047894833 0.90755427 -0.41990754
vn 0.48695394 -0.46581542 0.738845
vn 0.36274374 -0.3106236 0.87859553
vn 0.21753031 -0.22324863 0.9501792
vn 0.056889452 0.933115 -0.35504943
vn -0.21490173 0.18552648 0.95885205
vn -0.06861747 0.12508363 0.98977053
vn -0.08876137 0.057103515 0.9944147
vn 0.03159798 0.9204954 -0.38947392
vn -0.40511838 0.8970255 0.17670435
vn 0.7721928 -0.28065464 0.57004505
vn 0.8644545 -0.26995108 0.4240812
vn 0.008651617 0.91301227 -0.40784037
vn 0.41298705 -0.208344 0.88658595
vn -0.20747049 -0.22998783 0.9508216
vn 0.85915244 -0.40353355 0.31467095
vn 0.6012183 -0.25122464 0.7585663
vn 0.20345137 0.584904 -0.7851719
vn 0.21818729 -0.13210337 0.96692455
vn 0.5980341 -0.2636375 0.75686896
vn 0.2979749 0.3196439 -0.8994658
vn 0.4015106 -0.17490174 0.8989986
vn 0.7445176 -0.3126871 0.58984774
vn 0.7560676 -0.39281398 0.52350646
vn 0.24258755 -0.21992217 0.9448733
vn -0.27230123 0.816624 0.5088982
vn -0.004006023 -0.0185292 0.9998203
vn 0.8312999 -0.5082636 0.22496383
vn 0.82647896 -0.48242474 0.29017058
vn 0.4569805 -0.22235017 0.8612371
vn 0.0688647 -0.050291654 0.9963576
vn 0.8846115 -0.12783088 0.4484661
vn -0.55117506 0.13715827 0.82303935
vn -0.4146912 -0.0032772338 0.90995634
vn -0.46591556 -0.00078127574 0.8848289
vn 0.063459344 -0.040505253 0.99716216
vn -0.3615625 0.04775722 0.93112403
vn -0.5617029 -0.06457863 0.82481486
vn -0.40332264 0.8934327 -0.19775999
vn -0.09471669 0.25797674 0.9614971
vn -0.463494 0.113616616 0.87878585
vn -0.5220176 0.27130294 0.8086362
vn -0.240516 0.9436298 0.22740887
vn -0.17368299 -0.0021783896 0.98479927
vn -0.89482194 0.09432245 0.4363451
vn -0.21346667 0.9488648 0.23256755
vn 0.16082996 0.3189721 0.9340185
vn -0.41636822 0.25552577 0.87255037
vn 0.005300208 0.8775354 -0.4794827
vn -0.34994632 0.024117213 0.93645924
vn 0.008273432 0.9258053 -0.37791032
vn -0.20141362 0.83500904 0.5120473
vn -0.16955155 0.041843366 0.9846327
vn -0.5781899 -0.79376096 -0.1887858
vn -0.8439076 0.112761654 0.5245042
vn -0.15886037 0.94570154 -0.28357002
vn -0.74364215 0.13496286 0.654814
vn 0.1740986 0.41986993 0.8907294
vn 0.009294578 0.27511215 0.96136725
vn -0.32626644 0.2104376 0.9215565
vn -0.5297459 0.24275923 0.812673
vn -0.20029883 0.8820538 -0.42645234
vn -0.25020295 -0.7408796 -0.6232944
vn -0.14514486 0.60796463 0.78058445
vn -0.33691102 0.90361524 0.2645193
vn -0.7552769 -0.65402144 -0.04257676
vn -0.11188695 0.93158305 -0.3458822
vn -0.30440807 0.013586358 0.95244485
vn -0.7291929 0.104888216 0.6762221
vn 0.30861896 0.28847513 0.9063865
vn -0.45946595 0.26986113 0.8462069
vn -0.30872244 0.10326205 0.9455303
vn 0.01677184 0.7881577 -0.61524487
vn -0.18527018 0.12403069 0.97482896
vn -0.61996275 0.14109823 0.77184033
vn 0.21100119 0.19165586 0.95851266
vn 0.17110497 -0.1862575 0.9674871
vn -0.07600698 0.41125405 0.9083464
vn -0.28760588 0.935215 0.20653282
vn -0.31518552 0.84705114 0.42797485
vn -0.45974687 0.18526986 0.86850905
vn -0.1641242 -0.03184855 0.98592544
vn -0.3237438 0.83647937 0.44214517
vn -0.5986386 0.18281464 0.7798786
vn -0.18673103 0.1458447 0.971525
vn 0.5706322 0.17573112 0.802183
vn -0.4539512 -0.42268983 0.78438604
vn 0.47759268 0.30619 0.82350045
vn -0.6433733 0.026564227 0.7650916
vn 0.52142274 -0.44327137 0.7291289
vn -0.3558553 -0.7317716 0.5812722
vn 0.26503113 0.43477884 0.8606544
vn -0.1019564 0.19739394 0.97500795
vn 0.72449857 0.017145291 0.689063
vn 0.09546984 0.12645502 0.9873676
vn -0.1716355 0.88092333 -0.4410391
vn 0.9897384 -0.01562696 0.14203393
vn 0.30231094 -0.9228344 0.238715
vn 0.96811855 -0.22771461 0.10436767
vn 0.7348748 -0.55415756 0.39098385
vn 0.82142276 0.13060021 0.5551651
vn -0.347562 0.12905048 0.92873394
vn -0.5227935 -0.8078806 0.27205887
vn 0.49174336 -0.5316041 -0.6896272
vn 0.29429907 -0.25078258 -0.9222235
vn 0.46554792 -0.81236 -0.35119292
vn 0.48035058 0.41313946 0.773679
vn -0.29926848 0.2518405 0.9203341
vn -0.17012648 0.28489068 0.94334215
vn 0.31826937 -0.63687456 -0.70220757
vn 0.33500516 -0.8876605 0.31595954
vn 0.6393741 -0.093497954 -0.76319003
vn 0.5743099 -0.43882045 -0.6910895
vn 0.8283007 -0.092719115 -0.5525588
vn 0.58280206 0.24667118 0.77427065
vn 0.69714344 -0.25126335 -0.6714595
vn 0.7449088 -0.3416702 -0.57303786
vn 0.5536304 -0.377409 -0.7423313
vn -0.17620164 0.19976175 0.96387154
vn 0.3973386 -0.40054777 -0.8256413
vn -0.4594458 0.8860692 0.061571397
vn 0.104451425 -0.7249418 -0.6808446
vn 0.473005 -0.30180708 -0.82775533
vn -0.059479944 -0.5122864 -0.8567525
vn 0.3406608 -0.21339218 -0.91564953
vn 0.64926726 -0.51721513 -0.55762047
vn 0.7249041 -0.5107991 -0.46216705
vn 0.5857673 -0.24082427 -0.7738736
vn 0.4029225 -0.19059476 -0.89516884
vn 0.46920657 -0.2795655 -0.8376684
vn -0.35083428 0.5104094 0.7851098
vn -0.1644696 0.92519975 -0.3419871
vn -0.21316248 0.9764098 -0.03443518
vn 0.22091039 -0.2278893 -0.94829595
vn 0.4085985 -0.45974007 -0.7884709
vn 0.58689094 -0.1928405 -0.78636605
vn -0.20625447 0.36079213 0.90955377
vn -0.11875268 0.75835234 -0.64093655
vn -0.15796494 0.8691981 -0.4685529
vn -0.221072 0.0022629185 0.9752549
vn -0.7616461 -0.2240277 0.60803527
vn 0.20454745 -0.24774878 -0.9469852
vn 0.07043726 -0.29582822 -0.9526407
vn 0.21800329 -0.43389788 -0.87418944
vn 0.90208286 -0.21710604 -0.37297657
vn -0.40657544 0.20485468 0.89035445
vn -0.7085174 -0.4633061 -0.53230685
vn 0.4689261 -0.2670382 -0.8419019
vn 0.9910509 0.053377744 -0.122347996
vn -0.31829157 0.9404727 -0.11917013
vn 0.94814324 0.185077 0.25840062
vn 0.28189915 -0.6773992 -0.6794581
vn -0.02114345 -0.28522232 -0.9582282
vn 0.2549592 -0.27550742 -0.92687184
vn 0.3096451 0.16191801 -0.9369646
vn 0.50415593 -0.8552377 0.119980596
vn 0.30215478 0.089167416 -0.94907933
vn 0.69807404 -0.42396456 0.5770153
vn 0.90160304 -0.08418296 -0.42429376
vn 0.631464 -0.76404923 0.13221999
vn 0.8512075 -0.5145963 0.10313348
vn 0.66659737 -0.63406426 0.3919318
vn 0.6340278 -0.5380652 0.55542296
vn 0.8806636 -0.44625098 0.1590341
vn -0.17708221 0.07493175 0.9813395
vn 0.26242554 -0.2589497 -0.929558
vn 0.8443233 -0.5358051 0.0055786273
vn 0.6983702 -0.27589366 0.6604254
vn 0.80987126 -0.37391967 0.45198742
vn 0.89802796 -0.42595112 0.11005256
vn 0.80782914 -0.5871653 -0.051468175
vn 0.8002687 -0.59923834 0.02198878
vn 0.71765506 -0.27482373 0.63987744
vn 0.68861926 -0.3584049 0.63035667
vn 0.83897847 -0.4513747 0.30393422
vn 0.9707421 -0.2332727 0.056953486
vn -0.19697396 0.17321995 0.9649851
vn 0.81094646 -0.090010874 -0.57815564
vn 0.29005757 -0.24463359 -0.9252141
vn 0.24510902 0.29679257 -0.92294955
vn 0.3700118 -0.23921373 -0.8977015
vn 0.3568043 -0.60411084 -0.71255934
vn -0.22511622 0.16628699 0.9600372
vn 0.15621367 -0.5802696 -0.7993026
vn -0.18116629 0.25308502 0.95032984
vn 0.1985472 -0.6304642 -0.75039583
vn 0.8697444 -0.45059064 0.20127764
vn 0.2971521 0.221809 -0.92870957
vn 0.876391 -0.36111537 0.31864497
vn 0.92233443 -0.20692076 -0.3263173
vn -0.23060568 0.2237805 0.9469654
vn 0.09281149 -0.5730989 -0.8142136
vn 0.16436951 0.34344962 -0.92467564
vn 0.8223089 -0.44106224 -0.35954437
vn 0.52693146 -0.591706 -0.61010444
vn 0.8209327 -0.5691064 -0.04677088
vn 0.14606439 0.28249326 -0.9480838
vn 0.52185214 -0.1946261 -0.83053666
vn 0.73681253 -0.66359836 0.12940098
vn -0.12586415 -0.019096866 0.99186367
vn 0.24618153 -0.14994171 -0.9575553
vn 0.7451166 -0.6089501 0.2719948
vn 0.56569207 -0.78592616 -0.24962504
vn 0.33318168 -0.9063029 -0.2600096
vn 0.31155363 -0.9315705 -0.18737914
vn 0.33278912 -0.94294083 0.01067311
vn 0.47351208 -0.8766642 -0.08512507
vn 0.2200286 -0.48500478 0.8463793
vn 0.25621 -0.86924416 -0.42281327
vn 0.7987586 -0.5993304 0.052798662
vn 0.54207766 -0.83348376 -0.10703635
vn -0.106723174 0.27419814 0.955733
vn 0.52953595 -0.81858134 -0.22252266
vn 0.8642486 -0.48505044 0.13341859
vn -0.12327937 0.2761587 0.95317286
vn 0.78275764 -0.6197798 -0.05624565
vn 0.5766564 -0.8162162 -0.035474576
vn 0.6642786 -0.74605083 0.046283893
vn 0.8378552 -0.49838427 -0.22273716
vn 0.48103803 -0.13418964 0.86636925
vn 0.5136091 -0.84814894 -0.12980424
vn -0.70945156 0.46030277 -0.5336665
vn 0.5504867 -0.8296513 -0.09296868
vn 0.54238296 -0.7591277 -0.35992497
vn 0.33404747 -0.32801256 -0.8836403
vn 0.06578827 -0.013452337 -0.997743
vn -0.5911396 0.5406233 -0.5985653
vn 0.25594157 -0.2095634 -0.943704
vn 0.19172527 -0.9803912 0.045547124
vn 0.4969454 -0.8422902 0.20878828
vn -0.06948365 0.6915722 -0.71895754
vn 0.41735432 -0.9048984 0.08351272
vn 0.29085004 -0.51876783 -0.8039193
vn 0.42754817 -0.71992034 -0.5467333
vn -0.026802622 -0.63436186 0.77257144
vn -0.76996166 0.48883116 -0.41012588
vn 0.2266123 -0.9495508 -0.21679543
vn 0.18461995 -0.2851064 -0.9405476
vn 0.30701986 -0.5671002 -0.764288
vn 0.33719653 -0.81956136 -0.46326855
vn 0.39925826 -0.6318151 -0.6643814
vn 0.31110463 -0.9244346 -0.22053276
vn 0.1423857 -0.9802373 0.13733606
vn 0.0471974 0.45376575 -0.8898702
vn -0.026090797 -0.07348016 -0.9969554
vn 0.31390974 -0.94748956 -0.06102703
vn -0.33327425 0.3090336 0.8907449
vn 0.35051215 -0.86606926 -0.35646218
vn 0.18964031 0.025493989 -0.9815226
vn 0.29955673 -0.56834054 -0.7663256
vn 0.27073154 -0.9490028 -0.16154939
vn -0.035546657 0.27288017 -0.96139115
vn 0.062642656 0.6280543 -0.77564406
vn 0.3019776 -0.76323456 -0.57121146
vn 0.08923662 0.61139196 -0.7862803
vn 0.3367569 -0.64327943 -0.68759465
vn 0.36900955 -0.66603273 -0.6482534
vn -0.01898151 0.7257392 -0.687708
vn -0.012885163 0.07490099 -0.99710774
vn -0.01366905 -0.114901446 -0.99328285
vn -0.26645175 0.47280708 -0.83991486
vn 0.06488502 -0.05186496 -0.99654406
vn -0.30131045 0.846496 -0.43892664
vn 0.049004685 -0.037921384 -0.9980784
vn -0.21189521 0.092733815 -0.9728828
vn -0.24814485 0.46039334 -0.8523275
vn -0.035567965 -0.7411433 0.670404
vn -0.065687336 0.28224158 -0.95709187
vn 0.234344 0.24479236 -0.9408292
vn -0.14554605 0.8179297 -0.55660355
vn -0.22210339 -0.0025859713 -0.97501975
vn 0.023194402 -0.86994606 0.4926012
vn 0.28012043 0.0010932832 -0.95996433
vn -0.66729003 0.62675035 -0.40237805
vn -0.73805195 0.5807067 -0.3435974
vn -0.14805809 -0.10822602 -0.9830392
vn -0.65123963 0.58011836 -0.48923376
vn -0.16144514 0.85823286 -0.48720837
vn -0.66743785 0.56443524 -0.48573613
vn -0.6086791 0.6585797 -0.4424733
vn -0.026228154 0.7132447 -0.70042425
vn 0.1657579 0.23952672 -0.9566355
vn -0.61241984 0.6383482 -0.46631914
vn 0.2119541 0.30454037 -0.9286176
vn -0.44724745 0.69267446 -0.5658373
vn -0.2515516 -0.0072953105 -0.9678165
vn -0.39721057 0.106546745 -0.9115216
vn -0.44651908 0.12957077 -0.8853429
vn -0.5454818 0.22331916 -0.8078232
vn 0.15667605 0.3645712 -0.9179001
vn 0.2385853 -0.26273915 -0.93490386
vn 0.25180146 -0.18147033 -0.9506128
vn -0.69029075 0.4595018 -0.5588889
vn 0.31309667 0.13329051 -0.9403213
vn 0.552306 -0.8236582 0.12862831
vn 0.73641324 -0.670672 -0.08885185
vn -0.7297551 -0.0505865 -0.68183464
vn -0.44901088 -0.31586462 -0.83583426
vn -0.17342998 0.5696053 -0.8034127
vn 0.23632517 -0.07194258 -0.9690071
vn 0.43028423 -0.40524283 -0.80661875
vn 0.20516519 0.36079413 -0.90979934
vn 0.6720389 -0.3554698 -0.64961904
vn 0.0068355002 -0.06054136 -0.99814236
vn 0.002354849 -0.07686717 -0.99703854
vn 0.65421534 -0.369479 -0.65991485
vn 0.9688032 -0.012316626 -0.2475252
vn 0.08332076 -0.7961173 0.59937876
vn 0.8624388 -0.15416887 -0.48211122
vn 0.15052755 0.34282336 -0.9272613
vn 0.30976772 -0.18557759 -0.9325261
vn 0.2797486 -0.4388893 -0.8538834
vn 0.21192366 0.30796137 -0.92749566
vn 0.22794501 -0.32681167 -0.91718876
vn 0.26442716 -0.48582268 -0.8330994
vn 0.23445062 -0.4635658 -0.8544821
vn 0.38427448 -0.68912834 -0.61435765
vn 0.31200323 -0.3061357 -0.8994081
vn 0.36930463 -0.2949308 -0.8812661
vn 0.23110455 -0.31749606 -0.9196668
vn 0.29353315 -0.38870862 -0.87335205
vn 0.3277343 -0.03207988 -0.94422513
vn 0.15869623 0.2109063 -0.9645383
vn 0.1737905 0.25788802 -0.950416
vn 0.27520776 0.16435592 -0.94723165
vn 0.3027359 -0.23168443 -0.92448545
vn 0.5308008 -0.24256836 -0.81204134
vn -0.07908145 0.29617032 -0.9518557
vn 0.5889867 -0.35473448 -0.7261254
vn -0.7159712 0.5068516 -0.48009044
vn -0.69733375 0.52285194 -0.49025673
vn 0.31106636 0.12597293 -0.9420025
vn 0.2931959 -0.0156462 -0.9559244
vn -0.59447056 0.63513696 -0.493159
vn -0.102646396 0.88924724 -0.44576135
vn 0.27389556 -0.13938093 -0.9516061
vn -0.11577287 0.934325 -0.33709574
vn 0.32105276 -0.18878666 -0.9280543
vn -0.38143766 0.47632158 -0.7922267
vn 0.14703849 0.26274884 -0.9535946
vn 0.24137463 0.2511258 -0.9373762
vn 0.07144787 0.27031553 -0.96011704
vn 0.17843483 0.44363865 -0.878263
vn -0.14234845 0.8882823 -0.43668237
vn -0.0063845483 0.62573576 0.7800089
vn 0.20378117 -0.15603627 -0.9665019
vn 0.693513 -0.43537015 -0.57401454
vn -0.67374754 0.52983797 -0.5151078
vn -0.1317967 0.87647986 -0.46304712
vn 0.0036881778 0.6414218 -0.7671796
vn -0.14862573 0.87049925 -0.46919248
vn 0.32873154 -0.10421021 -0.9386564
vn 0.23068598 -0.30131784 -0.92519814
vn 0.23777063 -0.60186356 -0.7623815
vn 0.29407725 -0.25620908 -0.9208016
vn 0.31441367 -0.22931199 -0.9211732
vn 0.13924442 0.31438187 -0.93902874
vn 0.083210886 -0.13548316 -0.98727924
vn 0.22282894 -0.076649085 -0.9718396
vn 0.41623247 -0.850506 0.32154328
vn 0.14014669 0.8417317 -0.52138907
vn 0.31207085 -0.39287177 -0.86502236
vn 0.33889285 0.42384973 0.83994234
vn 0.22832346 0.0046523563 -0.9735742
vn 0.28216103 -0.311139 -0.9075119
vn 0.22387406 0.6574272 -0.7194929
vn 0.08657885 -0.8982514 -0.43086946
vn 0.11212298 0.39764297 -0.91066384
vn 0.09791277 -0.7121437 0.6951723
vn -0.047858227 -0.7518094 0.6576414
vn -0.5299846 0.61200386 -0.5869989
vn -0.07876567 -0.5742093 0.81491077
vn -0.08659102 0.95837045 -0.2720813
vn -0.030558582 0.61164844 0.7905394
vn 0.02264946 0.41434705 0.9098371
vn 0.26134738 0.49949583 -0.82595485
vn 0.24071734 -0.26982927 -0.93233436
vn -0.0015017437 0.4704576 0.8824214
vn 0.21866912 0.7891319 -0.57398146
vn 0.1740393 0.18942426 -0.9663482
vn 0.3522592 -0.36360896 -0.86238164
vn 0.27278382 0.16332678 -0.9481104
vn 0.32186958 0.07350019 -0.94392675
vn 0.2378684 0.27809277 -0.9306359
vn 0.9723757 -0.03932562 -0.23008509
vn 0.12729707 0.9913196 0.03287864
vn 0.21263908 0.9759446 0.0481348
vn 0.4230193 0.06867678 -0.9035144
vn 0.17892466 0.30486718 -0.93543684
vn 0.434146 0.036296256 -0.900111
vn 0.33720133 -0.20970999 -0.9177783
vn 0.43393776 -0.07312303 -0.8979705
vn 0.55457234 0.021954862 -0.8318459
vn 0.36276403 -0.33977926 -0.8677283
vn 0.745228 -0.5776438 -0.33311105
vn 0.5981262 -0.4101061 -0.68851876
vn 0.21739683 0.12473888 -0.96808
vn -0.14932004 0.8970467 -0.41594574
vn 0.6135522 0.07958251 -0.7856337
vn 0.7259922 0.32284912 -0.6072099
vn 0.9752184 0.14681959 0.16550884
vn 0.6911316 0.3710705 -0.6201966
vn 0.72988355 -0.0028533349 -0.68356556
vn 0.7160533 0.2063453 -0.66685027
vn 0.118474476 -0.9904654 -0.070300594
vn 0.25658295 -0.16209938 -0.95283216
vn 0.47600242 0.79628915 -0.37328988
vn 0.50899106 0.1767872 -0.84242177
vn 0.26490453 -0.07441816 -0.9613988
vn 0.4394627 0.106825635 -0.8918862
vn 0.32225206 0.25741467 -0.9109837
vn 0.25571138 0.05785449 -0.96502054
vn 0.4827059 0.12949604 -0.8661558
vn 0.2511921 0.9634392 -0.09320596
vn 0.23293516 0.9693813 0.07772488
vn 0.64598125 0.47409046 -0.59828633
vn 0.29069638 -0.0068436326 -0.9567909
vn 0.26940846 0.051640525 -0.9616404
vn 0.19360973 0.103219494 -0.9756336
vn 0.4430829 -0.43536162 -0.7836695
vn 0.29097244 -0.6180985 -0.7302666
vn 0.6324772 -0.29881924 -0.71461856
vn 0.59702873 -0.33899626 -0.7270752
vn 0.30452228 -0.733052 -0.6081949
vn -0.034298465 0.9142879 -0.4036103
vn 0.6090458 -0.2719317 -0.7450614
vn 0.22771992 0.97193754 0.059000365
vn 0.19386318 -0.26061302 -0.9457791
vn 0.37450653 0.8109952 0.44947925
vn 0.25055867 -0.27719966 -0.92756706
vn -0.1764484 -0.14658089 0.97333455
vn 0.02465654 0.9010449 -0.4330246
vn 0.6623951 -0.3696594 -0.65160155
vn 0.35483882 -0.91451204 -0.1943123
vn 0.1577223 -0.95529836 -0.25005746
vn 0.16742739 -0.9691287 -0.18099065
vn 0.1886967 0.63951224 -0.7452636
vn 0.60355073 -0.7656936 -0.22235075
vn 0.33839503 -0.88745314 -0.3129151
vn 0.32924992 -0.91583884 0.229856
vn -0.061604384 -0.925667 0.37329018
vn -0.3560848 0.800199 -0.48258194
vn 0.7003225 -0.1309248 -0.7017173
vn 0.06273384 0.9437095 -0.3247721
vn 0.6553319 -0.19807313 -0.7289082
vn 0.24031885 -0.35421467 -0.90375817
vn 0.67097515 -0.0055674696 -0.74145895
vn 0.60411143 -0.50710005 -0.61473495
vn 0.30661917 -0.3239715 -0.89500123
vn 0.6689755 0.12316773 -0.73300856
vn 0.1704876 -0.9356278 -0.30908674
vn 0.15815447 0.36780465 0.91635525
vn -0.032895397 -0.42013264 0.9068663
vn -0.032190487 -0.62534505 0.7796842
vn 0.64927214 -0.3440663 -0.67828023
vn 0.7321716 -0.06513381 -0.6779989
vn 0.66712457 -0.25881243 -0.6985421
vn 0.67804235 -0.1581353 -0.71781045
vn 0.602799 -0.3918568 -0.69504076
vn 0.3262773 -0.0034612985 -0.9452678
vn -0.003263686 -0.22451632 0.97446495
vn 0.55526954 0.4861489 -0.6747852
vn -0.1315355 0.22301348 0.96590036
vn -0.0028014276 0.93197566 -0.3625099
vn 0.99812895 0.060179718 -0.010816992
vn 0.093791485 0.2625947 -0.96033704
vn 0.10723713 -0.98968655 0.09497737
vn 0.20767362 -0.76904196 -0.60452145
vn 0.7114082 -0.3677038 -0.59890926
vn 0.6702904 -0.12712385 -0.7311295
vn -0.27631295 -0.14891943 0.9494599
vn 0.17070557 0.18003808 -0.9687342
vn 0.8010569 -0.34596622 -0.48848265
vn -0.25148308 -0.041106265 0.9669884
vn -0.2711694 0.05120799 0.9611686
vn 0.09478146 0.2927852 -0.951469
vn -0.056631893 -0.45926088 0.8864944
vn 0.8652419 0.15424395 -0.47703803
vn -0.13019945 -0.112098806 0.9851304
vn -0.2444968 0.14644964 0.9585269
vn -0.1956963 0.044132408 0.97967106
vn 0.2690393 -0.024617149 -0.9628146
vn 0.49404928 -0.47846434 -0.72593886
vn -0.25462002 0.43553114 0.8634125
vn -0.24023576 0.3496955 0.90553844
vn -0.2753823 0.060434017 0.9594334
vn -0.064360134 -0.6508185 0.75650054
vn -0.09959767 -0.35047826 0.93126005
vn 0.71267265 0.27739203 -0.6443225
vn -0.14170215 -0.5970917 0.7895581
vn 0.27571917 -0.035205457 -0.96059334
vn -0.2655764 0.20224883 0.942637
vn -0.24151073 0.1283346 0.9618747
vn -0.24637549 0.28894216 0.92510086
vn 0.15802388 0.803524 -0.57391435
vn 0.105926454 -0.815121 -0.5695238
vn 0.17885254 -0.73488766 -0.6541804
vn -0.23249301 -0.06107998 0.97067827
vn 0.010363772 0.6305768 -0.7760578
vn 0.3782714 0.8773772 0.29516107
vn -0.10737384 -0.02421922 0.9939238
vn 0.68581676 0.55307007 0.47304225
vn 0.29300785 0.28932545 0.91128325
vn 0.48200172 0.251836 -0.8391979
vn 0.8336152 0.44114754 0.33237725
vn 0.418878 0.90727246 -0.037387904
vn 0.7319512 -0.089500114 -0.6754534
vn 0.20828484 -0.03911546 -0.9772858
vn 0.041689463 0.043104213 -0.9982005
vn 0.702172 -0.21480292 -0.67883307
vn -0.072497055 0.18990648 -0.979122
vn 0.2294621 0.95053774 -0.20934467
vn 0.7177805 -0.16952968 -0.6753154
vn 0.76392704 -0.29456484 -0.574149
vn 0.7473895 -0.33747393 -0.572294
vn -0.17214717 -0.5381443 0.8250856
vn -0.25078446 0.31914055 0.91392374
vn -0.22729261 0.46562007 0.8552988
vn -0.28453308 0.382593 0.8790128
vn -0.20400085 -0.23269963 0.95091254
vn -0.13457525 -0.50776285 0.850921
vn 0.015309743 0.9134934 -0.40656543
vn -0.14864631 -0.6317104 0.76081955
vn 0.6736262 -0.17740908 -0.7174635
vn 0.6985372 -0.2927201 -0.65296316
vn -0.27839768 0.16312435 0.9465121
vn -0.061547283 0.9553025 -0.28915253
vn -0.15342559 0.1598659 0.97514284
vn 0.56456447 0.6685858 -0.4840042
vn -0.09183053 -0.5619808 0.82203704
vn 0.3819549 -0.026201455 -0.9238094
vn 0.18158396 0.8018868 -0.5692142
vn -0.23083529 0.12268805 0.9652268
vn -0.19036677 0.15626134 0.96919703
vn 0.22134013 -0.2647624 -0.9385677
vn -0.20020896 -0.3839304 0.90139544
vn 0.23850355 0.48528615 -0.8411976
vn -0.014108162 0.74418396 -0.66782576
vn 0.56287396 0.2713494 -0.780732
vn -0.18907477 0.094087906 0.97744477
vn -0.17843638 0.1397926 0.97397053
vn 0.14664055 0.9886836 -0.031644296
vn -0.21318461 -0.07520537 0.9741132
vn 0.3657615 -0.07939009 -0.9273165
vn 0.49979842 0.37817875 -0.77921915
vn 0.3842614 0.87782925 0.2859354
vn -0.14969729 0.24570511 0.9577159
vn -0.17666335 0.16562039 0.97023714
vn -0.22794607 -0.0016527938 0.9736724
vn 0.53286934 0.5130097 -0.6729572
vn -0.19986656 0.20972443 0.957115
vn -0.19797716 0.3154208 0.9280705
vn 0.6880657 0.42782038 -0.5861189
vn -0.23151763 0.21504462 0.9487652
vn -0.16489767 0.23794131 0.95717955
vn -0.174489 -0.13331464 0.97559255
vn -0.19601172 0.115273915 0.97380257
vn -0.020029968 -0.16920228 0.98537785
vn 0.12617593 0.8913037 -0.43549675
vn -0.13007437 -0.07426297 0.9887193
vn -0.19443002 0.2442463 0.95002145
vn -0.24736807 0.83243024 0.4958518
vn 0.34342843 -0.23101114 -0.9103246
vn -0.213371 0.44150412 0.8715199
vn -0.21791117 -0.1699373 0.9610599
vn -0.28808916 0.82875717 0.47975639
vn 0.5475368 -0.77272505 -0.32109094
vn -0.19210085 0.17909461 0.96489507
vn 0.44438323 0.8956758 -0.0169865
vn -0.19190332 0.28223556 0.9399555
vn 0.3222151 0.94660896 0.010439976
vn 0.33592516 0.9325121 -0.13257241
vn -0.010811741 0.560249 0.8282538
vn 0.07384158 0.4081082 0.9099424
vn -0.039454743 0.96883553 -0.24454258
vn 0.5345953 0.83277047 0.14387959
vn 0.12841326 0.51651746 0.846593
vn -0.13896948 0.9734975 0.181632
vn 0.25456905 0.30447716 0.91787165
vn 0.1432133 0.3350855 0.9312399
vn -0.07101794 0.08609696 0.9937524
vn -0.08646532 0.05764764 0.99458563
vn 0.091604605 0.62801963 0.7727872
vn -0.20076185 0.2690029 0.94198316
vn 0.5553924 0.24391954 -0.79501104
vn 0.47670278 0.6778581 0.55969894
vn 0.46631807 0.69090843 0.5524427
vn -0.109598264 -0.27524388 0.95510685
vn -0.13730757 -0.0061757127 0.9905092
vn 0.0008563199 0.9207303 -0.3901988
vn -0.14123304 -0.25566047 0.9563948
vn -0.06527842 -0.5847738 0.8085657
vn -0.103903495 0.13955675 0.9847477
vn -0.19737571 0.3790914 0.9040645
vn -0.038722545 0.6273932 0.7777393
vn -0.24917905 0.22250985 0.9425493
vn -0.13734816 -0.74434173 0.6535219
vn -0.19327135 0.9107571 -0.36492154
vn -0.036638107 0.37137574 0.9277596
vn 0.31346473 0.93636656 0.15797995
vn 0.12637705 0.76822174 0.62758595
vn -0.17766641 0.4063795 0.8962646
vn -0.082860276 0.48239735 0.8720247
vn -0.22746359 0.098058656 0.96883684
vn -0.21540923 0.174718 0.9607666
vn -0.17289694 0.10255105 0.97958666
vn -0.18366903 0.16393751 0.9692215
vn -0.1391485 0.18365261 0.97309273
vn 0.1828662 0.26090658 -0.947886
vn -0.114250004 0.24868499 0.96182257
vn -0.21479729 0.41562125 0.8838106
vn -0.19285044 0.4985845 0.84511673
vn -0.1472388 0.6099451 0.7786448
vn 0.017183233 0.93075347 0.36524343
vn -0.17505091 0.15526806 0.97223914
vn -0.24331388 0.33371657 0.9107314
vn -0.060265392 0.94661224 -0.31669146
vn -0.23126091 0.561992 0.7941557
vn 0.19679914 0.4498655 -0.87114364
vn -0.31931168 0.25737044 0.91203105
vn 0.2314461 -0.87740517 -0.42022955
vn 0.36732203 0.9019372 -0.22712083
vn 0.5592913 0.7288749 -0.39488557
vn -0.17242287 0.21321462 0.9616704
vn -0.20442921 0.72857606 0.65374744
vn -0.23944634 0.6211676 0.7462013
vn -0.26018178 0.51091725 0.8193101
vn -0.21436036 0.58168966 0.7846571
vn 0.35895708 0.9239866 -0.13190374
vn -0.16442864 0.19486009 0.96695024
vn 0.07246197 0.34407637 -0.93614143
vn -0.1508145 -0.14652647 0.9776426
vn 0.19698967 -0.017273057 -0.9802534
vn -0.24255227 0.64856076 0.7214828
vn 0.051937684 0.7836152 -0.6190717
vn -0.3152675 0.811263 0.49240103
vn -0.30425763 0.072966576 0.94979113
vn 0.1933444 0.14228311 -0.9707593
vn -0.097173624 0.8303474 -0.5487081
vn 0.3210859 0.941708 0.100448854
vn 0.2533514 -0.14134377 -0.9569927
vn -0.29981703 0.28905344 0.9091523
vn 0.37257898 0.9277066 -0.023353692
vn 0.22869444 0.93648416 0.26588765
vn 0.06867892 0.6947803 0.71593547
vn -0.18015541 0.5822563 0.79279363
vn 0.28037772 -0.3395593 -0.8978239
vn -0.20680471 0.29361233 0.93328655
vn 0.22887759 0.30442733 -0.92462915
vn 0.13179524 0.35192555 -0.926703
vn 0.05426812 0.5092711 0.8588935
vn 0.17602137 0.38117597 -0.907591
vn 0.23153946 0.25653586 -0.9383917
vn 0.35488817 0.93487597 0.00783066
vn 0.17657538 0.98394066 0.02611229
vn 0.1849986 -0.9407736 -0.28411376
vn -0.034469236 0.8507352 -0.5244631
vn 0.23409162 -0.5851908 -0.77637166
vn 0.022639263 0.5568171 0.8303266
vn 0.12947416 0.2944375 -0.94685954
vn 0.27876014 0.34058425 -0.8979394
vn 0.28212374 0.2726488 -0.9198201
vn -0.021298066 -0.026474144 0.99942255
vn -0.19584934 0.2155775 0.95664483
vn 0.78266335 0.37249 0.49868745
vn 0.66012716 0.44864655 0.60245204
vn 0.55127895 0.82935864 -0.090862095
vn -0.25274286 0.27295753 0.9282323
vn 0.6415417 0.67593336 -0.36268222
vn 0.14175601 0.15221384 -0.97812897
vn 0.38839418 -0.36027473 -0.8481463
vn 0.83238024 -0.20366538 -0.51542574
vn 0.22375542 -0.8935434 -0.38924766
vn -0.22095211 0.87519544 0.4303639
vn 0.15941428 -0.90209687 -0.40100917
vn -0.2272812 0.20403895 0.952214
vn -0.20077449 0.13902132 0.96972305
vn -0.15718645 0.16470449 0.9737376
vn 0.22680372 0.40090784 0.8875995
vn 0.26232994 0.41326383 0.87200695
vn -0.19618295 0.49914607 0.8440174
vn 0.45362508 0.7558245 0.47217968
vn 0.31214896 0.92788255 0.20395356
vn -0.16661277 0.48874736 0.85636806
vn 0.3232362 0.918161 0.2291263
vn 0.24489532 0.9468326 -0.20864882
vn -0.21800508 0.73327696 0.6440332
vn 0.107490815 0.72738165 -0.67776227
vn -0.20318456 0.7177922 0.6659508
vn 0.3014268 0.8857523 0.35296586
vn 0.13954215 0.31432652 -0.93900317
vn 0.06879803 0.8735497 0.4818483
vn 0.122796334 0.76655245 -0.63033193
vn 0.14287357 0.51912105 -0.8426747
vn 0.17689513 0.57586306 -0.7981791
vn -0.106729425 0.43245354 0.89531714
vn 0.24487178 0.59462446 -0.7658065
vn -0.037273545 0.90654534 -0.42045957
vn -0.09398504 0.9926657 -0.0760371
vn 0.08963985 0.802752 -0.5895371
vn -0.06836102 0.9884571 0.13520107
vn 0.19293427 0.7447904 -0.63879865
vn 0.21886043 -0.36880013 -0.90337515
vn -0.04776981 0.83891135 -0.54216766
vn 0.25970897 -0.39031282 -0.8832934
vn 0.25642043 -0.08370022 -0.9629345
vn 0.3013729 -0.117388666 -0.94625276
vn 0.90703607 -0.3877239 -0.16418214
vn 0.99700075 -0.07029726 -0.0323705
vn 0.04538598 0.8185687 -0.5726129
vn 0.5425539 -0.44601637 -0.7118319
vn 0.09495814 0.8275708 -0.5532717
vn 0.080218025 0.8857378 -0.45720214
vn -0.1966686 0.9798797 0.03402088
vn 0.038366593 0.8842616 -0.46541333
vn 0.27963868 -0.10911132 -0.95388526
vn -0.21021408 0.012263284 0.97757846
vn 0.036737837 0.90587854 -0.42194134
vn 0.019648647 0.85662377 -0.5155674
vn -0.40434456 0.81417036 0.41669193
vn 0.29345572 0.8712095 -0.3935452
vn -0.13357098 0.962237 -0.23718928
vn -0.1441445 0.90661186 -0.39658198
vn -0.11817481 -0.0020947405 0.9929906
vn -0.0819091 0.9627384 -0.2577321
vn 0.00394364 0.8945648 0.44692093
vn -0.23819001 0.74701977 0.62066656
vn 0.19846727 -0.6204859 -0.7586883
vn 0.3043096 0.95084566 0.05734317
vn 0.078368455 0.9921961 -0.09698129
vn 0.05460188 0.96121365 0.270346
vn -0.19357137 0.7467138 0.6363558
vn -0.25838903 0.51384056 0.8180483
vn -0.13346104 0.70108706 0.7004749
vn -0.2615318 0.76186323 0.59259224
vn -0.25217664 0.62424684 0.7394071
vn -0.21068987 0.79343694 0.57102334
vn -0.2475756 0.57692844 0.77837
vn -0.17271225 0.8716112 0.4587641
vn -0.04114145 0.97197515 -0.23145585
vn -0.19906075 0.3529735 0.9142126
vn -0.17955796 0.65189385 0.7367452
vn -0.0049670544 0.9359526 -0.35209113
vn 0.1469542 0.45824504 0.8765934
vn 0.086271316 0.40221885 0.9114699
vn -0.16990012 0.97341067 -0.15364155
vn 0.14030638 0.84937304 -0.5088022
vn -0.037595376 0.88585335 -0.46243984
vn -0.19195926 0.5457028 0.81569606
vn -0.14983517 0.8565297 -0.4938687
vn -0.12888883 0.9411525 -0.3124415
vn 0.017604342 0.92424315 -0.3813985
vn 0.32944798 0.9242142 -0.19311176
vn 0.12475356 0.38537312 -0.91428894
vn -0.08126742 0.96227545 -0.25965682
vn -0.08379305 0.90184903 -0.42384803
vn -0.30359042 0.43990856 0.8451706
vn 0.45560682 0.85034394 0.26332015
vn -0.10949859 0.9160807 -0.38575408
vn 0.18843156 0.9222506 -0.33756092
vn 0.075732246 0.93245554 -0.35325813
vn -0.06310229 -0.27906817 0.95819575
vn -0.0163004 0.9994158 -0.030038485
vn 0.18510136 0.87722266 0.44296476
vn 0.20108211 0.65143156 0.73157567
vn 0.15829985 0.93531466 0.31642967
vn -0.03572645 0.586711 0.809008
vn 0.077229545 0.87096864 -0.4852311
vn 0.03852134 0.9886805 -0.1450066
vn -0.14331959 0.9558061 0.2566989
vn -0.20479104 0.25922635 0.94385505
vn -0.17797074 0.98338705 0.035726596
vn 0.06590247 0.95934707 -0.27442694
vn -0.043308847 0.95932555 0.2789605
vn -0.09357109 0.9943179 0.050757676
vn -0.14726828 0.2785745 0.9490565
vn -0.29981887 0.71484274 0.63175035
vn -0.26048595 0.6323466 0.72957855
vn 0.25893724 0.96475977 0.046799246
vn -0.023953393 0.90117097 -0.4328015
vn 0.011803304 0.9042151 -0.42691422
vn -0.115603946 0.9812918 -0.15395533
vn -0.15779191 0.73628527 0.6580165
vn 0.2724721 -0.20735136 -0.93955547
vn -0.20646441 0.95776904 0.2001275
vn -0.20576057 0.09956427 0.97352433
vn -0.0717278 0.88570297 -0.45867786
vn -0.24354555 0.82701486 0.5066873
vn -0.28433877 0.85551584 0.43271703
vn 0.345854 0.9381134 0.018121192
vn 0.2665767 -0.07847398 -0.9606137
vn 0.054502632 0.97399884 0.21989945
vn -0.19069378 0.97279805 0.13152915
vn -0.3057019 -0.12208197 0.94426817
vn -0.19788837 0.6249394 0.7551761
vn -0.29433662 0.7133866 0.63596034
vn -0.19496973 0.92398155 0.32900614
vn 0.053673606 0.90725034 0.4171522
vn 0.27733865 0.19926104 -0.93988216
vn 0.13437827 0.38062662 0.914913
vn -0.1855673 0.50832134 0.84093654
vn -0.16147113 0.7962505 0.5830199
vn -0.10544939 0.941486 0.32013223
vn 0.033202417 0.9552667 -0.29387605
vn -0.22085436 0.68991333 0.6893787
vn 0.029777395 0.9887619 -0.1465035
vn -0.10711196 0.20929879 0.9719676
vn -0.17741852 0.30439335 0.9358779
vn 0.08423766 0.6756337 -0.7324091
vn 0.17554674 0.98054683 0.087813996
vn -0.3042421 0.7294823 0.6126111
vn 0.36161456 0.29555184 -0.8842421
vn 0.30932185 0.6095644 -0.72989815
vn 0.27736276 0.2629461 -0.9240829
vn 0.43586025 0.8043176 0.4038553
vn 0.1097795 0.9675211 -0.22770907
vn -0.21669029 0.9753146 -0.042505894
vn -0.08310964 0.8792491 -0.46905646
vn 0.7795375 0.6041025 -0.16547355
vn -0.04397109 0.99669373 0.0683247
vn -0.26329902 0.94838804 0.17673099
vn -0.12982203 0.8583872 0.49630412
vn -0.05269677 0.9969581 0.057426233
vn 0.1399195 0.8750508 -0.46336672
vn -0.21388981 0.68910766 0.6923741
vn 0.0927764 0.99554396 -0.016875952
vn 0.14841321 0.8853017 -0.44069767
vn 0.1736003 0.8515513 -0.49469522
vn -0.19891371 0.17997672 0.9633493
vn 0.11688447 0.89213485 -0.43638682
vn 0.38870427 0.8437239 -0.37018782
vn 0.5339788 -0.45044863 -0.7155157
vn -0.042878732 0.93092 -0.36269736
vn -0.19174771 0.6655074 0.721341
vn -0.012126744 0.95541865 -0.29500553
vn -0.04613595 0.908173 -0.4160449
vn 0.14779083 0.86457825 -0.4802733
vn 0.20547579 0.9214728 -0.32964778
vn -0.14234321 0.9886356 -0.048353955
vn 0.22556736 -0.43054157 0.87392986
vn 0.9601267 0.1184699 0.25322238
vn -0.08543946 -0.1933771 0.97739726
vn 0.23859747 0.970675 0.029347425
vn 0.25597605 0.88646656 0.385556
vn 0.66246694 -0.6463439 -0.37865183
vn 0.14373921 0.88670194 -0.4394301
vn -0.23830752 0.9540696 0.18155098
vn 0.12615816 0.56684715 -0.8141059
vn -0.05785486 0.947047 -0.31583995
vn 0.11464115 0.7688667 -0.62904805
vn -0.0061294953 0.7005316 -0.7135951
vn -0.01661043 0.9997785 0.012925443
vn 0.03838818 0.9638201 -0.2637748
vn 0.16297174 0.84688157 -0.50619364
vn 0.068369016 0.9307483 -0.35921213
vn 0.23599063 0.29354507 -0.92635834
vn 0.023961805 0.91337335 0.40641725
vn 0.38817433 -0.100159004 -0.91612715
vn 0.25085258 0.9612244 0.114545554
vn -0.03017204 0.98653 -0.16077396
vn 0.005663074 0.8535848 -0.5209232
vn 0.6312829 0.1856282 -0.75301003
vn 0.201962 0.763731 -0.61312836
vn -0.10066486 0.95995086 -0.2614594
vn 0.16955818 0.5082277 -0.84436643
vn 0.20902641 0.29665968 -0.93182665
vn 0.1587562 0.6037748 -0.7811866
vn 0.26863155 0.7852744 0.5578362
vn 0.2453768 0.34721467 -0.9051145
vn 0.10918645 0.6705694 -0.7337677
vn 0.21682306 0.6895967 -0.6909734
vn 0.19885847 -0.16921972 -0.96530825
vn 0.49652836 0.4798602 -0.7233213
vn 0.16247632 -0.72774714 -0.6663224
vn 0.29430303 0.7819306 0.5495183
vn 0.2909074 -0.163301 -0.94271195
vn 0.28592908 0.20627451 -0.935786
vn 0.35589024 0.0081786355 -0.93449205
vn 0.20171912 -0.0667644 -0.9771653
vn 0.10063662 0.6072962 -0.78807586
vn 0.38531545 0.74051833 -0.55060387
vn 0.33954558 0.11847031 -0.933099
vn 0.6967178 0.027462069 -0.7168195
# 2705 vertex normals

vt 0.0028138368 0.71102774 0
vt 0.018986724 0.72491956 0
vt 0.0065925657 0.7258962 0
vt 0.032110866 0.69607145 0
vt 0.04351619 0.7132883 0
vt 0.03499679 0.73287195 0
vt 0.00068679394 0.6270565 0
vt 0.019764427 0.6415338 0
vt 0.003412637 0.648281 0
vt 0.021387504 0.6259582 0
vt 0.0005332395 0.6109098 0
vt 0.030259693 0.58737975 0
vt 0.05256409 0.60961187 0
vt 0.02478638 0.6077517 0
vt 0.04159837 0.6489556 0
vt 0.04756692 0.62992936 0
vt 0.0045308517 0.5938187 0
vt 0.32860354 0.024399959 0
vt 0.31799072 0.028154803 0
vt 0.31437856 0.021389825 0
vt 0.32469377 0.009435747 0
vt 0.30578798 0.0067325914 0
vt 0.39313796 0.004193693 0
vt 0.4078234 0.0032704803 0
vt 0.4029546 0.014027182 0
vt 0.3895543 0.028517883 0
vt 0.38475496 0.013571025 0
vt 0.39843962 0.022265358 0
vt 0.4138735 0.024137713 0
vt 0.37625164 0.025190013 0
vt 0.41935512 0.013369288 0
vt 0.35093573 0.015096686 0
vt 0.36674312 0.014247767 0
vt 0.36294237 0.03026912 0
vt 0.37046373 0.004453249 0
vt 0.3573977 0.004556974 0
vt 0.33865356 0.0027013633 0
vt 0.34193543 0.030614693 0
vt 0.3378317 0.015385523 0
vt 0.050717637 0.04419041 0
vt 0.05431879 0.01763264 0
vt 0.06625704 0.029826395 0
vt 0.0106154755 0.07870425 0
vt 0.031512298 0.055881932 0
vt 0.026877582 0.08286854 0
vt 0.0625241 0.059507214 0
vt 0.07892137 0.03442866 0
vt 0.019372584 0.056992847 0
vt 0.042247422 0.07243538 0
vt 0.03918745 0.022512604 0
vt 0.0785521 0.058246076 0
vt 0.033432644 0.09910009 0
vt 0.015265293 0.10082798 0
vt 0.022149485 0.034445558 0
vt 0.0081245145 0.05710722 0
vt 0.051885106 0.076222435 0
vt 0.04640922 0.08572908 0
vt 0.0064508696 0.0356949 0
vt 0.0064508743 0.008490115 0
vt 0.027631486 0.008490119 0
vt 0.9331699 0.4639615 0
vt 0.94442344 0.47376823 0
vt 0.9280354 0.4714199 0
vt 0.9227273 0.4804529 0
vt 0.91880375 0.46644524 0
vt 0.92180526 0.45431164 0
vt 0.90492857 0.4602543 0
vt 0.91230243 0.45616984 0
vt 0.9018891 0.4459589 0
vt 0.91162586 0.4462917 0
vt 0.9008045 0.43663558 0
vt 0.9118466 0.46802807 0
vt 0.8924879 0.43381402 0
vt 0.89532167 0.42742983 0
vt 0.91177857 0.47325212 0
vt 0.90827733 0.43586418 0
vt 0.8881776 0.44150797 0
vt 0.9055009 0.48528272 0
vt 0.94784534 0.5013991 0
vt 0.922188 0.5141856 0
vt 0.94585794 0.51843184 0
vt 0.031421978 0.14696449 0
vt 0.038977135 0.15494058 0
vt 0.022388965 0.1548838 0
vt 0.020827597 0.14254309 0
vt 0.027998012 0.13755181 0
vt 0.04191704 0.14028138 0
vt 0.03782771 0.13320951 0
vt 0.043676637 0.13698691 0
vt 0.035885595 0.14122039 0
vt 0.041282963 0.14698301 0
vt 0.041052897 0.12843314 0
vt 0.047152955 0.1327525 0
vt 0.04865492 0.15133724 0
vt 0.047619265 0.14180334 0
vt 0.053807583 0.14688428 0
vt 0.025511758 0.12715563 0
vt 0.036214363 0.12626237 0
vt 0.0156628 0.13382444 0
vt 0.0090544475 0.12616311 0
vt 0.05295199 0.13009027 0
vt 0.056015763 0.13348776 0
vt 0.054150596 0.14186876 0
vt 0.9205723 0.22808821 0
vt 0.9139534 0.23050067 0
vt 0.9132557 0.22273523 0
vt 0.9158043 0.24014898 0
vt 0.9326551 0.24198385 0
vt 0.93799865 0.22459501 0
vt 0.9238413 0.25650588 0
vt 0.91161895 0.25031242 0
vt 0.9159554 0.26298764 0
vt 0.92351 0.26877677 0
vt 0.91713655 0.27249828 0
vt 0.93763375 0.25965768 0
vt 0.93247914 0.27177528 0
vt 0.9249872 0.27996135 0
vt 0.90754217 0.22793026 0
vt 0.90273553 0.22081958 0
vt 0.91002965 0.23386148 0
vt 0.90827554 0.2415262 0
vt 0.90211684 0.2312339 0
vt 0.9065963 0.24690181 0
vt 0.901668 0.24496381 0
vt 0.9082239 0.25956467 0
vt 0.90528727 0.2514521 0
vt 0.91193306 0.26935855 0
vt 0.9122968 0.57023096 0
vt 0.9357718 0.57142955 0
vt 0.9054073 0.5819878 0
vt 0.91686624 0.5883754 0
vt 0.90597165 0.5945345 0
vt 0.9309111 0.59243464 0
vt 0.9020978 0.58995014 0
vt 0.9127777 0.6027474 0
vt 0.89775723 0.59917766 0
vt 0.89717495 0.5875692 0
vt 0.90322435 0.6038925 0
vt 0.92369395 0.61040294 0
vt 0.9048469 0.6110749 0
vt 0.9120058 0.6165777 0
vt 0.9357436 0.6057652 0
vt 0.89010674 0.59426725 0
vt 0.89797246 0.6116161 0
vt 0.92155033 0.6216925 0
vt 0.9334063 0.6169026 0
vt 0.8882511 0.6110371 0
vt 0.9037233 0.61923724 0
vt 0.8820034 0.5995021 0
vt 0.89438486 0.62341833 0
vt 0.8771996 0.6140706 0
vt 0.8749025 0.59969366 0
vt 0.8705646 0.6089934 0
vt 0.8679761 0.60065436 0
vt 0.08599566 0.10549781 0
vt 0.067877434 0.10615993 0
vt 0.08912012 0.09004832 0
vt 0.112050846 0.09955789 0
vt 0.1041257 0.055103935 0
vt 0.1322289 0.06504548 0
vt 0.09483682 0.07615725 0
vt 0.0738501 0.08245558 0
vt 0.084968425 0.06294007 0
vt 0.04906984 0.08823935 0
vt 0.06747866 0.061489344 0
vt 0.123856016 0.04134344 0
vt 0.15907067 0.05405113 0
vt 0.16529715 0.032845706 0
vt 0.18503954 0.046797495 0
vt 0.14630383 0.04020531 0
vt 0.13922109 0.08951325 0
vt 0.05837385 0.09898703 0
vt 0.18934762 0.11030898 0
vt 0.1770605 0.10372412 0
vt 0.18673612 0.09942658 0
vt 0.16921103 0.09634477 0
vt 0.16218545 0.10820341 0
vt 0.18157856 0.089563236 0
vt 0.1727081 0.067919865 0
vt 0.15535627 0.07289898 0
vt 0.1870736 0.07794844 0
vt 0.16445377 0.084311716 0
vt 0.15326527 0.09844789 0
vt 0.04627262 0.22670649 0
vt 0.039597612 0.22406712 0
vt 0.04227075 0.22143726 0
vt 0.037329413 0.22067748 0
vt 0.039111678 0.21670398 0
vt 0.03411824 0.22233473 0
vt 0.03324547 0.21581194 0
vt 0.024910338 0.21846953 0
vt 0.034262612 0.20878151 0
vt 0.02754208 0.20967205 0
vt 0.026944645 0.20236294 0
vt 0.021152567 0.204618 0
vt 0.021497197 0.2082242 0
vt 0.012715928 0.20283872 0
vt 0.015499519 0.20910232 0
vt 0.011707445 0.21715122 0
vt 0.0547211 0.22072123 0
vt 0.063253485 0.22121602 0
vt 0.056437403 0.22627473 0
vt 0.04620173 0.22199093 0
vt 0.046907462 0.21777649 0
vt 0.042415574 0.20992947 0
vt 0.03685387 0.1944285 0
vt 0.0497216 0.20803669 0
vt 0.059774138 0.20760724 0
vt 0.052499704 0.194722 0
vt 0.0704939 0.1271689 0
vt 0.08418981 0.11421841 0
vt 0.08470775 0.13224731 0
vt 0.067610696 0.13560729 0
vt 0.05855808 0.13128597 0
vt 0.07580786 0.14833675 0
vt 0.058468897 0.14241047 0
vt 0.06533085 0.17157342 0
vt 0.068435945 0.16234592 0
vt 0.073353395 0.17129405 0
vt 0.055445552 0.15298136 0
vt 0.053173997 0.16321602 0
vt 0.03673054 0.15918548 0
vt 0.067069136 0.21312286 0
vt 0.077773 0.22215217 0
vt 0.06424954 0.23358275 0
vt 0.08135153 0.23507898 0
vt 0.07964535 0.2131856 0
vt 0.07473594 0.17755044 0
vt 0.06497774 0.18751208 0
vt 0.074711986 0.19282657 0
vt 0.06698365 0.19481358 0
vt 0.043444682 0.16616929 0
vt 0.070112966 0.18250558 0
vt 0.05556939 0.18841274 0
vt 0.031334028 0.18027997 0
vt 0.035860147 0.17234536 0
vt 0.05506826 0.17893215 0
vt 0.048626855 0.17001158 0
vt 0.037514843 0.16715749 0
vt 0.07630786 0.20377333 0
vt 0.05993863 0.2003345 0
vt 0.029295268 0.1652137 0
vt 0.8786317 0.118127026 0
vt 0.8815098 0.13251665 0
vt 0.8676683 0.13808382 0
vt 0.8748192 0.15592457 0
vt 0.8569143 0.16578607 0
vt 0.851156 0.19265197 0
vt 0.8345429 0.16327402 0
vt 0.89730376 0.15909192 0
vt 0.9375277 0.14366162 0
vt 0.91935563 0.170818 0
vt 0.88481396 0.07086306 0
vt 0.8615019 0.10867462 0
vt 0.9275673 0.08739329 0
vt 0.9196871 0.09576288 0
vt 0.8874034 0.14307027 0
vt 0.89763856 0.11881954 0
vt 0.87088406 0.18888041 0
vt 0.8921451 0.17719574 0
vt 0.8909843 0.19609933 0
vt 0.905931 0.18452562 0
vt 0.8632327 0.20973027 0
vt 0.8760824 0.1705648 0
vt 0.8777697 0.20895754 0
vt 0.9389306 0.11480964 0
vt 0.90948725 0.14056098 0
vt 0.9014335 0.13338196 0
vt 0.92691845 0.069811694 0
vt 0.84444094 0.13800055 0
vt 0.9072427 0.19652061 0
vt 0.84080523 0.19383472 0
vt 0.82785743 0.17882529 0
vt 0.25956586 0.06923027 0
vt 0.2474121 0.054120887 0
vt 0.27463126 0.056874577 0
vt 0.27520478 0.073626496 0
vt 0.2999921 0.065627076 0
vt 0.2945261 0.080339715 0
vt 0.26881123 0.04005917 0
vt 0.29534042 0.044037715 0
vt 0.23448259 0.03510669 0
vt 0.31754303 0.040516973 0
vt 0.33599877 0.062063035 0
vt 0.32271513 0.08850734 0
vt 0.25544673 0.09638041 0
vt 0.26086736 0.08626282 0
vt 0.26859686 0.096039 0
vt 0.24836218 0.08541135 0
vt 0.2756234 0.08842328 0
vt 0.266473 0.104896486 0
vt 0.2818453 0.08368018 0
vt 0.27336973 0.078555785 0
vt 0.2646107 0.07978608 0
vt 0.25453597 0.078260034 0
vt 0.24264807 0.0794003 0
vt 0.2478294 0.071702816 0
vt 0.24347885 0.06984166 0
vt 0.23867927 0.07328004 0
vt 0.20907585 0.06060378 0
vt 0.19687617 0.0680659 0
vt 0.1963249 0.0446545 0
vt 0.18433991 0.07197635 0
vt 0.22329952 0.080567434 0
vt 0.2051566 0.06881423 0
vt 0.29594094 0.096138135 0
vt 0.31460798 0.10201256 0
vt 0.34663352 0.09366542 0
vt 0.33766356 0.10635894 0
vt 0.33956128 0.086366974 0
vt 0.25677407 0.108047985 0
vt 0.0029382033 0.4580633 0
vt 0.0042198347 0.44608915 0
vt 0.010814697 0.4514171 0
vt 0.015362301 0.45831752 0
vt 0.02125727 0.4506904 0
vt 0.0109685995 0.47260338 0
vt 0.023542328 0.45799366 0
vt 0.029921187 0.44585866 0
vt 0.03281625 0.4546058 0
vt 0.04285828 0.44591144 0
vt 0.04862229 0.45968342 0
vt 0.053527113 0.4498039 0
vt 0.027886663 0.46406272 0
vt 0.03334004 0.4818316 0
vt 0.05633873 0.44311252 0
vt 0.033671737 0.43836167 0
vt 0.04658931 0.4369144 0
vt 0.021324508 0.44066754 0
vt 0.023268543 0.43272153 0
vt 0.013472348 0.44486234 0
vt 0.011671055 0.43764424 0
vt 0.009964313 0.42573342 0
vt 0.030499408 0.42332593 0
vt 0.0007258086 0.43840545 0
vt 0.039560292 0.42620033 0
vt 0.032747358 0.43017125 0
vt 0.0447998 0.41930684 0
vt 0.039360773 0.40948537 0
vt 0.058938686 0.43430164 0
vt 0.039955344 0.43181357 0
vt 0.050482586 0.428695 0
vt 0.06492878 0.42849106 0
vt 0.058953363 0.42020816 0
vt 0.05398317 0.4093709 0
vt 0.06955009 0.4098391 0
vt 0.10167438 0.74402416 0
vt 0.087332994 0.75325835 0
vt 0.09369814 0.7383677 0
vt 0.034328297 0.7947848 0
vt 0.03642094 0.7840649 0
vt 0.045786835 0.7811708 0
vt 0.07194261 0.8055017 0
vt 0.055143535 0.81812876 0
vt 0.056030314 0.8027831 0
vt 0.049570616 0.7918964 0
vt 0.07212755 0.82182175 0
vt 0.058016293 0.8365604 0
vt 0.05962933 0.7745752 0
vt 0.03988761 0.8083205 0
vt 0.06750284 0.7881521 0
vt 0.07589463 0.7688294 0
vt 0.082297556 0.7809888 0
vt 0.09884229 0.7584069 0
vt 0.10389614 0.7719018 0
vt 0.090108015 0.76943165 0
vt 0.09301888 0.78331995 0
vt 0.08359719 0.7914808 0
vt 0.023641609 0.8095684 0
vt 0.03872651 0.82275933 0
vt 0.047489338 0.8317697 0
vt 0.030528719 0.83610225 0
vt 0.030312084 0.8207381 0
vt 0.04462768 0.84414166 0
vt 0.08152703 0.745522 0
vt 0.07747003 0.75505364 0
vt 0.06871871 0.7563056 0
vt 0.06820178 0.74506897 0
vt 0.053662453 0.76341355 0
vt 0.031218145 0.7892002 0
vt 0.04109047 0.7680985 0
vt 0.04554215 0.7567897 0
vt 0.037390817 0.7617463 0
vt 0.03284524 0.77895 0
vt 0.041924678 0.77620906 0
vt 0.02930439 0.5041561 0
vt 0.038154643 0.48620763 0
vt 0.04872083 0.50528127 0
vt 0.07807299 0.5292036 0
vt 0.058634393 0.5180565 0
vt 0.07784644 0.4968378 0
vt 0.045096245 0.5265758 0
vt 0.016775668 0.5410625 0
vt 0.016154427 0.52905947 0
vt 0.030691631 0.526402 0
vt 0.05901545 0.48620763 0
vt 0.005174694 0.48620763 0
vt 8.56969E-05 0.53596514 0
vt 0.015612244 0.5146859 0
vt 0.05266171 0.53695524 0
vt 1.1301089E-05 0.5123636 0
vt 0.060244713 0.5652714 0
vt 0.050857905 0.5615314 0
vt 0.0631027 0.55974853 0
vt 0.064844206 0.5489164 0
vt 0.034358155 0.54117596 0
vt 0.03890241 0.5535921 0
vt 0.036168754 0.56780005 0
vt 0.027113788 0.5649876 0
vt 0.019118898 0.5568659 0
vt 0.015455687 0.56960285 0
vt 0.02447194 0.5725511 0
vt 0.04862713 0.57134914 0
vt 0.051360153 0.58709 0
vt 0.060039867 0.58559287 0
vt 0.05350082 0.595558 0
vt 0.049663 0.5930346 0
vt 0.051625315 0.57570535 0
vt 0.060327124 0.5728853 0
vt 0.057170056 0.5787434 0
vt 0.046184126 0.5981234 0
vt 0.040255502 0.5913437 0
vt 0.04594421 0.58076864 0
vt 0.034931876 0.57678545 0
vt 0.028334443 0.576268 0
vt 0.03306224 0.58406985 0
vt 0.026309704 0.5829475 0
vt 0.04114625 0.9249576 0
vt 0.031140396 0.8939434 0
vt 0.04448369 0.9093419 0
vt 0.027144909 0.90753126 0
vt 0.008700228 0.90589905 0
vt 0.0163199 0.89603376 0
vt 0.022647692 0.92957056 0
vt 0.014647391 0.922403 0
vt 0.02683739 0.9206142 0
vt 0.010852518 0.9340358 0
vt 0.028954504 0.93886673 0
vt 0.056237645 0.9434016 0
vt 0.04366916 0.9535457 0
vt 0.032108143 0.96197504 0
vt 0.06136711 0.9615866 0
vt 0.02266 0.97363174 0
vt 0.016664037 0.95276725 0
vt 0.04020512 0.98117626 0
vt 0.051638827 0.97378105 0
vt 0.065609254 0.9836924 0
vt 0.02893276 0.9746794 0
vt 0.03176492 0.9949726 0
vt 0.0148562 0.9998262 0
vt 0.0064476663 0.9684451 0
vt 0.009353293 0.8829895 0
vt 0.039907254 0.89275205 0
vt 0.02725366 0.88231426 0
vt 0.013635071 0.8768561 0
vt 0.012852688 0.8684717 0
vt 0.035910986 0.8792332 0
vt 0.0583375 0.9249062 0
vt 0.051164757 0.90785456 0
vt 0.051140137 0.8906426 0
vt 0.09818535 0.93894756 0
vt 0.09779566 0.9599384 0
vt 0.07805395 0.931846 0
vt 0.07403568 0.9023719 0
vt 0.0583529 0.87702185 0
vt 0.041160468 0.8694822 0
vt 0.0729519 0.9459342 0
vt 0.064436704 0.91229945 0
vt 0.07191723 0.97505015 0
vt 0.07696724 0.96264774 0
vt 0.07940864 0.91801417 0
vt 0.08528987 0.9271657 0
vt 0.075543925 0.8889883 0
vt 0.06390686 0.2826728 0
vt 0.059080698 0.26356107 0
vt 0.06972128 0.26975235 0
vt 0.072913535 0.29344627 0
vt 0.047707193 0.2687047 0
vt 0.065015614 0.30139095 0
vt 0.034084473 0.268084 0
vt 0.038227055 0.28923023 0
vt 0.054707102 0.29513597 0
vt 0.01637442 0.2763549 0
vt 0.0064994246 0.29629174 0
vt 0.02460534 0.30483115 0
vt 0.047230646 0.3148689 0
vt 0.0049264175 0.31521276 0
vt 0.020094434 0.32266796 0
vt 0.063484505 0.32086778 0
vt 0.02543526 0.33822387 0
vt 0.0060577653 0.3365403 0
vt 0.033686955 0.32285792 0
vt 0.038840864 0.3403547 0
vt 0.041699488 0.36301503 0
vt 0.056110583 0.34401768 0
vt 0.06684382 0.3740381 0
vt 0.07466959 0.38031626 0
vt 0.065275565 0.39885116 0
vt 0.05096703 0.38493544 0
vt 0.05762119 0.36445257 0
vt 0.049081568 0.40640253 0
vt 0.030508002 0.38897398 0
vt 0.020380698 0.36458436 0
vt 0.013446543 0.35238558 0
vt 0.07364822 0.30991468 0
vt 0.041067775 0.4020485 0
vt 0.0763979 0.28064466 0
vt 0.08567545 0.29204604 0
vt 0.07909343 0.30226725 0
vt 0.06965649 0.34378657 0
vt 0.07509721 0.3266521 0
vt 0.08690564 0.31135267 0
vt 0.102382466 0.33593953 0
vt 0.11712304 0.32927868 0
vt 0.12763742 0.34856588 0
vt 0.06281762 0.3566141 0
vt 0.10603105 0.31771773 0
vt 0.08589508 0.3325682 0
vt 0.07197733 0.36352465 0
vt 0.07894189 0.3707919 0
vt 0.07948885 0.35509923 0
vt 0.078968115 0.34193668 0
vt 0.08970475 0.350737 0
vt 0.09434706 0.3261991 0
vt 0.07552061 0.3461052 0
vt 0.08679166 0.36593485 0
vt 0.09319501 0.33862332 0
vt 0.105619445 0.34861842 0
vt 0.097673886 0.34821436 0
vt 0.13064343 0.31133032 0
vt 0.14348081 0.3215895 0
vt 0.16373564 0.34523797 0
vt 0.8096936 0.045842912 0
vt 0.82983404 0.04133813 0
vt 0.81596684 0.053370357 0
vt 0.73355395 0.15855783 0
vt 0.75113523 0.1397538 0
vt 0.74750644 0.15071274 0
vt 0.8212555 0.059596267 0
vt 0.8042453 0.061501663 0
vt 0.7880933 0.06650297 0
vt 0.7732102 0.061347086 0
vt 0.79213893 0.04859441 0
vt 0.79654086 0.07571644 0
vt 0.783592 0.08367702 0
vt 0.83654255 0.059567656 0
vt 0.8255787 0.07216349 0
vt 0.8042257 0.09886044 0
vt 0.80467135 0.11800933 0
vt 0.7889588 0.11271965 0
vt 0.7623149 0.07537096 0
vt 0.77641886 0.07521989 0
vt 0.768387 0.089713536 0
vt 0.8091471 0.07541144 0
vt 0.8157754 0.086328715 0
vt 0.76191175 0.12095054 0
vt 0.76958466 0.1322786 0
vt 0.77629846 0.12179492 0
vt 0.8203201 0.10014515 0
vt 0.8063804 0.086926855 0
vt 0.7753603 0.10334847 0
vt 0.79426354 0.09117557 0
vt 0.7917144 0.1515052 0
vt 0.77933836 0.046072844 0
vt 0.8163893 0.121857665 0
vt 0.8210442 0.113171965 0
vt 0.86331177 0.09053767 0
vt 0.86176074 0.10134458 0
vt 0.8505893 0.10040778 0
vt 0.83066064 0.11657025 0
vt 0.83664405 0.10747144 0
vt 0.85217 0.10952718 0
vt 0.83921564 0.11364657 0
vt 0.8410663 0.11801211 0
vt 0.8293814 0.123658285 0
vt 0.8405126 0.12740713 0
vt 0.8303572 0.083412215 0
vt 0.84569633 0.05444079 0
vt 0.8443644 0.05896342 0
vt 0.8385024 0.09394935 0
vt 0.8459881 0.07992795 0
vt 0.83705467 0.07131975 0
vt 0.849319 0.06530982 0
vt 0.85105306 0.0887675 0
vt 0.87139404 0.07426178 0
vt 0.84924537 0.042630214 0
vt 0.8595159 0.057298068 0
vt 0.74123144 0.13095026 0
vt 0.7570749 0.10628709 0
vt 0.7444487 0.10556095 0
vt 0.7541899 0.092070855 0
vt 0.72727805 0.13388024 0
vt 0.7215261 0.15093987 0
vt 0.94646794 0.011598474 0
vt 0.93762773 0.009182112 0
vt 0.9400489 0.0013950259 0
vt 0.92593384 0.0038103352 0
vt 0.9244452 0.010429372 0
vt 0.9171677 0.0074536162 0
vt 0.93916297 0.024725795 0
vt 0.9327121 0.030390233 0
vt 0.931752 0.02391937 0
vt 0.885589 0.00956204 0
vt 0.8966115 0.010059164 0
vt 0.8869427 0.018572839 0
vt 0.88096744 0.01352974 0
vt 0.90312463 0.029894639 0
vt 0.91399145 0.027339393 0
vt 0.9115057 0.03561836 0
vt 0.8725526 0.0183959 0
vt 0.88186306 0.029256824 0
vt 0.8570644 0.017281802 0
vt 0.8949442 0.016089374 0
vt 0.8995086 0.015574786 0
vt 0.8956574 0.023929091 0
vt 0.87550336 0.014067288 0
vt 0.90784675 0.010729409 0
vt 0.8992473 0.020176511 0
vt 0.90963 0.00022705138 0
vt 0.9265439 0.02651423 0
vt 0.9036007 0.019281102 0
vt 0.9369486 0.019355869 0
vt 0.94196117 0.016589519 0
vt 0.9416365 0.019457318 0
vt 0.9098673 0.018091526 0
vt 0.90729946 0.024405135 0
vt 0.94741786 0.015985487 0
vt 0.9304449 0.011384262 0
vt 0.91836 0.015586368 0
vt 0.9352816 0.013628218 0
vt 0.90577173 0.041689448 0
vt 0.9018957 0.03681871 0
vt 0.9464337 0.022601653 0
vt 0.89592093 0.03888011 0
vt 0.9016297 0.024020124 0
vt 0.91333824 0.02208116 0
vt 0.9182479 0.022571187 0
vt 0.9207626 0.025787702 0
vt 0.9307524 0.017542921 0
vt 0.92611706 0.015204579 0
vt 0.9250054 0.020770457 0
vt 0.92207915 0.032376178 0
vt 0.8844109 0.041824315 0
vt 0.893375 0.0470312 0
vt 0.8695155 0.04019706 0
vt 0.9029013 0.05685273 0
vt 0.88244367 0.053465094 0
vt 0.8616507 0.054423243 0
vt 0.8579485 0.039127044 0
vt 0.94296 0.031166123 0
vt 0.94772476 0.038200714 0
vt 0.94044095 0.039234992 0
vt 0.9204496 0.03702202 0
vt 0.92715055 0.040561557 0
vt 0.91681325 0.041511096 0
vt 0.937234 0.048490167 0
vt 0.9194548 0.049913876 0
vt 0.929688 0.060158182 0
vt 0.36758855 0.07126947 0
vt 0.38079476 0.032497194 0
vt 0.39168194 0.06381991 0
vt 0.34737208 0.054643165 0
vt 0.36376765 0.032836717 0
vt 0.39570808 0.03319977 0
vt 0.407266 0.03337165 0
vt 0.38657555 0.108144246 0
vt 0.40386125 0.10550176 0
vt 0.34913117 0.09995711 0
vt 0.37112537 0.11034111 0
vt 0.41267866 0.050417677 0
vt 0.4237827 0.063248955 0
vt 0.40750727 0.07302296 0
vt 0.4199427 0.0985717 0
vt 0.4156692 0.08490294 0
vt 0.43341494 0.08545913 0
vt 0.41787767 0.030511215 0
vt 0.42295647 0.011218444 0
vt 0.43269378 0.03445766 0
vt 0.44772908 0.0057443194 0
vt 0.50216246 0.052397143 0
vt 0.5132201 0.067644194 0
vt 0.50211924 0.07564212 0
vt 0.4896114 0.069681995 0
vt 0.49101257 0.085877 0
vt 0.4843801 0.0789706 0
vt 0.4873544 0.048019655 0
vt 0.4764603 0.069275975 0
vt 0.4762761 0.042062268 0
vt 0.48006812 0.093749255 0
vt 0.49364233 0.10416634 0
vt 0.46720228 0.08872376 0
vt 0.4635862 0.07180503 0
vt 0.476089 0.022377755 0
vt 0.48518017 0.009188491 0
vt 0.48638433 0.025569094 0
vt 0.45672965 0.084851064 0
vt 0.4544552 0.07214037 0
vt 0.4981681 0.029149896 0
vt 0.5106498 0.02715485 0
vt 0.49935308 0.0077332575 0
vt 0.51047456 0.015320125 0
vt 0.44715145 0.0861246 0
vt 0.45650053 0.05837598 0
vt 0.46471167 0.05136445 0
vt 0.46485376 0.022797285 0
vt 0.4683889 0.035623636 0
vt 0.4755269 0.0108560845 0
vt 0.45693642 0.042455792 0
vt 0.45257312 0.09282043 0
vt 0.45869136 0.09648852 0
vt 0.51022995 0.0841718 0
vt 0.50584894 0.092665225 0
vt 0.50957245 0.109153494 0
vt 0.5115021 0.0784916 0
vt 0.5159803 0.07558348 0
vt 0.52398413 0.07027887 0
vt 0.5182283 0.06328261 0
vt 0.51762366 0.04226495 0
vt 0.52679384 0.043183643 0
vt 0.52137834 0.052601483 0
vt 0.52842665 0.05179167 0
vt 0.52505225 0.061526716 0
vt 0.5138363 0.054849237 0
vt 0.5251171 0.03584172 0
vt 0.5320629 0.027777912 0
vt 0.52161044 0.024930393 0
vt 0.53706306 0.043817386 0
vt 0.45376804 0.022362545 0
vt 0.4610069 0.01523172 0
vt 0.43261543 0.06593999 0
vt 0.44395384 0.060923386 0
vt 0.44955292 0.036534384 0
vt 0.099701054 0.54927766 0
vt 0.11369198 0.5583334 0
vt 0.10169038 0.5648648 0
vt 0.08811096 0.5749673 0
vt 0.08779266 0.5601291 0
vt 0.110628635 0.547342 0
vt 0.109360896 0.5354898 0
vt 0.1135842 0.54622275 0
vt 0.07797262 0.55790406 0
vt 0.15878029 0.6749499 0
vt 0.15365516 0.6538084 0
vt 0.18888342 0.67310256 0
vt 0.09399288 0.6901201 0
vt 0.11303234 0.7029383 0
vt 0.09178051 0.7089282 0
vt 0.09778329 0.6580188 0
vt 0.10714103 0.6488521 0
vt 0.11475148 0.6641745 0
vt 0.14627153 0.70308876 0
vt 0.14677525 0.6913023 0
vt 0.15661696 0.70563394 0
vt 0.18114394 0.6034305 0
vt 0.18489352 0.6274977 0
vt 0.16220002 0.6286536 0
vt 0.1551369 0.61401045 0
vt 0.15675183 0.59723544 0
vt 0.13846108 0.60111696 0
vt 0.14492083 0.6062532 0
vt 0.17278263 0.6455645 0
vt 0.14220549 0.6325422 0
vt 0.17011933 0.69089633 0
vt 0.13095428 0.6099834 0
vt 0.13595003 0.6181451 0
vt 0.120303854 0.61945605 0
vt 0.13534996 0.67025733 0
vt 0.12437925 0.62881315 0
vt 0.12641148 0.6471354 0
vt 0.12556624 0.7135614 0
vt 0.1394331 0.7101449 0
vt 0.124937184 0.7299757 0
vt 0.1323339 0.7011438 0
vt 0.11272449 0.6249109 0
vt 0.072426096 0.68041265 0
vt 0.06860047 0.6984346 0
vt 0.039721012 0.6899964 0
vt 0.109763645 0.6349292 0
vt 0.058521643 0.65167 0
vt 0.07778561 0.6625558 0
vt 0.04093961 0.6630506 0
vt 0.1091061 0.717425 0
vt 0.08525977 0.64413345 0
vt 0.050446417 0.63349926 0
vt 0.07274554 0.6244354 0
vt 0.120559916 0.6856606 0
vt 0.1036413 0.6194485 0
vt 0.0965317 0.6731532 0
vt 0.06987432 0.73110247 0
vt 0.06787252 0.71642256 0
vt 0.089596644 0.72426003 0
vt 0.046963535 0.7128062 0
vt 0.03964333 0.7358417 0
vt 0.14495064 0.7196145 0
vt 0.1074414 0.72848755 0
vt 0.14249827 0.7346306 0
vt 0.13407831 0.5943762 0
vt 0.10705829 0.60510594 0
vt 0.116253085 0.59130657 0
vt 0.14237832 0.5834891 0
vt 0.11234238 0.577139 0
vt 0.13430254 0.56328994 0
vt 0.08941881 0.5934232 0
vt 0.07048296 0.57591486 0
vt 0.06173827 0.5918587 0
vt 0.07115545 0.6028164 0
vt 0.0791331 0.6104772 0
vt 0.06626303 0.6086514 0
vt 0.056741316 0.61755353 0
vt 0.12369769 0.6078399 0
vt 0.12010187 0.6142751 0
vt 0.08138123 0.5464103 0
vt 0.09380651 0.53153044 0
vt 0.07603213 0.53797716 0
vt 0.10146049 0.5196751 0
vt 0.1101875 0.5182712 0
vt 0.10214103 0.50726086 0
vt 0.10629034 0.3755403 0
vt 0.11584535 0.35709584 0
vt 0.123940036 0.40113 0
vt 0.06527839 0.43461898 0
vt 0.07821486 0.41221234 0
vt 0.08337993 0.44007796 0
vt 0.08069396 0.4634805 0
vt 0.09205694 0.49243706 0
vt 0.06633813 0.48592865 0
vt 0.06906815 0.45769277 0
vt 0.054729596 0.46375176 0
vt 0.094586045 0.44882825 0
vt 0.09791246 0.4282439 0
vt 0.09439326 0.39199615 0
vt 0.1379733 0.35043663 0
vt 0.13817371 0.38377193 0
vt 0.113556795 0.48029333 0
vt 0.116175525 0.46132287 0
vt 0.122068375 0.4684363 0
vt 0.12419636 0.4795513 0
vt 0.123383634 0.49648812 0
vt 0.102111116 0.47391802 0
vt 0.11220179 0.5006826 0
vt 0.10636447 0.4943059 0
vt 0.16513838 0.42940494 0
vt 0.17730345 0.42131132 0
vt 0.17846859 0.4343992 0
vt 0.1683015 0.44297567 0
vt 0.14433202 0.46689028 0
vt 0.13889955 0.46700865 0
vt 0.14110497 0.45919988 0
vt 0.15758735 0.4480215 0
vt 0.14496855 0.44530597 0
vt 0.15721498 0.43903416 0
vt 0.12771012 0.4921095 0
vt 0.14638609 0.46108758 0
vt 0.13170268 0.47514755 0
vt 0.12968308 0.46404022 0
vt 0.13721621 0.45843735 0
vt 0.13531752 0.46433917 0
vt 0.12845361 0.44784483 0
vt 0.12436784 0.45837235 0
vt 0.13437201 0.49130088 0
vt 0.15776446 0.43025723 0
vt 0.15191415 0.42848498 0
vt 0.16072038 0.42157498 0
vt 0.14176597 0.45269468 0
vt 0.14775163 0.45482478 0
vt 0.13523254 0.45098764 0
vt 0.16787241 0.41721126 0
vt 0.14197694 0.43848673 0
vt 0.15345393 0.45330754 0
vt 0.15093322 0.43518326 0
vt 0.17952348 0.40954438 0
vt 0.10606101 0.43702558 0
vt 0.111908205 0.4209982 0
vt 0.14410909 0.42381185 0
vt 0.16796166 0.37812203 0
vt 0.14908727 0.3905119 0
vt 0.15035614 0.37581196 0
vt 0.16165933 0.39702088 0
vt 0.1729305 0.38350517 0
vt 0.13726188 0.39728332 0
vt 0.14036468 0.41106018 0
vt 0.13204758 0.40592152 0
vt 0.16835187 0.40942255 0
vt 0.09048544 0.46540532 0
vt 0.12635607 0.41745305 0
vt 0.117429845 0.43888235 0
vt 0.10219726 0.4530709 0
vt 0.1551724 0.4146092 0
vt 0.13282011 0.43017775 0
vt 0.17735723 0.3975174 0
vt 0.16379468 0.36534458 0
vt 0.16852151 0.45650077 0
vt 0.16011973 0.4561078 0
vt 0.15267465 0.46158457 0
vt 0.15052539 0.4673989 0
vt 0.15518565 0.47118238 0
vt 0.14903374 0.47636497 0
vt 0.13926898 0.47583288 0
vt 0.14409113 0.48603627 0
vt 0.15047753 0.48513642 0
vt 0.14869136 0.49253526 0
vt 0.16284958 0.4621477 0
vt 0.1623225 0.4686022 0
vt 0.14172618 0.4999257 0
vt 0.85149974 0.9240589 0
vt 0.8393302 0.9097468 0
vt 0.8543465 0.9091799 0
vt 0.8339839 0.92722285 0
vt 0.82569295 0.9193105 0
vt 0.8151147 0.9142906 0
vt 0.81793714 0.92809457 0
vt 0.80644953 0.9230274 0
vt 0.8417314 0.94123363 0
vt 0.8278113 0.9391619 0
vt 0.8079533 0.9441267 0
vt 0.8042767 0.9353506 0
vt 0.8095993 0.9341133 0
vt 0.79853994 0.9399531 0
vt 0.85795504 0.9440873 0
vt 0.8438301 0.95612407 0
vt 0.80293673 0.9597598 0
vt 0.7887617 0.9684763 0
vt 0.78311974 0.96053344 0
vt 0.7930303 0.9549498 0
vt 0.8156147 0.95656556 0
vt 0.817946 0.94441915 0
vt 0.8301992 0.9583627 0
vt 0.79682505 0.9777927 0
vt 0.7836404 0.9828963 0
vt 0.77493066 0.9785456 0
vt 0.8535796 0.9659097 0
vt 0.86687434 0.96640235 0
vt 0.8406501 0.9684327 0
vt 0.8299281 0.97736675 0
vt 0.8260755 0.9091307 0
vt 0.8144269 0.9713048 0
vt 0.8445637 0.9851867 0
vt 0.8555985 0.9795082 0
vt 0.8142965 0.9935243 0
vt 0.80254173 0.98571324 0
vt 0.8328147 0.9931485 0
vt 0.7945679 0.9127725 0
vt 0.7433458 0.95575213 0
vt 0.7355833 0.948267 0
vt 0.7487416 0.942469 0
vt 0.7560708 0.9478957 0
vt 0.72941184 0.9648977 0
vt 0.72068113 0.95955795 0
vt 0.7523222 0.9651073 0
vt 0.7161285 0.9723708 0
vt 0.70035917 0.9694288 0
vt 0.737345 0.96983117 0
vt 0.7372048 0.98341614 0
vt 0.7470812 0.98441464 0
vt 0.7229369 0.9853528 0
vt 0.7091873 0.9851578 0
vt 0.8788302 0.9540198 0
vt 0.8752826 0.9583835 0
vt 0.86993307 0.9442911 0
vt 0.864554 0.9215653 0
vt 0.85852796 0.9200086 0
vt 0.8596129 0.9170168 0
vt 0.8865331 0.97179484 0
vt 0.87530386 0.9680608 0
vt 0.8688326 0.9327608 0
vt 0.8720557 0.9211593 0
vt 0.872245 0.9304367 0
vt 0.8793957 0.9306925 0
vt 0.893842 0.95160013 0
vt 0.8921875 0.93119353 0
vt 0.91161054 0.9431014 0
vt 0.70035917 0.95302546 0
vt 0.7123315 0.9541702 0
vt 0.9305615 0.9546539 0
vt 0.70684206 0.9489555 0
vt 0.7268118 0.94679904 0
vt 0.72038126 0.941736 0
vt 0.7299256 0.9228408 0
vt 0.75425684 0.9295848 0
vt 0.76108414 0.98493665 0
vt 0.76409197 0.9621577 0
vt 0.7718682 0.9671941 0
vt 0.77628464 0.9551524 0
vt 0.7587353 0.9388508 0
vt 0.7623355 0.9517614 0
vt 0.76460135 0.9423615 0
vt 0.77427906 0.9427552 0
vt 0.7867947 0.9421337 0
vt 0.76492935 0.93184036 0
vt 0.7799354 0.9168829 0
vt 0.7699843 0.92107254 0
vt 0.93022615 0.9854231 0
vt 0.9365109 0.9917466 0
vt 0.9153366 0.98969144 0
vt 0.90537775 0.9638777 0
vt 0.9477406 0.9850812 0
vt 0.90472096 0.97681326 0
vt 0.9164474 0.97185934 0
vt 0.92587554 0.9785575 0
vt 0.9294226 0.97206014 0
vt 0.46592942 0.23230135 0
vt 0.46358517 0.23918547 0
vt 0.458159 0.22717836 0
vt 0.43216172 0.19393161 0
vt 0.44413164 0.19239755 0
vt 0.44374534 0.19606516 0
vt 0.43845078 0.21400763 0
vt 0.43084285 0.21128838 0
vt 0.4365381 0.20914702 0
vt 0.47661972 0.19720088 0
vt 0.48951912 0.20138995 0
vt 0.48095316 0.20638098 0
vt 0.44912142 0.22379316 0
vt 0.45287332 0.21688262 0
vt 0.41977203 0.19277002 0
vt 0.405141 0.19269943 0
vt 0.40673304 0.18099514 0
vt 0.41305307 0.19530427 0
vt 0.47239313 0.23827022 0
vt 0.44585574 0.21732262 0
vt 0.4435185 0.21165074 0
vt 0.47173572 0.20743375 0
vt 0.4781932 0.21439719 0
vt 0.46167234 0.19367191 0
vt 0.46705988 0.2017318 0
vt 0.45597324 0.2000149 0
vt 0.4243347 0.1969071 0
vt 0.43271527 0.19570175 0
vt 0.47256082 0.23001677 0
vt 0.44003817 0.20337787 0
vt 0.4292531 0.18232939 0
vt 0.43201908 0.19843164 0
vt 0.4645381 0.22203544 0
vt 0.459565 0.21270661 0
vt 0.46081078 0.20580292 0
vt 0.46841198 0.21428624 0
vt 0.45058283 0.20647287 0
vt 0.47793537 0.22412567 0
vt 0.44431695 0.19917835 0
vt 0.45217827 0.19419925 0
vt 0.43219137 0.20279653 0
vt 0.4796468 0.23665766 0
vt 0.4911036 0.19247645 0
vt 0.5671934 0.22368528 0
vt 0.6024225 0.25037813 0
vt 0.57494223 0.253159 0
vt 0.5457403 0.20960987 0
vt 0.52857405 0.19443083 0
vt 0.54492325 0.19118182 0
vt 0.46515548 0.1836208 0
vt 0.44217685 0.16827162 0
vt 0.4609636 0.16044685 0
vt 0.44498575 0.18017119 0
vt 0.42422748 0.16739696 0
vt 0.50775516 0.17960003 0
vt 0.5119781 0.2010742 0
vt 0.5461764 0.21825087 0
vt 0.5563817 0.23011261 0
vt 0.5298199 0.16135044 0
vt 0.5639394 0.20559564 0
vt 0.4842219 0.17275226 0
vt 0.556408 0.1832062 0
vt 0.5542552 0.2377101 0
vt 0.5010401 0.21551944 0
vt 0.50440013 0.23037937 0
vt 0.48994106 0.21963911 0
vt 0.5115369 0.21406677 0
vt 0.50061214 0.20473993 0
vt 0.48196924 0.22006796 0
vt 0.5232968 0.22942406 0
vt 0.5420037 0.23355693 0
vt 0.53487 0.23782805 0
vt 0.49138847 0.20969936 0
vt 0.52925 0.24677679 0
vt 0.51408565 0.24601647 0
vt 0.52719235 0.21129863 0
vt 0.62661326 0.20854233 0
vt 0.6094543 0.20578696 0
vt 0.61690193 0.20303144 0
vt 0.58108324 0.20533445 0
vt 0.5817106 0.21718058 0
vt 0.5957919 0.21455714 0
vt 0.60794264 0.19172186 0
vt 0.58995223 0.19454725 0
vt 0.57101816 0.19340202 0
vt 0.62424684 0.2278891 0
vt 0.47341725 0.25022045 0
vt 0.43494883 0.23286474 0
vt 0.44970423 0.23251185 0
vt 0.44201234 0.24696194 0
vt 0.45517015 0.24803084 0
vt 0.43979886 0.22130042 0
vt 0.49948958 0.24429351 0
vt 0.48720595 0.24559371 0
vt 0.48984528 0.23445864 0
vt 0.47825977 0.24515188 0
vt 0.49851784 0.25340006 0
vt 0.506327 0.2515573 0
vt 0.3329908 0.41349152 0
vt 0.3355049 0.41896376 0
vt 0.32422405 0.42535946 0
vt 0.33694845 0.42736858 0
vt 0.34393954 0.41688234 0
vt 0.3468337 0.42418152 0
vt 0.34147936 0.42127696 0
vt 0.37401003 0.40791222 0
vt 0.3733156 0.41499704 0
vt 0.36198062 0.40317616 0
vt 0.3538684 0.4172034 0
vt 0.32589576 0.44466567 0
vt 0.33142164 0.4535586 0
vt 0.31851116 0.4560188 0
vt 0.3278383 0.43736064 0
vt 0.3346604 0.4434939 0
vt 0.3641958 0.41747314 0
vt 0.34587395 0.43105513 0
vt 0.35802206 0.42611256 0
vt 0.3709463 0.42437074 0
vt 0.347028 0.44647303 0
vt 0.34262732 0.46328098 0
vt 0.35990113 0.45783094 0
vt 0.3598275 0.4469693 0
vt 0.36243376 0.43678758 0
vt 0.39328936 0.4413944 0
vt 0.3373447 0.43688613 0
vt 0.37452486 0.49640337 0
vt 0.36287627 0.49858785 0
vt 0.36670935 0.4851767 0
vt 0.38531408 0.46139893 0
vt 0.3687872 0.4733242 0
vt 0.35784835 0.4688656 0
vt 0.31568444 0.44170177 0
vt 0.32814753 0.46486884 0
vt 0.35204986 0.4064963 0
vt 0.34248966 0.40360588 0
vt 0.32738972 0.40893397 0
vt 0.29691908 0.33333886 0
vt 0.2968641 0.3538483 0
vt 0.28216678 0.34876698 0
vt 0.30287787 0.40979946 0
vt 0.28461537 0.41942158 0
vt 0.29375464 0.4052122 0
vt 0.30516487 0.39285007 0
vt 0.2852189 0.39483145 0
vt 0.22456874 0.33364075 0
vt 0.23305802 0.31569725 0
vt 0.24933633 0.33077613 0
vt 0.28302607 0.37125546 0
vt 0.2319466 0.35166124 0
vt 0.2719376 0.36313325 0
vt 0.26117072 0.35006317 0
vt 0.25794482 0.37641507 0
vt 0.27296963 0.414793 0
vt 0.26323238 0.42837933 0
vt 0.26620796 0.39753005 0
vt 0.3077075 0.3709776 0
vt 0.2674795 0.4379735 0
vt 0.19171818 0.3516223 0
vt 0.2192373 0.34368426 0
vt 0.24685289 0.3652433 0
vt 0.25831914 0.4158982 0
vt 0.25437325 0.45250311 0
vt 0.22289243 0.3804512 0
vt 0.24719138 0.43195125 0
vt 0.24343581 0.406736 0
vt 0.27497128 0.32781723 0
vt 0.17272705 0.37494028 0
vt 0.23828343 0.47368163 0
vt 0.24096288 0.4514998 0
vt 0.20596664 0.4006243 0
vt 0.22121167 0.40948078 0
vt 0.2246368 0.43717247 0
vt 0.23154993 0.4921185 0
vt 0.21934126 0.48729032 0
vt 0.20242721 0.42922848 0
vt 0.2207606 0.46339744 0
vt 0.21437424 0.50933284 0
vt 0.22719727 0.50925624 0
vt 0.18980914 0.40700468 0
vt 0.18562275 0.4327869 0
vt 0.20031664 0.46113265 0
vt 0.20693827 0.47866064 0
vt 0.23913147 0.49498737 0
vt 0.19028309 0.48317242 0
vt 0.2049225 0.49983782 0
vt 0.18900505 0.50248176 0
vt 0.18014017 0.4515217 0
vt 0.15895934 0.47823474 0
vt 0.17471254 0.5060926 0
vt 0.18144505 0.5970246 0
vt 0.15486254 0.5904295 0
vt 0.15942512 0.5606383 0
vt 0.20933902 0.55478823 0
vt 0.17753334 0.5297401 0
vt 0.1958551 0.57562995 0
vt 0.3572105 0.47889262 0
vt 0.33453205 0.4751464 0
vt 0.34669322 0.4775674 0
vt 0.33901164 0.49147078 0
vt 0.35356355 0.49651533 0
vt 0.35381374 0.48657143 0
vt 0.32788983 0.48326546 0
vt 0.3262617 0.47294357 0
vt 0.32652482 0.49238554 0
vt 0.31826565 0.49836126 0
vt 0.31601197 0.48641443 0
vt 0.23319826 0.523255 0
vt 0.22034381 0.53354615 0
vt 0.24273218 0.5109879 0
vt 0.31440097 0.46244395 0
vt 0.3016381 0.45785078 0
vt 0.30918458 0.4302057 0
vt 0.31435353 0.41300064 0
vt 0.29687458 0.42501718 0
vt 0.30180413 0.44376987 0
vt 0.2959579 0.43783683 0
vt 0.31901774 0.42065382 0
vt 0.28929463 0.4505845 0
vt 0.28545502 0.43996882 0
vt 0.28504878 0.43074235 0
vt 0.2768814 0.4363096 0
vt 0.27912807 0.49276572 0
vt 0.27564126 0.5070902 0
vt 0.2666238 0.49215394 0
vt 0.2856096 0.4651264 0
vt 0.24774796 0.49985355 0
vt 0.27371684 0.47489375 0
vt 0.27753782 0.4617106 0
vt 0.27636015 0.4512913 0
vt 0.26474908 0.50496763 0
vt 0.27787718 0.4838533 0
vt 0.28918934 0.47571358 0
vt 0.26338097 0.46636906 0
vt 0.26749194 0.44729328 0
vt 0.28720647 0.48659605 0
vt 0.25432324 0.49489823 0
vt 0.25814128 0.48786852 0
vt 0.2500755 0.50686204 0
vt 0.29945025 0.4864782 0
vt 0.29314202 0.4993279 0
vt 0.25641793 0.5056005 0
vt 0.26201123 0.48148212 0
vt 0.252192 0.48535535 0
vt 0.24854903 0.47383368 0
vt 0.30610487 0.4949267 0
vt 0.30884168 0.47419974 0
vt 0.31965414 0.47776014 0
vt 0.31932542 0.47020358 0
vt 0.21802604 0.52006066 0
vt 0.20052327 0.5166466 0
vt 0.20715103 0.51543844 0
vt 0.2101765 0.5310977 0
vt 0.2544664 0.31083593 0
vt 0.27288353 0.31330028 0
vt 0.68652874 0.26403925 0
vt 0.6818222 0.27325842 0
vt 0.6758781 0.26144782 0
vt 0.6968115 0.264028 0
vt 0.6930324 0.27322024 0
vt 0.7021716 0.27319047 0
vt 0.6642955 0.25419006 0
vt 0.67676955 0.25426096 0
vt 0.7679431 0.32223994 0
vt 0.7818167 0.33912727 0
vt 0.7649667 0.33526468 0
vt 0.7464125 0.32817653 0
vt 0.7503417 0.31217715 0
vt 0.7344132 0.31347352 0
vt 0.7284571 0.29938683 0
vt 0.7158811 0.30710405 0
vt 0.71674955 0.2924095 0
vt 0.74028313 0.3028206 0
vt 0.728507 0.32624272 0
vt 0.70300615 0.27832237 0
vt 0.7133412 0.27968192 0
vt 0.7026386 0.28943574 0
vt 0.6939808 0.27864787 0
vt 0.6626086 0.24448653 0
vt 0.6576483 0.26242417 0
vt 0.8966309 0.2532663 0
vt 0.8851093 0.22411706 0
vt 0.89824784 0.22368559 0
vt 0.8246664 0.24017002 0
vt 0.84104866 0.23244676 0
vt 0.85359097 0.25660354 0
vt 0.7759677 0.20502563 0
vt 0.7929491 0.19912927 0
vt 0.80225927 0.2197825 0
vt 0.80420625 0.2051334 0
vt 0.817502 0.20284419 0
vt 0.81123596 0.2135029 0
vt 0.7940028 0.18590134 0
vt 0.88755476 0.34404644 0
vt 0.8816938 0.32022113 0
vt 0.9033314 0.34852016 0
vt 0.8756216 0.25254393 0
vt 0.8752955 0.27549747 0
vt 0.9107409 0.3022383 0
vt 0.916532 0.28221017 0
vt 0.869769 0.2229784 0
vt 0.85757864 0.23014784 0
vt 0.8237688 0.2213532 0
vt 0.83928853 0.20999472 0
vt 0.89119434 0.27000335 0
vt 0.82222897 0.2130904 0
vt 0.9010595 0.3230539 0
vt 0.85884714 0.21152021 0
vt 0.8697428 0.29087034 0
vt 0.91232806 0.33129904 0
vt 0.71663636 0.35339114 0
vt 0.73044527 0.3420403 0
vt 0.732136 0.35814643 0
vt 0.71942437 0.36485344 0
vt 0.71726817 0.3436406 0
vt 0.7079711 0.34533834 0
vt 0.7156905 0.33266544 0
vt 0.6990415 0.32523566 0
vt 0.6890309 0.2990541 0
vt 0.6835136 0.28279033 0
vt 0.6639818 0.2806278 0
vt 0.66909176 0.2722826 0
vt 0.6743036 0.2878392 0
vt 0.72642845 0.28479233 0
vt 0.7393367 0.29082268 0
vt 0.7236713 0.27265233 0
vt 0.7098636 0.26650187 0
vt 0.69183135 0.253894 0
vt 0.6788458 0.23918477 0
vt 0.70559764 0.24765834 0
vt 0.7235022 0.2648464 0
vt 0.8720511 0.36348602 0
vt 0.85898674 0.3545257 0
vt 0.87067 0.35055226 0
vt 0.87926155 0.35813013 0
vt 0.84159034 0.34553337 0
vt 0.842141 0.33665717 0
vt 0.8503538 0.34520173 0
vt 0.85930306 0.339404 0
vt 0.8590054 0.3282642 0
vt 0.8468563 0.3339101 0
vt 0.84031296 0.31696808 0
vt 0.82627416 0.27647695 0
vt 0.84362054 0.28214183 0
vt 0.83285046 0.28901142 0
vt 0.87452453 0.33883134 0
vt 0.8848447 0.35377505 0
vt 0.8319767 0.3242482 0
vt 0.833214 0.33207422 0
vt 0.85053605 0.312625 0
vt 0.8652833 0.3162235 0
vt 0.82656986 0.31407124 0
vt 0.85642576 0.29418877 0
vt 0.81533086 0.31200415 0
vt 0.8143717 0.30136818 0
vt 0.79966044 0.2981015 0
vt 0.84571284 0.29527473 0
vt 0.8397985 0.3055738 0
vt 0.85784835 0.27543986 0
vt 0.81714225 0.28665444 0
vt 0.8279739 0.30448174 0
vt 0.7822418 0.27596515 0
vt 0.7888825 0.28553385 0
vt 0.77936476 0.28193665 0
vt 0.7703482 0.2705247 0
vt 0.8018805 0.28646758 0
vt 0.67194057 0.21168366 0
vt 0.6771787 0.19505242 0
vt 0.6882601 0.21455783 0
vt 0.78772795 0.27267113 0
vt 0.78559434 0.25758785 0
vt 0.79974765 0.25350782 0
vt 0.7999864 0.27044213 0
vt 0.78149164 0.29454267 0
vt 0.755266 0.2760725 0
vt 0.75095516 0.26131243 0
vt 0.8380232 0.26376122 0
vt 0.8115139 0.269409 0
vt 0.76683074 0.2605498 0
vt 0.7788353 0.2633874 0
vt 0.7716294 0.25393248 0
vt 0.8175391 0.25415406 0
vt 0.756293 0.24911761 0
vt 0.7670773 0.24365012 0
vt 0.79368734 0.23305802 0
vt 0.7480949 0.19139941 0
vt 0.7464305 0.2066397 0
vt 0.7352228 0.18830173 0
vt 0.77952945 0.23981334 0
vt 0.7485667 0.23386939 0
vt 0.771533 0.22099513 0
vt 0.75946045 0.2266789 0
vt 0.7340356 0.23866281 0
vt 0.7316415 0.22133544 0
vt 0.7469767 0.22186336 0
vt 0.71811455 0.22687048 0
vt 0.70329875 0.23010756 0
vt 0.71816707 0.23868653 0
vt 0.7094584 0.21678707 0
vt 0.68926114 0.2294542 0
vt 0.69046456 0.23867042 0
vt 0.7190028 0.20799376 0
vt 0.71670187 0.19192219 0
vt 0.677172 0.22137612 0
vt 0.69866204 0.1994096 0
vt 0.8232829 0.3259639 0
vt 0.6761873 0.22698203 0
vt 0.6659863 0.22381511 0
vt 0.7677831 0.2831638 0
vt 0.73013103 0.25211585 0
vt 0.7380168 0.27360615 0
vt 0.76571053 0.29429653 0
vt 0.777128 0.30250794 0
vt 0.75235176 0.28562132 0
vt 0.7516219 0.29871202 0
vt 0.7650493 0.30599236 0
vt 0.7972592 0.31498048 0
vt 0.811529 0.3186038 0
vt 0.81939554 0.33076766 0
vt 0.8075196 0.33901352 0
vt 0.8235246 0.3500304 0
vt 0.7790958 0.31317365 0
vt 0.787354 0.32517156 0
vt 0.79810923 0.343027 0
vt 0.7439606 0.24960274 0
vt 0.64749974 0.43817404 0
vt 0.6357155 0.4428516 0
vt 0.63656294 0.41800255 0
vt 0.5852501 0.45028514 0
vt 0.61739707 0.4545774 0
vt 0.5968215 0.47286418 0
vt 0.5643788 0.4700253 0
vt 0.63657284 0.39344832 0
vt 0.650991 0.41190156 0
vt 0.59468013 0.42669854 0
vt 0.5665979 0.44091895 0
vt 0.650991 0.38317832 0
vt 0.62467355 0.40069717 0
vt 0.6098855 0.42354026 0
vt 0.61276704 0.40431118 0
vt 0.6234058 0.4235303 0
vt 0.5771138 0.42745516 0
vt 0.5828821 0.4160435 0
vt 0.63064694 0.37030587 0
vt 0.6207429 0.3796642 0
vt 0.6011775 0.40858388 0
vt 0.587556 0.4053996 0
vt 0.6180783 0.35821488 0
vt 0.64288723 0.35479257 0
vt 0.61207885 0.38701388 0
vt 0.59505725 0.38635403 0
vt 0.55826485 0.417658 0
vt 0.57220054 0.40483007 0
vt 0.5338175 0.40403557 0
vt 0.551756 0.39124072 0
vt 0.6267301 0.34940594 0
vt 0.5570997 0.27009246 0
vt 0.5732984 0.28543714 0
vt 0.5616185 0.30749944 0
vt 0.53404593 0.3823731 0
vt 0.6138028 0.34010342 0
vt 0.6052498 0.3497971 0
vt 0.5064955 0.36193824 0
vt 0.526188 0.36349002 0
vt 0.519879 0.38188794 0
vt 0.6244372 0.33227515 0
vt 0.51408786 0.3483721 0
vt 0.54094833 0.3720268 0
vt 0.6018237 0.33353066 0
vt 0.60994416 0.3162424 0
vt 0.57081157 0.37922713 0
vt 0.5537207 0.37086183 0
vt 0.562872 0.35489103 0
vt 0.543195 0.35430437 0
vt 0.5275887 0.34605676 0
vt 0.51856124 0.33780116 0
vt 0.5287344 0.33344296 0
vt 0.53670406 0.3183087 0
vt 0.5384424 0.33734176 0
vt 0.6215888 0.3124507 0
vt 0.597935 0.31700572 0
vt 0.5079049 0.332326 0
vt 0.5916427 0.32733104 0
vt 0.5817946 0.32756507 0
vt 0.58824015 0.32337677 0
vt 0.5701668 0.3358131 0
vt 0.5879329 0.35171255 0
vt 0.5199517 0.32387236 0
vt 0.5997959 0.29909724 0
vt 0.6123355 0.29351306 0
vt 0.58608025 0.30980802 0
vt 0.5532878 0.33603573 0
vt 0.58140653 0.39362875 0
vt 0.60681385 0.368248 0
vt 0.52326745 0.30769387 0
vt 0.5321045 0.28366375 0
vt 0.5153085 0.29771534 0
vt 0.5704468 0.25521713 0
vt 0.59258264 0.25993562 0
vt 0.58684325 0.28342107 0
vt 0.6038303 0.27935666 0
vt 0.5028037 0.28886312 0
vt 0.51542866 0.2872274 0
vt 0.544392 0.25262123 0
vt 0.51938343 0.25367308 0
vt 0.5055108 0.3112372 0
vt 0.54671717 0.4326157 0
vt 0.5781027 0.47928926 0
vt 0.6384646 0.3208447 0
vt 0.49560478 0.25683138 0
vt 0.40270874 0.28008646 0
vt 0.4165988 0.27273688 0
vt 0.43057752 0.30421138 0
vt 0.44388926 0.2837067 0
vt 0.4196104 0.25262123 0
vt 0.4467819 0.25726625 0
vt 0.4636381 0.26592037 0
vt 0.47217026 0.28104806 0
vt 0.45844287 0.2747305 0
vt 0.44593558 0.30031574 0
vt 0.473351 0.26364425 0
vt 0.6251815 0.296967 0
vt 0.61589724 0.2644845 0
vt 0.39706624 0.4120992 0
vt 0.41066605 0.4382307 0
vt 0.39441416 0.42948982 0
vt 0.38424498 0.42545238 0
vt 0.38961664 0.41847244 0
vt 0.3491261 0.35965723 0
vt 0.35006884 0.3742407 0
vt 0.34138548 0.36731538 0
vt 0.3580993 0.3680665 0
vt 0.362779 0.37825412 0
vt 0.3568019 0.38967913 0
vt 0.36987892 0.3938172 0
vt 0.33703607 0.3512071 0
vt 0.43826944 0.3265865 0
vt 0.425522 0.32385245 0
vt 0.41632903 0.33137286 0
vt 0.41750953 0.31597018 0
vt 0.4096421 0.3170401 0
vt 0.39825284 0.31435046 0
vt 0.3900722 0.32726696 0
vt 0.39073923 0.30209002 0
vt 0.41339794 0.3035779 0
vt 0.40244728 0.30213097 0
vt 0.39186466 0.29242453 0
vt 0.43285418 0.34143314 0
vt 0.3757138 0.29689854 0
vt 0.35300025 0.3433695 0
vt 0.37881243 0.3789633 0
vt 0.3702713 0.36342922 0
vt 0.38285765 0.34871864 0
vt 0.38883412 0.36521703 0
vt 0.40150028 0.35203204 0
vt 0.3929853 0.37883565 0
vt 0.40753013 0.37034193 0
vt 0.40546718 0.388488 0
vt 0.388134 0.39429882 0
vt 0.41144034 0.34093735 0
vt 0.40507698 0.32683575 0
vt 0.42193106 0.3623243 0
vt 0.42212078 0.3814333 0
vt 0.43617362 0.37314457 0
vt 0.41812432 0.40998876 0
vt 0.41677552 0.36877498 0
vt 0.4251138 0.43004012 0
vt 0.43973866 0.38964218 0
vt 0.43123168 0.3995811 0
vt 0.43599325 0.42359632 0
vt 0.44501394 0.40995196 0
vt 0.45121732 0.43401808 0
vt 0.4476597 0.44972903 0
vt 0.4306663 0.45354733 0
vt 0.4591371 0.44838613 0
vt 0.46649694 0.44013733 0
vt 0.44508433 0.3761303 0
vt 0.45187172 0.3893448 0
vt 0.45387045 0.40253434 0
vt 0.35855436 0.35596764 0
vt 0.37141484 0.33241013 0
vt 0.3681178 0.31548995 0
vt 0.36821786 0.3482152 0
vt 0.36257732 0.33457252 0
vt 0.42403847 0.34685034 0
vt 0.43290532 0.35660863 0
vt 0.43358597 0.36463377 0
vt 0.38136122 0.41236317 0
vt 0.53297347 0.4592597 0
vt 0.5101869 0.44317612 0
vt 0.5047413 0.47741345 0
vt 0.51748455 0.42304903 0
vt 0.49462512 0.44686097 0
vt 0.5056814 0.39504737 0
vt 0.49087527 0.39621812 0
vt 0.4909715 0.37944007 0
vt 0.49169037 0.36165074 0
vt 0.49715912 0.3453812 0
vt 0.49785554 0.41052732 0
vt 0.52830625 0.41557086 0
vt 0.48335215 0.29568034 0
vt 0.52068204 0.4033359 0
vt 0.47754806 0.38746318 0
vt 0.47643802 0.3679751 0
vt 0.46154547 0.3774718 0
vt 0.46497607 0.39825934 0
vt 0.45557857 0.42251655 0
vt 0.46514928 0.30209857 0
vt 0.4805904 0.43357378 0
vt 0.48032695 0.45181543 0
vt 0.4524153 0.33838826 0
vt 0.4479016 0.31669635 0
vt 0.44695804 0.35859784 0
vt 0.49707857 0.4280503 0
vt 0.50213975 0.37404758 0
vt 0.46486947 0.32557577 0
vt 0.48657465 0.32357866 0
vt 0.48139083 0.41102552 0
vt 0.49353534 0.3080094 0
vt 0.43970442 0.3659827 0
vt 0.4663273 0.41891256 0
vt 0.47785762 0.3460889 0
vt 0.46265444 0.35834166 0
vt 0.2519221 0.14034575 0
vt 0.26178715 0.15945183 0
vt 0.2424004 0.15422262 0
vt 0.2551677 0.17584023 0
vt 0.23373032 0.16608758 0
vt 0.22059833 0.15112603 0
vt 0.22635372 0.13699043 0
vt 0.21341237 0.16840996 0
vt 0.18372555 0.1638011 0
vt 0.19606754 0.15049763 0
vt 0.19589803 0.13950285 0
vt 0.2074921 0.1332116 0
vt 0.20683369 0.14626747 0
vt 0.17892718 0.14225128 0
vt 0.18689954 0.12921111 0
vt 0.16684474 0.121875905 0
vt 0.28316712 0.26867726 0
vt 0.26981744 0.26134852 0
vt 0.28711542 0.26187366 0
vt 0.27142894 0.25091168 0
vt 0.20648652 0.2501417 0
vt 0.21946032 0.24662489 0
vt 0.22098844 0.2602431 0
vt 0.23714413 0.26338992 0
vt 0.23449461 0.2504744 0
vt 0.24788527 0.26052502 0
vt 0.25307283 0.25162593 0
vt 0.2086949 0.23735183 0
vt 0.25741014 0.24407968 0
vt 0.18970004 0.241295 0
vt 0.19068387 0.22826637 0
vt 0.22564264 0.23888132 0
vt 0.18163699 0.21347451 0
vt 0.20234293 0.2212627 0
vt 0.23646902 0.18595229 0
vt 0.17557843 0.20091908 0
vt 0.17929286 0.19782415 0
vt 0.18759498 0.2066412 0
vt 0.21723011 0.22938344 0
vt 0.24162652 0.24009377 0
vt 0.22951485 0.23013392 0
vt 0.18663329 0.19506258 0
vt 0.23915589 0.22410935 0
vt 0.25372157 0.23588578 0
vt 0.20168886 0.2054977 0
vt 0.16946115 0.1860328 0
vt 0.17898609 0.17963733 0
vt 0.20339549 0.18506908 0
vt 0.18950276 0.18439068 0
vt 0.21921046 0.21756285 0
vt 0.21324298 0.20000851 0
vt 0.19929413 0.19385134 0
vt 0.22233668 0.19234982 0
vt 0.22658 0.20945169 0
vt 0.2561834 0.20202678 0
vt 0.24005096 0.20812416 0
vt 0.26028487 0.22561385 0
vt 0.26549312 0.24047212 0
vt 0.27714604 0.21708405 0
vt 0.28118598 0.22895756 0
vt 0.2950343 0.22704794 0
vt 0.27953914 0.23982666 0
vt 0.29684043 0.24008992 0
vt 0.2948749 0.2504907 0
vt 0.30194747 0.26569644 0
vt 0.31176737 0.25853533 0
vt 0.3085731 0.24826868 0
vt 0.32220992 0.24799328 0
vt 0.30854535 0.2395284 0
vt 0.31355166 0.229564 0
vt 0.20405032 0.2630625 0
vt 0.18942788 0.25618485 0
vt 0.16243288 0.2241105 0
vt 0.15454277 0.19443886 0
vt 0.16309041 0.16224141 0
vt 0.14871082 0.16923137 0
vt 0.12545319 0.24189138 0
vt 0.105027154 0.2387557 0
vt 0.1105429 0.22940567 0
vt 0.12685284 0.21995707 0
vt 0.13397747 0.19707967 0
vt 0.13665257 0.17625172 0
vt 0.11734714 0.1956679 0
vt 0.12911217 0.1511996 0
vt 0.12117286 0.17207314 0
vt 0.097963154 0.2545409 0
vt 0.088174924 0.2314122 0
vt 0.15529129 0.14803016 0
vt 0.14498803 0.1500959 0
vt 0.13711937 0.13509919 0
vt 0.10491267 0.1787827 0
vt 0.10814363 0.14769475 0
vt 0.17226455 0.24778695 0
vt 0.15112644 0.24153703 0
vt 0.14947759 0.13365369 0
vt 0.10361343 0.20825142 0
vt 0.09206193 0.19277893 0
vt 0.12862246 0.11545009 0
vt 0.12065341 0.12998156 0
vt 0.09131103 0.17058189 0
vt 0.11169798 0.12668744 0
vt 0.14545415 0.11310509 0
vt 0.11177082 0.11265381 0
vt 0.07758188 0.18443887 0
vt 0.080124445 0.1479676 0
vt 0.080907546 0.1988432 0
vt 0.10010788 0.12257455 0
vt 0.09564036 0.22417964 0
vt 0.12093163 0.253606 0
vt 0.308445 0.15583476 0
vt 0.31752947 0.16771737 0
vt 0.3069709 0.16878094 0
vt 0.29860547 0.158222 0
vt 0.26516184 0.17013538 0
vt 0.275841 0.16975878 0
vt 0.29589465 0.1743162 0
vt 0.27772957 0.14989655 0
vt 0.317599 0.18992606 0
vt 0.27146304 0.18030727 0
vt 0.2943172 0.14258587 0
vt 0.28711668 0.188682 0
vt 0.27278355 0.1958424 0
vt 0.30576482 0.20049281 0
vt 0.3212315 0.20690623 0
vt 0.31501976 0.21633472 0
vt 0.29663438 0.21381946 0
vt 0.29308793 0.12109633 0
vt 0.30546886 0.12710087 0
vt 0.30074644 0.13570318 0
vt 0.29847795 0.11561414 0
vt 0.29229575 0.13254386 0
vt 0.28110984 0.123505026 0
vt 0.28227547 0.1137047 0
vt 0.2678398 0.117829524 0
vt 0.17864344 0.33398864 0
vt 0.17911763 0.32068267 0
vt 0.18709701 0.3255836 0
vt 0.19355649 0.32790387 0
vt 0.19764219 0.3216562 0
vt 0.19905199 0.33178884 0
vt 0.19010039 0.3336146 0
vt 0.16380292 0.32747513 0
vt 0.21233803 0.31037998 0
vt 0.20807332 0.31811184 0
vt 0.2012655 0.31173357 0
vt 0.2138712 0.31735706 0
vt 0.2264499 0.3147152 0
vt 0.20963086 0.32620755 0
vt 0.19015618 0.3173862 0
vt 0.18634716 0.3095132 0
vt 0.17390679 0.30553627 0
vt 0.1483952 0.3217785 0
vt 0.16156085 0.31234285 0
vt 0.16449042 0.15469183 0
vt 0.1625235 0.14460635 0
vt 0.15799782 0.13071543 0
vt 0.28288782 0.13612545 0
vt 0.2729541 0.1264109 0
vt 0.2661285 0.1310428 0
vt 0.2542996 0.12612756 0
vt 0.23178913 0.123188876 0
vt 0.30492783 0.14738847 0
vt 0.30316213 0.15237947 0
vt 0.22085677 0.3229506 0
vt 0.31287447 0.14191164 0
vt 0.10161188 0.28016403 0
vt 0.090736926 0.26562783 0
vt 0.124768145 0.25866532 0
vt 0.16813861 0.2633719 0
vt 0.1431395 0.25255993 0
vt 0.1511082 0.2734353 0
vt 0.12906493 0.28003418 0
vt 0.1523337 0.29468518 0
vt 0.08281172 0.21394768 0
vt 0.26818392 0.28401682 0
vt 0.2657674 0.2997547 0
vt 0.25242618 0.2902928 0
vt 0.21298073 0.29867435 0
vt 0.17626186 0.27920923 0
vt 0.19110289 0.27162242 0
vt 0.19083731 0.29499042 0
vt 0.23034708 0.27241337 0
vt 0.24116373 0.29664323 0
vt 0.23780365 0.28458926 0
vt 0.26165083 0.27020705 0
vt 0.27883583 0.27468157 0
vt 0.29319978 0.27340108 0
vt 0.28623423 0.27316162 0
vt 0.22430867 0.28923267 0
vt 0.24803147 0.27513173 0
vt 0.22589323 0.2803867 0
vt 0.20721836 0.28423578 0
vt 0.21717237 0.2798398 0
vt 0.16919409 0.29009432 0
vt 0.24408399 0.30806634 0
vt 0.22946228 0.30337965 0
vt 0.21098337 0.272241 0
vt 0.22053407 0.27342072 0
vt 0.28918666 0.28971258 0
vt 0.10911847 0.307999 0
vt 0.14583279 0.3079353 0
vt 0.16024785 0.7251203 0
vt 0.16640808 0.7060813 0
vt 0.18165737 0.7254451 0
vt 0.13817602 0.7633117 0
vt 0.15115069 0.75498515 0
vt 0.16261497 0.7615098 0
vt 0.17837633 0.7391745 0
vt 0.16208707 0.7530256 0
vt 0.19090146 0.7393941 0
vt 0.18466046 0.7553543 0
vt 0.1781027 0.7591994 0
vt 0.17480172 0.7494641 0
vt 0.1841724 0.76805675 0
vt 0.16334122 0.77308637 0
vt 0.19054943 0.778162 0
vt 0.1876829 0.749317 0
vt 0.13555093 0.74944896 0
vt 0.19454423 0.7729086 0
vt 0.19135164 0.7596856 0
vt 0.20090392 0.737076 0
vt 0.19306 0.7312741 0
vt 0.19878374 0.75068146 0
vt 0.1934228 0.7908205 0
vt 0.20398903 0.7838431 0
vt 0.14163598 0.78139204 0
vt 0.20470479 0.7760861 0
vt 0.19970816 0.76855993 0
vt 0.20682013 0.7621028 0
vt 0.21385978 0.79594135 0
vt 0.21654886 0.784515 0
vt 0.21426392 0.7511564 0
vt 0.21221553 0.7716756 0
vt 0.21447459 0.7775876 0
vt 0.22897445 0.79256326 0
vt 0.23304017 0.78612626 0
vt 0.24276847 0.79170823 0
vt 0.22350949 0.7778404 0
vt 0.23143505 0.8061441 0
vt 0.24172477 0.80123645 0
vt 0.24593377 0.81347996 0
vt 0.22568016 0.78521365 0
vt 0.21975183 0.76581913 0
vt 0.11650688 0.752454 0
vt 0.12415117 0.74637806 0
vt 0.1823312 0.70338523 0
vt 0.19358198 0.718636 0
vt 0.13865994 0.9748417 0
vt 0.121017165 0.97612095 0
vt 0.11223929 0.96122926 0
vt 0.124793895 0.9902666 0
vt 0.15247546 0.9976667 0
vt 0.1367745 0.9998945 0
vt 0.1236819 0.8960303 0
vt 0.122507535 0.8807066 0
vt 0.13899519 0.895421 0
vt 0.11453234 0.89535993 0
vt 0.11409026 0.8892488 0
vt 0.10628142 0.89064896 0
vt 0.10769467 0.8821544 0
vt 0.09656147 0.8800949 0
vt 0.10328972 0.8701679 0
vt 0.08746274 0.87016284 0
vt 0.09137188 0.8606311 0
vt 0.07669506 0.8608226 0
vt 0.14038554 0.8831742 0
vt 0.08135989 0.8527024 0
vt 0.19731323 0.8281091 0
vt 0.19066913 0.83405966 0
vt 0.18409188 0.8285026 0
vt 0.19139183 0.8437273 0
vt 0.18350908 0.83841825 0
vt 0.2024259 0.83874464 0
vt 0.21492659 0.83098084 0
vt 0.21501495 0.8456188 0
vt 0.20366263 0.85279185 0
vt 0.2307748 0.8330881 0
vt 0.2416485 0.84102964 0
vt 0.23077299 0.84772706 0
vt 0.23680402 0.85929507 0
vt 0.22185351 0.8599203 0
vt 0.20932685 0.8656381 0
vt 0.2236892 0.87510365 0
vt 0.25099507 0.8562702 0
vt 0.23732926 0.87012815 0
vt 0.24700557 0.86724246 0
vt 0.26013288 0.8741652 0
vt 0.24399978 0.8871318 0
vt 0.24794747 0.87682164 0
vt 0.25752068 0.8862365 0
vt 0.27307108 0.9034536 0
vt 0.27056247 0.88938093 0
vt 0.2788848 0.8968359 0
vt 0.28395137 0.8940477 0
vt 0.2876986 0.9024442 0
vt 0.2792764 0.8779536 0
vt 0.25807983 0.839534 0
vt 0.27136987 0.85102916 0
vt 0.24164814 0.82545024 0
vt 0.25961927 0.8211235 0
vt 0.26969665 0.86530036 0
vt 0.22050886 0.8161065 0
vt 0.19937669 0.80607253 0
vt 0.10035066 0.8294191 0
vt 0.099998295 0.8117516 0
vt 0.11647059 0.82080823 0
vt 0.11327846 0.8341265 0
vt 0.08995116 0.81843853 0
vt 0.08392059 0.8280894 0
vt 0.13324192 0.82744515 0
vt 0.11426322 0.8046051 0
vt 0.10460427 0.83825976 0
vt 0.104323916 0.8451361 0
vt 0.11594414 0.8634552 0
vt 0.10205324 0.8588657 0
vt 0.13199224 0.8705964 0
vt 0.12461225 0.8414634 0
vt 0.084787846 0.84414136 0
vt 0.12505628 0.85486615 0
vt 0.09516662 0.8533274 0
vt 0.22514129 0.91206825 0
vt 0.24732386 0.91034037 0
vt 0.23664543 0.9267512 0
vt 0.20952983 0.92379236 0
vt 0.20687951 0.90652186 0
vt 0.122344784 0.79015154 0
vt 0.133978 0.79850626 0
vt 0.107252635 0.7916555 0
vt 0.11659789 0.7768424 0
vt 0.10155878 0.8013719 0
vt 0.09413593 0.7962295 0
vt 0.09855115 0.78274745 0
vt 0.11333836 0.76350915 0
vt 0.12735334 0.80924505 0
vt 0.15377192 0.798824 0
vt 0.13834618 0.80834794 0
vt 0.13157351 0.81681925 0
vt 0.1471923 0.8149295 0
vt 0.15514109 0.82767445 0
vt 0.1831478 0.8512521 0
vt 0.17431895 0.8198239 0
vt 0.170774 0.83725524 0
vt 0.14008322 0.8377135 0
vt 0.15291104 0.84355015 0
vt 0.16609041 0.8555324 0
vt 0.19272979 0.85128623 0
vt 0.19489625 0.8614642 0
vt 0.1936959 0.89007324 0
vt 0.1732247 0.8791054 0
vt 0.18287165 0.86877394 0
vt 0.20362031 0.87631655 0
vt 0.1761888 0.80305785 0
vt 0.16162035 0.8111559 0
vt 0.18963704 0.8164244 0
vt 0.20493025 0.81795275 0
vt 0.16010511 0.78673047 0
vt 0.1767697 0.7868047 0
vt 0.14927955 0.7896707 0
vt 0.1539744 0.7906164 0
vt 0.21712255 0.93581253 0
vt 0.22683537 0.935238 0
vt 0.23417032 0.94517726 0
vt 0.1255843 0.7413113 0
vt 0.14466073 0.7372502 0
vt 0.15306571 0.74806756 0
vt 0.16009368 0.74588764 0
vt 0.16234499 0.73814005 0
vt 0.14113605 0.86241126 0
vt 0.14872484 0.8777834 0
vt 0.13780162 0.84916866 0
vt 0.16911854 0.86828196 0
vt 0.1583627 0.86939514 0
vt 0.14971638 0.85620123 0
vt 0.16341235 0.8866011 0
vt 0.15445492 0.8930557 0
vt 0.22109607 0.89328927 0
vt 0.15492718 0.90998834 0
vt 0.13368218 0.90860957 0
vt 0.1614786 0.89240557 0
vt 0.1674969 0.8999103 0
vt 0.1801098 0.9059157 0
vt 0.17784843 0.89383495 0
vt 0.19296654 0.90632737 0
vt 0.16923709 0.9386212 0
vt 0.1859945 0.93199414 0
vt 0.19491412 0.94636124 0
vt 0.20021728 0.9274281 0
vt 0.2010195 0.93290824 0
vt 0.18998934 0.9194855 0
vt 0.11223526 0.90214604 0
vt 0.17447813 0.91390496 0
vt 0.116384394 0.9181703 0
vt 0.16876762 0.9244959 0
vt 0.17970246 0.9237939 0
vt 0.13933487 0.9403334 0
vt 0.15871911 0.9555825 0
vt 0.12552385 0.9513271 0
vt 0.08934465 0.9160421 0
vt 0.09542248 0.8964424 0
vt 0.08399365 0.8821274 0
vt 0.19174588 0.9690625 0
vt 0.12886322 0.9618479 0
vt 0.14903943 0.9652228 0
vt 0.14756536 0.9263641 0
vt 0.21561448 0.9725183 0
vt 0.10197836 0.9387935 0
vt 0.18564656 0.990512 0
vt 0.21861666 0.95295227 0
vt 0.9230428 0.54810363 0
vt 0.92947125 0.5418806 0
vt 0.93825173 0.5561059 0
vt 0.8953031 0.5113901 0
vt 0.9077959 0.50570166 0
vt 0.90816694 0.5330948 0
vt 0.8746677 0.43364546 0
vt 0.8826578 0.43191484 0
vt 0.8821452 0.44274822 0
vt 0.8696328 0.44693717 0
vt 0.89033216 0.49767658 0
vt 0.8824349 0.51796776 0
vt 0.8765587 0.48960176 0
vt 0.8882947 0.45435166 0
vt 0.88076854 0.466642 0
vt 0.87060106 0.46606535 0
vt 0.8898338 0.47743368 0
vt 0.9175691 0.5130613 0
vt 0.9456348 0.5413543 0
vt 0.893535 0.5278474 0
vt 0.9239781 0.52658945 0
vt 0.91252154 0.56505084 0
vt 0.89956355 0.4886995 0
vt 0.8373281 0.37195277 0
vt 0.8346958 0.38846576 0
vt 0.8257326 0.37356114 0
vt 0.7494759 0.3667901 0
vt 0.73402804 0.36820522 0
vt 0.73533773 0.3549796 0
vt 0.74140877 0.38461292 0
vt 0.7568215 0.38611075 0
vt 0.74830484 0.39950493 0
vt 0.74769944 0.3459596 0
vt 0.76660323 0.3640104 0
vt 0.8719932 0.54080945 0
vt 0.8640564 0.5158069 0
vt 0.7914064 0.34415272 0
vt 0.7621736 0.406166 0
vt 0.7741572 0.38614297 0
vt 0.8890341 0.5510628 0
vt 0.8873919 0.5886948 0
vt 0.79009986 0.38112193 0
vt 0.79157925 0.40178415 0
vt 0.80192024 0.37440252 0
vt 0.80740577 0.3908186 0
vt 0.80029637 0.4220996 0
vt 0.775979 0.41213885 0
vt 0.81643945 0.41338763 0
vt 0.7888834 0.44371852 0
vt 0.7876449 0.42731163 0
vt 0.8012761 0.4392027 0
vt 0.81709224 0.43889582 0
vt 0.8098153 0.4613737 0
vt 0.8337403 0.48497862 0
vt 0.8317494 0.45787328 0
vt 0.8546752 0.46441722 0
vt 0.8550587 0.49325687 0
vt 0.8548934 0.53999585 0
vt 0.8414685 0.56546843 0
vt 0.8334057 0.5272913 0
vt 0.8625112 0.5811144 0
vt 0.8451446 0.5103724 0
vt 0.6190729 0.5478653 0
vt 0.6368207 0.5520348 0
vt 0.6116923 0.57041377 0
vt 0.6420903 0.57249475 0
vt 0.62970024 0.53301877 0
vt 0.6089482 0.5125945 0
vt 0.652989 0.5203756 0
vt 0.60763836 0.5474227 0
vt 0.6072022 0.5327152 0
vt 0.6435631 0.5368587 0
vt 0.6557474 0.5454285 0
vt 0.6271299 0.58501166 0
vt 0.77117985 0.49508166 0
vt 0.76145065 0.50260645 0
vt 0.7582127 0.48302805 0
vt 0.7290672 0.37851027 0
vt 0.7386898 0.39899755 0
vt 0.71954125 0.39335725 0
vt 0.7346667 0.40879548 0
vt 0.7498279 0.41462046 0
vt 0.7692315 0.42797732 0
vt 0.7764256 0.44577047 0
vt 0.7677789 0.46590087 0
vt 0.7690262 0.4793447 0
vt 0.75992286 0.46990865 0
vt 0.7881662 0.4626218 0
vt 0.7775382 0.4660486 0
vt 0.770394 0.456213 0
vt 0.7758235 0.4767644 0
vt 0.78031754 0.49038422 0
vt 0.8005954 0.4786099 0
vt 0.78722894 0.4807304 0
vt 0.8019258 0.4918214 0
vt 0.795689 0.5026586 0
vt 0.81525683 0.4896155 0
vt 0.7855657 0.51235616 0
vt 0.7906862 0.53702307 0
vt 0.8030962 0.5295316 0
vt 0.80293566 0.5561252 0
vt 0.82948744 0.50502825 0
vt 0.825598 0.5640609 0
vt 0.8146021 0.55534714 0
vt 0.82172173 0.5418942 0
vt 0.8148578 0.51239353 0
vt 0.7450855 0.48732382 0
vt 0.7177533 0.44769385 0
vt 0.70457435 0.43826103 0
vt 0.72118723 0.43745947 0
vt 0.7208855 0.42904195 0
vt 0.7316385 0.4424724 0
vt 0.73325676 0.4323871 0
vt 0.7284817 0.4527989 0
vt 0.7426033 0.4516869 0
vt 0.8169458 0.37949046 0
vt 0.82651216 0.39606446 0
vt 0.8422805 0.40513152 0
vt 0.8482079 0.39293998 0
vt 0.8573467 0.41350314 0
vt 0.9101282 0.40375564 0
vt 0.8835829 0.415954 0
vt 0.8725575 0.39917105 0
vt 0.8705147 0.42156684 0
vt 0.8549089 0.37703213 0
vt 0.867655 0.38072908 0
vt 0.89099765 0.42682204 0
vt 0.8841277 0.386356 0
vt 0.7188458 0.41946706 0
vt 0.7164603 0.40739822 0
vt 0.7269122 0.41336104 0
vt 0.72817105 0.42355675 0
vt 0.7409046 0.4228326 0
vt 0.7472597 0.43806973 0
vt 0.75397027 0.42846918 0
vt 0.7631212 0.43989408 0
vt 0.7569836 0.45820045 0
vt 0.7571972 0.44848466 0
vt 0.6965629 0.48719063 0
vt 0.6846934 0.48033455 0
vt 0.6959302 0.4731995 0
vt 0.67357635 0.478418 0
vt 0.6806225 0.4929121 0
vt 0.6958419 0.49871555 0
vt 0.68966585 0.4916571 0
vt 0.66192114 0.50323397 0
vt 0.6670296 0.48988134 0
vt 0.6696893 0.50591576 0
vt 0.6584734 0.52955693 0
vt 0.7055179 0.49766135 0
vt 0.7078061 0.4845601 0
vt 0.7185203 0.49590462 0
vt 0.68967205 0.5012741 0
vt 0.67741984 0.50665814 0
vt 0.66402036 0.52210206 0
vt 0.67108256 0.5154728 0
vt 0.7009527 0.5109887 0
vt 0.66436505 0.5384968 0
vt 0.67319596 0.5363578 0
vt 0.6636992 0.5494417 0
vt 0.7175079 0.51252216 0
vt 0.71088535 0.52745765 0
vt 0.6879715 0.5125842 0
vt 0.6964264 0.5254738 0
vt 0.68175304 0.5242534 0
vt 0.72790706 0.53108805 0
vt 0.71806216 0.54290813 0
vt 0.6870813 0.5385563 0
vt 0.6803398 0.550851 0
vt 0.70413435 0.54436094 0
vt 0.67178375 0.55393946 0
vt 0.6925699 0.5526418 0
vt 0.73247284 0.5101137 0
vt 0.730871 0.55511856 0
vt 0.7828067 0.5433273 0
vt 0.7732892 0.54440874 0
vt 0.7760823 0.5314751 0
vt 0.7837474 0.5611649 0
vt 0.7934492 0.5577854 0
vt 0.8083042 0.36746415 0
vt 0.8636004 0.42813575 0
vt 0.85070485 0.426664 0
vt 0.83243835 0.41225177 0
vt 0.85228497 0.44143295 0
vt 0.82177716 0.40273133 0
vt 0.83654153 0.4354689 0
vt 0.78087056 0.52217203 0
vt 0.78317165 0.5339351 0
vt 0.77462435 0.5086117 0
vt 0.77113575 0.51783925 0
vt 0.7340286 0.46132076 0
vt 0.7209346 0.4647143 0
vt 0.7625996 0.5238764 0
vt 0.74180156 0.5280781 0
vt 0.74756074 0.46840003 0
vt 0.7514943 0.5438571 0
vt 0.76064533 0.53832084 0
vt 0.76887393 0.5589916 0
vt 0.70886797 0.4721099 0
vt 0.71993977 0.4799524 0
vt 0.7408262 0.54674584 0
vt 0.733079 0.47482207 0
vt 0.73148674 0.4920363 0
vt 0.7416663 0.5000978 0
vt 0.7486911 0.5124895 0
vt 0.752963 0.52925783 0
vt 0.7490572 0.50070107 0
vt 0.7024541 0.45928797 0
vt 0.6910364 0.46291232 0
vt 0.68421906 0.4682869 0
vt 0.6771402 0.47089896 0
vt 0.6598815 0.5873739 0
vt 0.7101182 0.4258759 0
vt 0.63325703 0.48987743 0
vt 0.6897736 0.8021952 0
vt 0.7196796 0.8114606 0
vt 0.70948654 0.8279958 0
vt 0.80673903 0.7850858 0
vt 0.79971105 0.8030703 0
vt 0.7909914 0.7700516 0
vt 0.77401936 0.8236885 0
vt 0.78802234 0.8395149 0
vt 0.7720105 0.83610266 0
vt 0.8079746 0.8369055 0
vt 0.7866264 0.8167342 0
vt 0.7021894 0.9062872 0
vt 0.6905839 0.92232305 0
vt 0.6884363 0.89956856 0
vt 0.65719986 0.85483915 0
vt 0.6494027 0.82846856 0
vt 0.67187136 0.8293193 0
vt 0.777179 0.79279315 0
vt 0.76601905 0.8003968 0
vt 0.7737144 0.8082211 0
vt 0.7591639 0.81038624 0
vt 0.68745244 0.8444674 0
vt 0.6849632 0.8614131 0
vt 0.70440197 0.8497179 0
vt 0.75638396 0.8694999 0
vt 0.76959145 0.85618186 0
vt 0.76971996 0.8843017 0
vt 0.7547968 0.7859479 0
vt 0.7373235 0.79884636 0
vt 0.73225343 0.773838 0
vt 0.74294376 0.8229526 0
vt 0.6695611 0.8841208 0
vt 0.69343156 0.8832708 0
vt 0.69150454 0.8317685 0
vt 0.7132556 0.78366834 0
vt 0.6550496 0.92232305 0
vt 0.6229636 0.8337167 0
vt 0.6390486 0.87757224 0
vt 0.8088252 0.76533794 0
vt 0.8205093 0.78451407 0
vt 0.79256904 0.86706686 0
vt 0.7278048 0.8290415 0
vt 0.76158565 0.8266629 0
vt 0.7565345 0.84008986 0
vt 0.74601895 0.8549408 0
vt 0.7392692 0.83933485 0
vt 0.7255761 0.8457855 0
vt 0.8062689 0.8965229 0
vt 0.7853805 0.9065659 0
vt 0.821163 0.8216309 0
vt 0.8293193 0.8067057 0
vt 0.84315956 0.8309955 0
vt 0.74438894 0.8774203 0
vt 0.8387921 0.8711728 0
vt 0.81696993 0.8656679 0
vt 0.83613497 0.8515165 0
vt 0.8151003 0.8010857 0
vt 0.7158149 0.9177862 0
vt 0.7152906 0.897344 0
vt 0.7310771 0.91798645 0
vt 0.7705717 0.91715604 0
vt 0.744404 0.8994618 0
vt 0.7688513 0.76122206 0
vt 0.84355724 0.81188786 0
vt 0.84050256 0.78820926 0
vt 0.8021331 0.8507424 0
vt 0.83392024 0.8804206 0
vt 0.748506 0.92232305 0
vt 0.82331413 0.8858491 0
vt 0.77172446 0.5926369 0
vt 0.7691551 0.5617998 0
vt 0.7823115 0.57823104 0
vt 0.75530845 0.5817206 0
vt 0.79703194 0.6393486 0
vt 0.8180207 0.6660392 0
vt 0.792663 0.6699953 0
vt 0.84502465 0.648794 0
vt 0.8203023 0.64564717 0
vt 0.8261031 0.6262748 0
vt 0.8387941 0.57979727 0
vt 0.8072261 0.6121435 0
vt 0.8614869 0.6050245 0
vt 0.880907 0.6247695 0
vt 0.84766626 0.67759717 0
vt 0.88513654 0.6617344 0
vt 0.8414561 0.72122556 0
vt 0.82088447 0.69556504 0
vt 0.8474102 0.7017575 0
vt 0.9070876 0.6906648 0
vt 0.8724967 0.69083077 0
vt 0.92521054 0.82451046 0
vt 0.9195965 0.8466704 0
vt 0.9117071 0.8078899 0
vt 0.86738753 0.76705086 0
vt 0.8830645 0.77214605 0
vt 0.869886 0.7825264 0
vt 0.94642913 0.6503769 0
vt 0.8730296 0.7223176 0
vt 0.8536029 0.7385584 0
vt 0.8728004 0.7505842 0
vt 0.8845189 0.80502355 0
vt 0.89667386 0.7485302 0
vt 0.91478765 0.72181875 0
vt 0.909319 0.77692723 0
vt 0.924278 0.8065115 0
vt 0.93487084 0.7989441 0
vt 0.947616 0.7799482 0
vt 0.94773996 0.81523407 0
vt 0.9246198 0.7513755 0
vt 0.9236959 0.79201776 0
vt 0.93737125 0.8199509 0
vt 0.94773996 0.85242236 0
vt 0.94765806 0.7346722 0
vt 0.80573547 0.57982016 0
vt 0.9475323 0.69599485 0
vt 0.905982 0.6302238 0
vt 0.7371329 0.5617998 0
vt 0.7587258 0.6323588 0
vt 0.77273583 0.6296413 0
vt 0.7695984 0.64059824 0
vt 0.7802137 0.64745456 0
vt 0.7678236 0.65208465 0
vt 0.74907327 0.6409305 0
vt 0.7591587 0.69360065 0
vt 0.75251305 0.6742913 0
vt 0.7732429 0.682065 0
vt 0.7754944 0.70537347 0
vt 0.77770597 0.72484183 0
vt 0.7617454 0.7182155 0
vt 0.79368496 0.72418267 0
vt 0.7859658 0.70190835 0
vt 0.7978057 0.6993331 0
vt 0.7840179 0.74503815 0
vt 0.7915463 0.7531885 0
vt 0.7981038 0.7502516 0
vt 0.8197448 0.7239047 0
vt 0.83720505 0.7339313 0
vt 0.8133541 0.7458297 0
vt 0.8378564 0.75314647 0
vt 0.8448999 0.8825075 0
vt 0.82462513 0.76659757 0
vt 0.8577737 0.7568379 0
vt 0.8573279 0.8867382 0
vt 0.86230105 0.8235221 0
vt 0.8549415 0.77400297 0
vt 0.8683898 0.8644593 0
vt 0.8862028 0.90576637 0
vt 0.9142476 0.8993047 0
vt 0.8875974 0.8604393 0
vt 0.8618394 0.7949975 0
vt 0.92477524 0.88059545 0
vt 0.8440438 0.89771533 0
vt 0.8920143 0.8413356 0
vt 0.7541872 0.6584304 0
vt 0.70571405 0.60808927 0
vt 0.68181795 0.6215289 0
vt 0.68735003 0.60300225 0
vt 0.71573746 0.6259066 0
vt 0.7048552 0.58426076 0
vt 0.7264839 0.6077329 0
vt 0.7825519 0.6115859 0
vt 0.7543211 0.6084163 0
vt 0.73522943 0.58977866 0
vt 0.72351515 0.57525086 0
vt 0.7401302 0.62317514 0
vt 0.7089065 0.87390745 0
vt 0.7265073 0.8647956 0
vt 0.72726274 0.8817982 0
vt 0.7578443 0.7400376 0
vt 0.74749154 0.75710833 0
vt 0.7433441 0.7290578 0
vt 0.6910579 0.7597905 0
vt 0.66963464 0.7663491 0
vt 0.73881584 0.64596313 0
vt 0.67083466 0.72567415 0
vt 0.6565623 0.7454713 0
vt 0.6233263 0.7888828 0
vt 0.6392699 0.8045566 0
vt 0.6991251 0.692972 0
vt 0.6945102 0.6767022 0
vt 0.7035613 0.67993706 0
vt 0.6702048 0.64315456 0
vt 0.68246955 0.6633924 0
vt 0.656762 0.6729105 0
vt 0.6979911 0.6453301 0
vt 0.74725115 0.7053268 0
vt 0.7375254 0.6850481 0
vt 0.73475707 0.6335707 0
vt 0.7019107 0.6702302 0
vt 0.69727117 0.66386235 0
vt 0.73713917 0.6613102 0
vt 0.66591823 0.797173 0
vt 0.723694 0.6449433 0
vt 0.7159535 0.6955862 0
vt 0.6311564 0.6207158 0
vt 0.7139712 0.66710806 0
vt 0.65150213 0.58818954 0
vt 0.7227161 0.7265994 0
vt 0.73361224 0.7071271 0
vt 0.73132896 0.7482352 0
vt 0.68264586 0.6908613 0
vt 0.6482172 0.77106935 0
vt 0.6547056 0.8074326 0
vt 0.7142865 0.7524572 0
vt 0.7695976 0.73697895 0
vt 0.6991162 0.72091806 0
vt 0.6403554 0.71408385 0
vt 0.6225369 0.6690694 0
vt 0.6217553 0.7373406 0
vt 0.6342367 0.77604055 0
vt 0.5394492 0.05320442 0
vt 0.5502511 0.067466006 0
vt 0.5394459 0.07534109 0
vt 0.5593726 0.06111357 0
vt 0.55166334 0.05711876 0
vt 0.54019785 0.027468571 0
vt 0.5572811 0.05040028 0
vt 0.73175055 0.11218078 0
vt 0.7244926 0.12032272 0
vt 0.723352 0.10787983 0
vt 0.7409092 0.10543678 0
vt 0.7281853 0.09741625 0
vt 0.7335755 0.08558126 0
vt 0.7486372 0.08761496 0
vt 0.7149558 0.1472322 0
vt 0.71394473 0.13615075 0
vt 0.7212195 0.14089319 0
vt 0.7315008 0.028181944 0
vt 0.7433676 0.034068532 0
vt 0.7339323 0.04362935 0
vt 0.71881807 0.051399358 0
vt 0.72038156 0.033517282 0
vt 0.738502 0.07295513 0
vt 0.7245014 0.06942775 0
vt 0.7340941 0.060574498 0
vt 0.752069 0.06383848 0
vt 0.752069 0.046419244 0
vt 0.60856646 0.048366863 0
vt 0.62122184 0.05366636 0
vt 0.6139617 0.05995449 0
vt 0.6033495 0.057488326 0
vt 0.58814996 0.065748736 0
vt 0.58395034 0.05487724 0
vt 0.5949154 0.059860088 0
vt 0.59575486 0.05135843 0
vt 0.574171 0.06261044 0
vt 0.60716087 0.04167886 0
vt 0.6169077 0.03889552 0
vt 0.5705803 0.06925667 0
vt 0.5723507 0.055250105 0
vt 0.6064082 0.037049 0
vt 0.6191688 0.027489811 0
vt 0.6305756 0.030900862 0
vt 0.5998226 0.043102305 0
vt 0.58883965 0.0460974 0
vt 0.5794644 0.04877535 0
vt 0.5687461 0.043436654 0
vt 0.5802786 0.04057333 0
vt 0.59742475 0.015834494 0
vt 0.57225734 0.030399933 0
vt 0.55407727 0.0059159296 0
vt 0.5973628 0.03331959 0
vt 0.6290375 0.012304705 0
vt 0.6091066 0.02243963 0
vt 0.65622604 0.0013015327 0
vt 0.6270988 0.00041838945 0
vt 0.5976867 0.00034961617 0
vt 0.7355784 0.02107934 0
vt 0.7237795 0.021859135 0
vt 0.5878672 0.1440305 0
vt 0.5875931 0.12813482 0
vt 0.5954541 0.14043881 0
vt 0.60052735 0.13108748 0
vt 0.60436887 0.14558546 0
vt 0.6120893 0.1386899 0
vt 0.6158814 0.14734894 0
vt 0.61084664 0.15308638 0
vt 0.6374686 0.13639103 0
vt 0.63189745 0.15149887 0
vt 0.6238146 0.13289046 0
vt 0.6374789 0.18680143 0
vt 0.6225252 0.1775506 0
vt 0.6298607 0.16721115 0
vt 0.6609255 0.19525333 0
vt 0.6506581 0.20218389 0
vt 0.6229582 0.16119649 0
vt 0.6120231 0.17773417 0
vt 0.61554676 0.16674767 0
vt 0.6195463 0.15512796 0
vt 0.6389634 0.20245449 0
vt 0.60986996 0.16994385 0
vt 0.61888725 0.18552148 0
vt 0.6240598 0.19471319 0
vt 0.62811446 0.20541638 0
vt 0.67211527 0.10233364 0
vt 0.67151475 0.110619746 0
vt 0.6587118 0.1028915 0
vt 0.6706598 0.17839593 0
vt 0.66060716 0.16076018 0
vt 0.6784284 0.16064352 0
vt 0.6798834 0.11772016 0
vt 0.6660575 0.118441485 0
vt 0.66439164 0.14535284 0
vt 0.68314195 0.13168322 0
vt 0.66737074 0.13317114 0
vt 0.6805599 0.14567626 0
vt 0.65172935 0.11028096 0
vt 0.6486237 0.14436932 0
vt 0.63205254 0.1238624 0
vt 0.64495075 0.1277857 0
vt 0.65595037 0.13437673 0
vt 0.6404933 0.09970899 0
vt 0.63831276 0.11167378 0
vt 0.65383494 0.12237467 0
vt 0.6536248 0.17663163 0
vt 0.6418685 0.1744211 0
vt 0.6811749 0.19106139 0
vt 0.67126036 0.19323537 0
vt 0.6456484 0.16232716 0
vt 0.6123119 0.1267992 0
vt 0.6232119 0.06515053 0
vt 0.63593423 0.058317598 0
vt 0.60582745 0.064485975 0
vt 0.59778553 0.06341254 0
vt 0.61521125 0.06732296 0
vt 0.63437164 0.075472906 0
vt 0.60204095 0.06953661 0
vt 0.61029434 0.070417315 0
vt 0.6202916 0.07498987 0
vt 0.5930109 0.069057435 0
vt 0.5868761 0.07186277 0
vt 0.5973265 0.077045396 0
vt 0.5780828 0.076364554 0
vt 0.5816176 0.07052183 0
vt 0.62576145 0.08233643 0
vt 0.6207425 0.09112888 0
vt 0.60987246 0.07795144 0
vt 0.5866933 0.0792208 0
vt 0.63280416 0.08750199 0
vt 0.59495735 0.08833404 0
vt 0.60405654 0.08494244 0
vt 0.6073233 0.093264535 0
vt 0.5697389 0.08363644 0
vt 0.5826372 0.088397525 0
vt 0.5755823 0.09638908 0
vt 0.61492836 0.097595334 0
vt 0.59313405 0.09650427 0
vt 0.601634 0.098236196 0
vt 0.610219 0.10268061 0
vt 0.60091233 0.106535695 0
vt 0.62036335 0.108527124 0
vt 0.5875402 0.10329138 0
vt 0.6118312 0.11492937 0
vt 0.6201067 0.12063512 0
vt 0.5937369 0.1157863 0
vt 0.60385376 0.12063239 0
vt 0.5811263 0.110183015 0
vt 0.6921043 0.16820142 0
vt 0.6941867 0.15740034 0
vt 0.6833098 0.17588876 0
vt 0.7088537 0.16917083 0
vt 0.7028551 0.135272 0
vt 0.69386506 0.12401687 0
vt 0.7084201 0.124045916 0
vt 0.71096927 0.06576196 0
vt 0.6461155 0.089850485 0
vt 0.6451007 0.067546986 0
vt 0.6520123 0.07970614 0
vt 0.71654737 0.0824368 0
vt 0.68381375 0.07769021 0
vt 0.67109144 0.0646414 0
vt 0.68664527 0.053898636 0
vt 0.7023819 0.051124513 0
vt 0.6968806 0.06657972 0
vt 0.6491308 0.05788789 0
vt 0.72597665 0.083591595 0
vt 0.6564371 0.068483174 0
vt 0.6653461 0.09051872 0
vt 0.7032985 0.07819712 0
vt 0.6951692 0.1104057 0
vt 0.68734175 0.1152466 0
vt 0.71801686 0.09969454 0
vt 0.7096965 0.09226751 0
vt 0.69761574 0.09412572 0
vt 0.68270355 0.09723775 0
vt 0.711961 0.10883047 0
vt 0.69773847 0.14672394 0
vt 0.7096575 0.15786122 0
vt 0.682084 0.109513156 0
vt 0.72246844 0.13232426 0
vt 0.66451204 0.076528125 0
vt 0.6730834 0.04768248 0
vt 0.6320712 0.04142663 0
vt 0.67949134 0.03707616 0
vt 0.69209266 0.03405195 0
vt 0.647168 0.042354606 0
vt 0.66053724 0.052344993 0
vt 0.66402245 0.035046447 0
vt 0.6771079 0.0214088 0
vt 0.63934666 0.034049146 0
vt 0.638614 0.019983863 0
vt 0.6565622 0.01811148 0
vt 0.64648473 0.027694385 0
vt 0.65352273 0.009725006 0
vt 0.6471045 0.013324192 0
vt 0.67901915 0.0064125224 0
vt 0.6669327 0.009711075 0
vt 0.60337484 0.17174606 0
vt 0.60569507 0.16664927 0
vt 0.5935096 0.15518816 0
vt 0.59702116 0.14996988 0
vt 0.5974332 0.16267343 0
vt 0.5986838 0.15488726 0
vt 0.58445275 0.16504307 0
vt 0.6040981 0.15790972 0
vt 0.61379266 0.15787424 0
vt 0.6915916 0.017701732 0
vt 0.6918906 0.008118093 0
vt 0.70453227 0.0339742 0
vt 0.7086369 0.012635929 0
vt 0.694102 0.00020571833 0
vt 0.73904604 0.123792954 0
vt 0.56338656 0.09306084 0
vt 0.5619188 0.16078533 0
vt 0.54690295 0.08127872 0
vt 0.5394459 0.09829701 0
vt 0.5394459 0.1459846 0
vt 0.56280494 0.10932381 0
vt 0.56574714 0.13516246 0
vt 0.575098 0.11553632 0
vt 0.5707547 0.104152896 0
vt 0.546633 0.10960783 0
vt 0.5552158 0.09108757 0
vt 0.55846137 0.07754295 0
vt 0.5157859 0.8441156 0
vt 0.5117057 0.8288217 0
vt 0.5330721 0.829731 0
vt 0.4063501 0.7649895 0
vt 0.42418784 0.76060456 0
vt 0.42105353 0.7723426 0
vt 0.397372 0.74729645 0
vt 0.41229737 0.7445969 0
vt 0.46264172 0.9171749 0
vt 0.4490127 0.89861834 0
vt 0.46675375 0.901599 0
vt 0.42177027 0.943202 0
vt 0.39368275 0.94829077 0
vt 0.41557264 0.9281677 0
vt 0.44563565 0.9301045 0
vt 0.46798286 0.9297099 0
vt 0.43106356 0.8930803 0
vt 0.40913725 0.9049558 0
vt 0.4203214 0.88392806 0
vt 0.47123688 0.94597477 0
vt 0.49028948 0.9318939 0
vt 0.49336922 0.9481429 0
vt 0.38345537 0.7336101 0
vt 0.38528576 0.7630407 0
vt 0.5138414 0.9879281 0
vt 0.5237533 0.9762441 0
vt 0.5292005 0.9988964 0
vt 0.41271502 0.7785434 0
vt 0.3975039 0.7892023 0
vt 0.54152393 0.9559751 0
vt 0.55656266 0.9415272 0
vt 0.5733413 0.95040685 0
vt 0.579725 0.93326944 0
vt 0.5624642 0.9180284 0
vt 0.39317983 0.72983855 0
vt 0.40371725 0.72638226 0
vt 0.4025753 0.7393208 0
vt 0.4969373 0.98066765 0
vt 0.47305074 0.98941606 0
vt 0.48003712 0.97580665 0
vt 0.491857 0.84131664 0
vt 0.4978401 0.822919 0
vt 0.55355257 0.97460264 0
vt 0.49442288 0.91391206 0
vt 0.4774853 0.9215284 0
vt 0.507959 0.8628956 0
vt 0.5225357 0.8715802 0
vt 0.5115627 0.8820367 0
vt 0.5086214 0.8138853 0
vt 0.50779283 0.7938061 0
vt 0.52081126 0.80570424 0
vt 0.44640428 0.8299661 0
vt 0.4298871 0.84025663 0
vt 0.4378289 0.821773 0
vt 0.51089543 0.9015911 0
vt 0.5243239 0.88676894 0
vt 0.52878153 0.9029061 0
vt 0.5912506 0.9670142 0
vt 0.5604645 0.99867356 0
vt 0.51072675 0.9270152 0
vt 0.54007983 0.9247342 0
vt 0.43242064 0.80867326 0
vt 0.42126715 0.81838506 0
vt 0.4935927 0.807445 0
vt 0.4705191 0.8418637 0
vt 0.47286853 0.85477763 0
vt 0.4857851 0.82034767 0
vt 0.41705903 0.7971067 0
vt 0.5151007 0.95578784 0
vt 0.42347518 0.78308904 0
vt 0.46484962 0.8851119 0
vt 0.47946718 0.8813054 0
vt 0.47039342 0.89388317 0
vt 0.5334095 0.86881405 0
vt 0.5353559 0.85291 0
vt 0.54687625 0.8705857 0
vt 0.4806488 0.90074 0
vt 0.45847175 0.8707337 0
vt 0.45793787 0.85321945 0
vt 0.40526053 0.85495377 0
vt 0.42241558 0.85027397 0
vt 0.41860956 0.8657346 0
vt 0.4302743 0.7958303 0
vt 0.49570778 0.8926222 0
vt 0.3884607 0.92518777 0
vt 0.38900077 0.9019316 0
vt 0.52231663 0.8183338 0
vt 0.4954547 0.87664294 0
vt 0.44015974 0.9585506 0
vt 0.42965543 0.77452606 0
vt 0.40338856 0.80897325 0
vt 0.46376655 0.9696284 0
vt 0.51155096 0.9998337 0
vt 0.49345168 0.9668638 0
vt 0.42803204 0.85612893 0
vt 0.45028654 0.98036474 0
vt 0.43704337 0.86683637 0
vt 0.44644704 0.8457908 0
vt 0.45862958 0.83634174 0
vt 0.48717758 0.8636017 0
vt 0.4737373 0.8676098 0
vt 0.404254 0.8308895 0
vt 0.4809739 0.96415085 0
vt 0.40251133 0.88018376 0
vt 0.40024796 0.96443975 0
vt 0.41563708 0.95892966 0
vt 0.42086095 0.98045164 0
vt 0.41716242 0.84387004 0
vt 0.53643763 0.88097143 0
vt 0.42971876 0.9128983 0
vt 0.585647 0.8511817 0
vt 0.59280884 0.8351863 0
vt 0.5982574 0.85684913 0
vt 0.59819615 0.7581312 0
vt 0.5944475 0.74638087 0
vt 0.6023947 0.7480155 0
vt 0.5997855 0.83006394 0
vt 0.60646474 0.82882315 0
vt 0.6076186 0.8430619 0
vt 0.6000291 0.73405707 0
vt 0.6098553 0.67383397 0
vt 0.6066921 0.6664494 0
vt 0.614004 0.67768925 0
vt 0.61353683 0.66736317 0
vt 0.5978472 0.8224244 0
vt 0.609336 0.68688387 0
vt 0.58931947 0.7995059 0
vt 0.59661406 0.80915207 0
vt 0.5888461 0.8177599 0
vt 0.61860925 0.8355342 0
vt 0.6155551 0.82310635 0
vt 0.611816 0.7016595 0
vt 0.6102887 0.7130509 0
vt 0.6076849 0.7091918 0
vt 0.6170935 0.6904443 0
vt 0.6230762 0.68400645 0
vt 0.60422397 0.69656426 0
vt 0.60148305 0.80076605 0
vt 0.6046937 0.8142262 0
vt 0.60837734 0.75375867 0
vt 0.580293 0.83213454 0
vt 0.60753125 0.7943808 0
vt 0.62229574 0.7041154 0
vt 0.590816 0.7249487 0
vt 0.6016448 0.7224441 0
vt 0.61618227 0.7183444 0
vt 0.60659343 0.7212496 0
vt 0.609146 0.7326338 0
vt 0.608237 0.7418112 0
vt 0.6028713 0.7724984 0
vt 0.6190271 0.75756013 0
vt 0.62041897 0.77600664 0
vt 0.6245539 0.72015 0
vt 0.6184673 0.73715645 0
vt 0.29871112 0.85280794 0
vt 0.31565654 0.8151881 0
vt 0.3218179 0.8471234 0
vt 0.2882602 0.8958035 0
vt 0.29542482 0.80185705 0
vt 0.27189448 0.83978266 0
vt 0.27081317 0.8168098 0
vt 0.3271345 0.71633774 0
vt 0.34720546 0.696889 0
vt 0.34740236 0.72758055 0
vt 0.2939633 0.8306316 0
vt 0.3043243 0.8148493 0
vt 0.37278306 0.582746 0
vt 0.38107222 0.61147547 0
vt 0.34798852 0.5851159 0
vt 0.3199191 0.6926534 0
vt 0.32797548 0.7827505 0
vt 0.33408767 0.7981391 0
vt 0.27084783 0.79556423 0
vt 0.35460314 0.6144528 0
vt 0.34691444 0.77758944 0
vt 0.3412197 0.62701523 0
vt 0.32703865 0.5922744 0
vt 0.31437606 0.7905878 0
vt 0.27193427 0.73033714 0
vt 0.29951566 0.72020024 0
vt 0.29516453 0.7450255 0
vt 0.31086436 0.7688661 0
vt 0.33515808 0.75703925 0
vt 0.32197922 0.7406122 0
vt 0.28341857 0.8534158 0
vt 0.33408025 0.54483384 0
vt 0.2738724 0.75986904 0
vt 0.34474394 0.66352415 0
vt 0.36249977 0.6730821 0
vt 0.32157552 0.6399724 0
vt 0.38110578 0.5447591 0
vt 0.38380218 0.568301 0
vt 0.36654693 0.6433062 0
vt 0.32038552 0.6667028 0
vt 0.28019494 0.6616444 0
vt 0.3909931 0.58942026 0
vt 0.36257133 0.5250009 0
vt 0.3927969 0.5237348 0
vt 0.3098933 0.65042484 0
vt 0.27081317 0.70701045 0
vt 0.28034922 0.6890258 0
vt 0.38148642 0.513315 0
vt 0.2995322 0.6018457 0
vt 0.33378774 0.8191845 0
vt 0.4006086 0.68168896 0
vt 0.40652698 0.6859022 0
vt 0.40020886 0.69454587 0
vt 0.38904333 0.6835886 0
vt 0.3859286 0.6954261 0
vt 0.39196005 0.71647704 0
vt 0.39915866 0.70994323 0
vt 0.41203162 0.708152 0
vt 0.39093712 0.7019752 0
vt 0.38188556 0.7126971 0
vt 0.45379502 0.7153984 0
vt 0.43293297 0.70725036 0
vt 0.44910035 0.6924978 0
vt 0.41899252 0.6168652 0
vt 0.42143187 0.6365068 0
vt 0.40819234 0.6233691 0
vt 0.44810688 0.67887646 0
vt 0.44758296 0.6631139 0
vt 0.46072176 0.6760552 0
vt 0.46122286 0.4676314 0
vt 0.43838698 0.4892154 0
vt 0.43045807 0.4676314 0
vt 0.45325235 0.5016714 0
vt 0.4590143 0.48837835 0
vt 0.46741617 0.5019067 0
vt 0.41722342 0.48680064 0
vt 0.42480943 0.51778245 0
vt 0.4409161 0.5110498 0
vt 0.43283424 0.525764 0
vt 0.4436866 0.52745074 0
vt 0.4275873 0.54372144 0
vt 0.3923519 0.86686444 0
vt 0.38168272 0.88154477 0
vt 0.4444952 0.54584205 0
vt 0.42438558 0.60758364 0
vt 0.43377084 0.6032348 0
vt 0.43049547 0.616947 0
vt 0.36459833 0.91159385 0
vt 0.40902868 0.67637265 0
vt 0.39713687 0.66684115 0
vt 0.40808654 0.66453993 0
vt 0.41563103 0.56418383 0
vt 0.41067386 0.54289997 0
vt 0.36350483 0.87953913 0
vt 0.4347667 0.5706614 0
vt 0.37918654 0.8335008 0
vt 0.38106278 0.82242846 0
vt 0.38788465 0.83367026 0
vt 0.3839757 0.86358607 0
vt 0.38754407 0.8527194 0
vt 0.36644894 0.9352307 0
vt 0.3826329 0.9412579 0
vt 0.3744086 0.8633841 0
vt 0.3769723 0.94741124 0
vt 0.4634952 0.5071117 0
vt 0.4127468 0.69084346 0
vt 0.426795 0.5943543 0
vt 0.41523927 0.5866588 0
vt 0.38452467 0.8412961 0
vt 0.37341362 0.84594685 0
vt 0.34465984 0.9100278 0
vt 0.34408972 0.8793166 0
vt 0.46613964 0.6924099 0
vt 0.32613286 0.901073 0
vt 0.4442059 0.6073928 0
vt 0.44179147 0.5911599 0
vt 0.3557591 0.8568785 0
vt 0.37240452 0.8063911 0
vt 0.357999 0.8052313 0
vt 0.36491022 0.799329 0
vt 0.41363427 0.605659 0
vt 0.4186099 0.6091701 0
vt 0.3431772 0.8368915 0
vt 0.43123692 0.6690137 0
vt 0.4362322 0.68378675 0
vt 0.42196086 0.6790436 0
vt 0.33089897 0.86878455 0
vt 0.36364776 0.8332545 0
vt 0.41896978 0.7262648 0
vt 0.42133862 0.73712635 0
vt 0.42978796 0.65537417 0
vt 0.4220588 0.66535145 0
vt 0.35207874 0.8209601 0
vt 0.3625136 0.8173277 0
vt 0.49968934 0.6375288 0
vt 0.4777096 0.65666324 0
vt 0.48015347 0.6276276 0
vt 0.4421841 0.64312863 0
vt 0.47497967 0.677921 0
vt 0.46365243 0.6123314 0
vt 0.4616655 0.63886523 0
vt 0.37101904 0.7498593 0
vt 0.37125158 0.6953392 0
vt 0.43425864 0.7246774 0
vt 0.44276243 0.6254665 0
vt 0.3678017 0.72716993 0
vt 0.3558991 0.7504899 0
vt 0.41547126 0.66835785 0
vt 0.42314196 0.6948167 0
vt 0.4517403 0.6317138 0
vt 0.35098374 0.81200093 0
vt 0.34410587 0.8176206 0
vt 0.3460089 0.8019577 0
vt 0.4554534 0.5924406 0
vt 0.3587475 0.7901317 0
vt 0.40422502 0.63730985 0
vt 0.41620195 0.65665525 0
vt 0.40537563 0.6513495 0
vt 0.39037877 0.64403504 0
vt 0.42837426 0.73382163 0
vt 0.36597994 0.7701461 0
vt 0.37960064 0.6665714 0
vt 0.49182984 0.679215 0
vt 0.4931807 0.7031447 0
vt 0.48064137 0.69093674 0
vt 0.4261971 0.74583536 0
vt 0.5624607 0.85351276 0
vt 0.55885965 0.8329851 0
vt 0.5497697 0.81403524 0
vt 0.5334005 0.81403655 0
vt 0.5383113 0.8004254 0
vt 0.55351007 0.75397307 0
vt 0.55592066 0.7349903 0
vt 0.56776744 0.7426401 0
vt 0.57177365 0.76885974 0
vt 0.52415013 0.792355 0
vt 0.4383317 0.7904668 0
vt 0.44455296 0.78774166 0
vt 0.4477254 0.8010725 0
vt 0.4562539 0.803611 0
vt 0.45644963 0.81863385 0
vt 0.5518034 0.7740805 0
vt 0.5618592 0.7931339 0
vt 0.5367901 0.78324986 0
vt 0.45094216 0.7910804 0
vt 0.43752804 0.7805102 0
vt 0.5452181 0.72615755 0
vt 0.5552866 0.71725017 0
vt 0.44261065 0.7382583 0
vt 0.5500519 0.7439522 0
vt 0.5457172 0.7365719 0
vt 0.45057416 0.77517486 0
vt 0.4635696 0.7805981 0
vt 0.4602318 0.79453075 0
vt 0.4907276 0.78645396 0
vt 0.5402127 0.7159282 0
vt 0.5463492 0.70283955 0
vt 0.52571374 0.67490387 0
vt 0.5474906 0.6757039 0
vt 0.5386596 0.68952495 0
vt 0.5198021 0.7757579 0
vt 0.53702813 0.76565135 0
vt 0.5034842 0.7765382 0
vt 0.44453683 0.7802004 0
vt 0.4371262 0.77291894 0
vt 0.53699464 0.7463412 0
vt 0.49942344 0.744721 0
vt 0.50454384 0.7234041 0
vt 0.51718134 0.7406563 0
vt 0.47581586 0.8001825 0
vt 0.4642696 0.8090511 0
vt 0.52472067 0.7060311 0
vt 0.52124304 0.6888983 0
vt 0.47022372 0.7248702 0
vt 0.47510675 0.7073879 0
vt 0.5305152 0.72797674 0
vt 0.52426314 0.75718415 0
vt 0.5069371 0.69327116 0
vt 0.50921607 0.6766795 0
vt 0.49338022 0.76481575 0
vt 0.47657704 0.7702853 0
vt 0.48529917 0.74992025 0
vt 0.5094188 0.75967145 0
vt 0.4377014 0.75893813 0
vt 0.51546943 0.7181849 0
vt 0.5167556 0.72750974 0
vt 0.45702025 0.75772357 0
vt 0.4722064 0.7442243 0
vt 0.50859886 0.7092135 0
vt 0.45875973 0.735918 0
vt 0.48607475 0.72795105 0
vt 0.4409456 0.8010876 0
vt 0.54469335 0.89161706 0
vt 0.5645325 0.87673175 0
vt 0.5550465 0.899999 0
vt 0.57013476 0.8992919 0
vt 0.5861592 0.87844384 0
vt 0.6006814 0.8913592 0
vt 0.6013216 0.9115401 0
vt 0.58727247 0.9003388 0
vt 0.6155075 0.87152386 0
vt 0.60069025 0.92582613 0
vt 0.5752713 0.91670996 0
vt 0.62051535 0.8968802 0
vt 0.5945225 0.9133984 0
vt 0.40029892 0.61372006 0
vt 0.40153268 0.5808863 0
vt 0.39809868 0.5986406 0
vt 0.4037864 0.56019837 0
vt 0.40320855 0.5094541 0
vt 0.39056057 0.5071189 0
vt 0.40215743 0.53615516 0
vt 0.398177 0.6264925 0
vt 0.4104858 0.5204552 0
vt 0.39772123 0.4676316 0
vt 0.37543276 0.47284138 0
vt 0.38458264 0.80062413 0
vt 0.3929416 0.8037216 0
vt 0.38659072 0.80966175 0
vt 0.39526537 0.80965996 0
vt 0.37463632 0.7892162 0
vt 0.3935456 0.815657 0
vt 0.39319846 0.84008515 0
vt 0.57700783 0.5049115 0
vt 0.5772403 0.48350388 0
vt 0.5894743 0.48704967 0
vt 0.43251005 0.7826472 0
vt 0.59017855 0.55898404 0
vt 0.60724854 0.55126566 0
vt 0.6048246 0.571516 0
vt 0.5657473 0.7243681 0
vt 0.5917821 0.57710713 0
vt 0.6023362 0.5881802 0
vt 0.61446434 0.5892239 0
vt 0.57155675 0.7112003 0
vt 0.5908825 0.5929 0
vt 0.5784535 0.5847735 0
vt 0.6128217 0.6009992 0
vt 0.5605749 0.70091414 0
vt 0.57796735 0.7228583 0
vt 0.58037525 0.7048529 0
vt 0.59865177 0.60333204 0
vt 0.5862189 0.60169846 0
vt 0.5743955 0.5989611 0
vt 0.555155 0.6909382 0
vt 0.5717462 0.6978978 0
vt 0.56617624 0.6855124 0
vt 0.5794604 0.68442506 0
vt 0.584847 0.61581165 0
vt 0.55295104 0.5958044 0
vt 0.5700776 0.6125514 0
vt 0.5856263 0.69303143 0
vt 0.5799937 0.6514933 0
vt 0.5870095 0.6641466 0
vt 0.57620716 0.66226006 0
vt 0.5641143 0.6267538 0
vt 0.549201 0.611944 0
vt 0.54950356 0.6603961 0
vt 0.5643767 0.6740851 0
vt 0.610322 0.61326814 0
vt 0.5983253 0.6247883 0
vt 0.5799187 0.6266357 0
vt 0.5851083 0.6336312 0
vt 0.5764964 0.6378986 0
vt 0.6046333 0.6422609 0
vt 0.59306455 0.6441725 0
vt 0.5951358 0.6568261 0
vt 0.61037743 0.62219065 0
vt 0.5632942 0.645845 0
vt 0.56540334 0.65991944 0
vt 0.578207 0.67184424 0
vt 0.6089536 0.63124514 0
vt 0.49896395 0.6189486 0
vt 0.56644434 0.58106536 0
vt 0.55263245 0.5804334 0
vt 0.55528593 0.56925786 0
vt 0.52856135 0.6490337 0
vt 0.53407824 0.6351139 0
vt 0.54473627 0.6478375 0
vt 0.5657191 0.59087664 0
vt 0.57231253 0.5684352 0
vt 0.52393353 0.64226395 0
vt 0.51626766 0.5799258 0
vt 0.5257003 0.5956869 0
vt 0.5110967 0.59892064 0
vt 0.52046627 0.63306737 0
vt 0.4895809 0.59498936 0
vt 0.50648975 0.58486456 0
vt 0.5417986 0.5862478 0
vt 0.54181075 0.6228011 0
vt 0.5308849 0.623655 0
vt 0.5341482 0.6133996 0
vt 0.5368853 0.5976447 0
vt 0.5488692 0.55266076 0
vt 0.5717378 0.55114096 0
vt 0.52246594 0.61827683 0
vt 0.52538466 0.6257696 0
vt 0.5432166 0.5725097 0
vt 0.4806465 0.6113559 0
vt 0.5262465 0.60622185 0
vt 0.53098845 0.5705546 0
vt 0.5323401 0.58438677 0
vt 0.5081952 0.5625265 0
vt 0.55940604 0.48770478 0
vt 0.55772686 0.47163036 0
vt 0.49740157 0.4790898 0
vt 0.49132472 0.49561813 0
vt 0.47532648 0.48057088 0
vt 0.47358093 0.49635515 0
vt 0.5021679 0.49656087 0
vt 0.54677933 0.49732116 0
vt 0.5595484 0.5051567 0
vt 0.5435056 0.5158399 0
vt 0.542077 0.47689918 0
vt 0.5355807 0.52862394 0
vt 0.52557856 0.51678604 0
vt 0.5310229 0.49456117 0
vt 0.5422413 0.5332628 0
vt 0.5273815 0.5544045 0
vt 0.510614 0.5055678 0
vt 0.5042734 0.51027787 0
vt 0.49210393 0.5177065 0
vt 0.5098268 0.532353 0
vt 0.502304 0.521176 0
vt 0.49821225 0.53885233 0
vt 0.46472794 0.52746016 0
vt 0.4669098 0.514255 0
vt 0.47407225 0.5228454 0
vt 0.4773877 0.53588945 0
vt 0.47398812 0.51192826 0
vt 0.5750217 0.81158876 0
vt 0.5820991 0.74215454 0
vt 0.5874914 0.7591473 0
vt 0.5844485 0.7812597 0
vt 0.5921938 0.7820131 0
vt 0.5807939 0.7888268 0
vt 0.47276154 0.5816369 0
vt 0.45537457 0.57416844 0
vt 0.46823186 0.54601586 0
vt 0.45418265 0.5582583 0
vt 0.48058105 0.5565711 0
vt 0.4625474 0.539161 0
vt 0.4694776 0.53488576 0
vt 0.48870525 0.5768935 0
vt 0.47190335 0.8249986 0
vt 0.44310766 0.81335944 0
vt 0.43716344 0.8058589 0
vt 0.45987314 0.51534224 0
vt 0.59464127 0.5221748 0
vt 0.5983991 0.5061612 0
vt 0.60154176 0.49476296 0
vt 0.6025626 0.4986429 0
vt 0.57919574 0.5206186 0
vt 0.59102654 0.537822 0
vt 0.55417717 0.6509648 0
vt 0.53523 0.66026473 0
vt 0.5020793 0.6505843 0
vt 0.4996064 0.6616492 0
vt 0.5119152 0.64551675 0
vt 0.5084786 0.6409967 0
vt 0.51334846 0.6574145 0
vt 0.6004994 0.79004455 0
vt 0.5988086 0.77891374 0
vt 0.5934943 0.7675496 0
vt 0.6031257 0.71532655 0
vt 0.5987521 0.7080689 0
vt 0.5910577 0.7053897 0
vt 0.59365517 0.6785771 0
vt 0.5964376 0.6920986 0
vt 0.6125418 0.65130275 0
vt 0.60553986 0.6571209 0
vt 0.604789 0.6806132 0
vt 0.5988371 0.6687852 0
vt 0.5148897 0.48818275 0
vt 0.52171457 0.47045964 0
vt 0.5318581 0.48083058 0
vt 0.5539964 0.532866 0
vt 0.57625055 0.53688914 0
vt 0.5610121 0.5207831 0
vt 0.5312504 0.53845286 0
vt 0.5520212 0.6332698 0
vt 0.5531327 0.6245678 0
# 3254 texture coords

usemtl Texture
s 1
f 1518/2/1518 525/4/525 527/5/527
f 1857/1/1857 1518/2/1518 1860/3/1860
f 1518/2/1518 527/5/527 538/6/538
f 525/4/525 1518/2/1518 1857/1/1857
f 498/7/498 513/11/513 1155/10/1155
f 498/7/498 510/8/510 691/9/691
f 181/12/181 534/13/534 504/14/504
f 1155/10/1155 1581/15/1581 510/8/510
f 504/14/504 529/16/529 1155/10/1155
f 529/16/529 504/14/504 534/13/534
f 1155/10/1155 513/11/513 504/14/504
f 181/12/181 504/14/504 45/17/45
f 45/17/45 504/14/504 513/11/513
f 510/8/510 498/7/498 1155/10/1155
f 1581/15/1581 1155/10/1155 529/16/529
f 1823/18/1823 2412/19/2412 1736/20/1736
f 1736/20/1736 1796/21/1796 1823/18/1823
f 2344/37/2344 1506/39/1506 1796/21/1796
f 1796/21/1796 1506/39/1506 1823/18/1823
f 2344/37/2344 1500/32/1500 1506/39/1506
f 1744/38/1744 1823/18/1823 1506/39/1506
f 1796/21/1796 1736/20/1736 1835/22/1835
f 1500/32/1500 1743/34/1743 1744/38/1744
f 1500/32/1500 1744/38/1744 1506/39/1506
f 1588/33/1588 1500/32/1500 1873/36/1873
f 1500/32/1500 2344/37/2344 1873/36/1873
f 2545/23/2545 1961/24/1961 1954/25/1954
f 1588/33/1588 1616/30/1616 1743/34/1743
f 1588/33/1588 1878/27/1878 1616/30/1616
f 1588/33/1588 1873/36/1873 1889/35/1889
f 1878/27/1878 1954/25/1954 2159/28/2159
f 2545/23/2545 1954/25/1954 1878/27/1878
f 2220/31/2220 1646/29/1646 1954/25/1954
f 1878/27/1878 1588/33/1588 1889/35/1889
f 1712/26/1712 1878/27/1878 2159/28/2159
f 2159/28/2159 1954/25/1954 1646/29/1646
f 1878/27/1878 1712/26/1712 1616/30/1616
f 2220/31/2220 1954/25/1954 1961/24/1961
f 1500/32/1500 1588/33/1588 1743/34/1743
f 521/52/521 520/53/520 518/45/518
f 522/54/522 741/44/741 704/48/704
f 538/43/538 527/55/527 704/48/704
f 532/49/532 523/46/523 530/56/530
f 741/44/741 532/49/532 518/45/518
f 1129/57/1129 532/49/532 530/56/530
f 1552/40/1552 524/42/524 523/46/523
f 1129/57/1129 521/52/521 532/49/532
f 522/54/522 526/58/526 691/59/691
f 770/47/770 1205/51/1205 523/46/523
f 741/44/741 1581/50/1581 1552/40/1552
f 532/49/532 521/52/521 518/45/518
f 523/46/523 532/49/532 1552/40/1552
f 510/60/510 522/54/522 691/59/691
f 741/44/741 1552/40/1552 532/49/532
f 741/44/741 538/43/538 704/48/704
f 523/46/523 524/42/524 770/47/770
f 527/55/527 526/58/526 522/54/522
f 704/48/704 527/55/527 522/54/522
f 538/43/538 741/44/741 518/45/518
f 1552/40/1552 529/41/529 524/42/524
f 510/60/510 1581/50/1581 522/54/522
f 538/43/538 518/45/518 520/53/520
f 1581/50/1581 741/44/741 522/54/522
f 529/41/529 1552/40/1552 1581/50/1581
f 948/77/948 959/73/959 943/69/943
f 943/69/943 1464/70/1464 289/68/289
f 295/64/295 296/75/296 291/65/291
f 292/72/292 296/75/296 297/67/297
f 1464/70/1464 1379/66/1379 289/68/289
f 289/68/289 297/67/297 943/69/943
f 291/65/291 294/61/294 293/63/293
f 2250/71/2250 943/69/943 959/73/959
f 291/65/291 297/67/297 289/68/289
f 1379/66/1379 294/61/294 291/65/291
f 2250/71/2250 1160/74/1160 290/76/290
f 296/75/296 292/72/292 291/65/291
f 293/63/293 295/64/295 291/65/291
f 293/63/293 1429/62/1429 295/64/295
f 294/61/294 1429/62/1429 293/63/293
f 959/73/959 1160/74/1160 2250/71/2250
f 297/67/297 291/65/291 292/72/292
f 1085/79/1085 722/81/722 1082/80/1082
f 1169/78/1169 296/75/296 295/64/295
f 295/64/295 1085/79/1085 1082/80/1082
f 289/68/289 1379/66/1379 291/65/291
f 295/64/295 1082/80/1082 1169/78/1169
f 295/64/295 1429/62/1429 1085/79/1085
f 290/76/290 1464/70/1464 2250/71/2250
f 943/69/943 297/67/297 948/77/948
f 1464/70/1464 943/69/943 2250/71/2250
f 1169/78/1169 297/67/297 296/75/296
f 1033/94/1033 1109/95/1109 1933/96/1933
f 2287/99/2287 1919/86/1919 1380/85/1380
f 1107/89/1107 1108/93/1108 1109/95/1109
f 1922/87/1922 1109/95/1109 1254/91/1254
f 1254/91/1254 1033/94/1033 2337/83/2337
f 1912/92/1912 1108/93/1108 1343/88/1343
f 1967/82/1967 1254/91/1254 2337/83/2337
f 1967/82/1967 2337/83/2337 2336/84/2336
f 3/101/3 1913/102/1913 1108/93/1108
f 1967/82/1967 1380/85/1380 1919/86/1919
f 1254/91/1254 1921/90/1921 1922/87/1922
f 1919/86/1919 1921/90/1921 1967/82/1967
f 1921/90/1921 1919/86/1919 1343/88/1343
f 1973/100/1973 1923/97/1923 2287/99/2287
f 1921/90/1921 1254/91/1254 1967/82/1967
f 1922/87/1922 1921/90/1921 1343/88/1343
f 1343/88/1343 1919/86/1919 1923/97/1923
f 1922/87/1922 1343/88/1343 1107/89/1107
f 1923/97/1923 1919/86/1919 2287/99/2287
f 1376/103/1376 1109/95/1109 1108/93/1108
f 1107/89/1107 1343/88/1343 1108/93/1108
f 1922/87/1922 1107/89/1107 1109/95/1109
f 1109/95/1109 1376/103/1376 1933/96/1933
f 1343/88/1343 1923/97/1923 1916/98/1916
f 1254/91/1254 1109/95/1109 1033/94/1033
f 1916/98/1916 1912/92/1912 1343/88/1343
f 1376/103/1376 1108/93/1108 1913/102/1913
f 1967/82/1967 2336/84/2336 1380/85/1380
f 1400/105/1400 2330/104/2330 1437/107/1437
f 1438/113/1438 1441/117/1441 1440/114/1440
f 2331/111/2331 2333/123/2333 1375/121/1375
f 2330/104/2330 1400/105/1400 1390/106/1390
f 1437/107/1437 1398/120/1398 1400/105/1400
f 290/116/290 1438/113/1438 1381/110/1381
f 1393/118/1393 1390/106/1390 1400/105/1400
f 1437/107/1437 1379/108/1379 1381/110/1381
f 1375/121/1375 1398/120/1398 1437/107/1437
f 1437/107/1437 2330/104/2330 1379/108/1379
f 2333/123/2333 1403/124/1403 1375/121/1375
f 2074/126/2074 1403/124/1403 2333/123/2333
f 1441/117/1441 1438/113/1438 290/116/290
f 1390/106/1390 1393/118/1393 1421/119/1421
f 1421/119/1421 1393/118/1393 1514/122/1514
f 1419/112/1419 1440/114/1440 1423/127/1423
f 2074/126/2074 2333/123/2333 2331/111/2331
f 2331/111/2331 1373/125/1373 2074/126/2074
f 1373/125/1373 2331/111/2331 1419/112/1419
f 1437/107/1437 2331/111/2331 1375/121/1375
f 1464/115/1464 290/116/290 1381/110/1381
f 1398/120/1398 1375/121/1375 1514/122/1514
f 1464/115/1464 1381/110/1381 1379/108/1379
f 1438/113/1438 1440/114/1440 1419/112/1419
f 1419/112/1419 1423/127/1423 1373/125/1373
f 1514/122/1514 1375/121/1375 1403/124/1403
f 1438/113/1438 1419/112/1419 1381/110/1381
f 2331/111/2331 1381/110/1381 1419/112/1419
f 1398/120/1398 1514/122/1514 1393/118/1393
f 1398/120/1398 1393/118/1393 1400/105/1400
f 1381/110/1381 2331/111/2331 1437/107/1437
f 1379/108/1379 2330/104/2330 294/109/294
f 1981/144/1981 2131/150/2131 1971/147/1971
f 1200/138/1200 1372/132/1372 1286/135/1286
f 1235/153/1235 1236/152/1236 1237/151/1237
f 111/146/111 1211/145/1211 1245/139/1245
f 1981/144/1981 1199/140/1199 1366/148/1366
f 1971/147/1971 1276/136/1276 1981/144/1981
f 1200/138/1200 1981/144/1981 1276/136/1276
f 2020/141/2020 1366/148/1366 1199/140/1199
f 1211/145/1211 2020/141/2020 1245/139/1245
f 1973/149/1973 1237/151/1237 1236/152/1236
f 1927/142/1927 111/146/111 1245/139/1245
f 1200/138/1200 1199/140/1199 1981/144/1981
f 2020/141/2020 1286/135/1286 1245/139/1245
f 2287/143/2287 1276/136/1276 1971/147/1971
f 1245/139/1245 1970/133/1970 1927/142/1927
f 2020/141/2020 1199/140/1199 1286/135/1286
f 1981/144/1981 1366/148/1366 2131/150/2131
f 1245/139/1245 1286/135/1286 1970/133/1970
f 1047/131/1047 1286/135/1286 1372/132/1372
f 1276/136/1276 1380/137/1380 1277/134/1277
f 2336/130/2336 1372/132/1372 1277/134/1277
f 1973/149/1973 2287/143/2287 1971/147/1971
f 1286/135/1286 1199/140/1199 1200/138/1200
f 1047/131/1047 1970/133/1970 1286/135/1286
f 1047/131/1047 1372/132/1372 2336/130/2336
f 1047/131/1047 1940/129/1940 1970/133/1970
f 1276/136/1276 1277/134/1277 1372/132/1372
f 1237/151/1237 1973/149/1973 1971/147/1971
f 1235/153/1235 1910/154/1910 1236/152/1236
f 2287/143/2287 1380/137/1380 1276/136/1276
f 1047/131/1047 2336/130/2336 1940/129/1940
f 1276/136/1276 1372/132/1372 1200/138/1200
f 2337/128/2337 1940/129/1940 2336/130/2336
f 1380/137/1380 2336/130/2336 1277/134/1277
f 630/177/630 651/176/651 648/174/648
f 1797/157/1797 1815/158/1815 640/155/640
f 1830/171/1830 1815/158/1815 1816/160/1816
f 648/174/648 651/176/651 649/175/649
f 457/156/457 1170/162/1170 1797/157/1797
f 578/173/578 648/174/648 649/175/649
f 649/175/649 651/176/651 631/178/631
f 459/172/459 1170/162/1170 457/156/457
f 459/172/459 396/164/396 1170/162/1170
f 1808/170/1808 1828/167/1828 1816/160/1816
f 1828/167/1828 1808/170/1808 1812/168/1812
f 1170/162/1170 564/161/564 1797/157/1797
f 1828/167/1828 1812/168/1812 647/169/647
f 1816/160/1816 27/159/27 448/166/448
f 396/164/396 28/165/28 1170/162/1170
f 564/161/564 1170/162/1170 30/163/30
f 564/161/564 27/159/27 1815/158/1815
f 30/163/30 27/159/27 564/161/564
f 1828/167/1828 647/169/647 1219/179/1219
f 564/161/564 1815/158/1815 1797/157/1797
f 640/155/640 457/156/457 1797/157/1797
f 650/182/650 1817/183/1817 1830/171/1830
f 1219/179/1219 650/182/650 1829/180/1829
f 30/163/30 1170/162/1170 28/165/28
f 631/178/631 650/182/650 665/181/665
f 1815/158/1815 27/159/27 1816/160/1816
f 1817/183/1817 651/176/651 630/177/630
f 1828/167/1828 1829/180/1829 1816/160/1816
f 1219/179/1219 665/181/665 650/182/650
f 1219/179/1219 1829/180/1829 1828/167/1828
f 1817/183/1817 650/182/650 651/176/651
f 650/182/650 1830/171/1830 1829/180/1829
f 650/182/650 631/178/631 651/176/651
f 1816/160/1816 448/166/448 1808/170/1808
f 1816/160/1816 1829/180/1829 1830/171/1830
f 1923/191/1923 1898/193/1898 2325/190/2325
f 1357/187/1357 2325/190/2325 1915/188/1915
f 1896/194/1896 1931/192/1931 1898/193/1898
f 1882/206/1882 1/207/1 1930/205/1930
f 2325/190/2325 1931/192/1931 1915/188/1915
f 1/207/1 1963/208/1963 1909/200/1909
f 1890/204/1890 1/207/1 1909/200/1909
f 1931/192/1931 2325/190/2325 1898/193/1898
f 1916/189/1916 1923/191/1923 2325/190/2325
f 1917/195/1917 1898/193/1898 1908/196/1908
f 1357/187/1357 1916/189/1916 2325/190/2325
f 1/207/1 1882/206/1882 1911/209/1911
f 1916/189/1916 1357/187/1357 1912/185/1912
f 1911/209/1911 1963/208/1963 1/207/1
f 1909/200/1909 1963/208/1963 2/201/2
f 1890/204/1890 1930/205/1930 1/207/1
f 1931/192/1931 1882/206/1882 1930/205/1930
f 1890/204/1890 1909/200/1909 1520/203/1520
f 1915/188/1915 1931/192/1931 1930/205/1930
f 1915/188/1915 1358/186/1358 1357/187/1357
f 1520/203/1520 1909/200/1909 1108/184/1108
f 1882/206/1882 1931/192/1931 1896/194/1896
f 1908/196/1908 1910/197/1910 1917/195/1917
f 1930/205/1930 1890/204/1890 1915/188/1915
f 1357/187/1357 1358/186/1358 1912/185/1912
f 1915/188/1915 1890/204/1890 1358/186/1358
f 1910/197/1910 1908/196/1908 1236/198/1236
f 1520/203/1520 1358/186/1358 1890/204/1890
f 1108/184/1108 1358/186/1358 1520/203/1520
f 3/202/3 1108/184/1108 1909/200/1909
f 1909/200/1909 2/201/2 3/202/3
f 1236/198/1236 1923/191/1923 1973/199/1973
f 1923/191/1923 1236/198/1236 1908/196/1908
f 1896/194/1896 1898/193/1898 1917/195/1917
f 1108/184/1108 1912/185/1912 1358/186/1358
f 1898/193/1898 1923/191/1923 1908/196/1908
f 1141/213/1141 2060/214/2060 1106/210/1106
f 2132/236/2132 2211/239/2211 2124/238/2124
f 2091/232/2091 2124/238/2124 2211/239/2211
f 2002/237/2002 2163/217/2163 2135/233/2135
f 2066/230/2066 2053/240/2053 2172/231/2172
f 1591/223/1591 1635/224/1635 1961/225/1961
f 2095/222/2095 2211/239/2211 2019/242/2019
f 1591/223/1591 1516/227/1516 1635/224/1635
f 607/221/607 2124/238/2124 2091/232/2091
f 2106/229/2106 2687/234/2687 2002/237/2002
f 2132/236/2132 2019/242/2019 2211/239/2211
f 1411/228/1411 2135/233/2135 2163/217/2163
f 2002/237/2002 2124/238/2124 2163/217/2163
f 2687/234/2687 2112/235/2112 2002/237/2002
f 2172/231/2172 2103/241/2103 2687/234/2687
f 1591/223/1591 2103/241/2103 2053/240/2053
f 1635/224/1635 2220/226/2220 1961/225/1961
f 2002/237/2002 2135/233/2135 2106/229/2106
f 2135/233/2135 2066/230/2066 2106/229/2106
f 2095/222/2095 607/221/607 2091/232/2091
f 1145/212/1145 1141/213/1141 1106/210/1106
f 2106/229/2106 2066/230/2066 2172/231/2172
f 2095/222/2095 2091/232/2091 2211/239/2211
f 1516/227/1516 1591/223/1591 2053/240/2053
f 2002/237/2002 2132/236/2132 2124/238/2124
f 2112/235/2112 2132/236/2132 2002/237/2002
f 1141/213/1141 1976/215/1976 1140/216/1140
f 1141/213/1141 1145/212/1145 1976/215/1976
f 1976/215/1976 2613/218/2613 1132/220/1132
f 2106/229/2106 2172/231/2172 2687/234/2687
f 1411/228/1411 2163/217/2163 1391/219/1391
f 1132/220/1132 607/221/607 2095/222/2095
f 1132/220/1132 2613/218/2613 607/221/607
f 1106/210/1106 1143/211/1143 1145/212/1145
f 607/221/607 2613/218/2613 2163/217/2163
f 2053/240/2053 2103/241/2103 2172/231/2172
f 1976/215/1976 1132/220/1132 1140/216/1140
f 2163/217/2163 2613/218/2613 1391/219/1391
f 1140/216/1140 2060/214/2060 1141/213/1141
f 2124/238/2124 607/221/607 2163/217/2163
f 771/257/771 761/244/761 773/258/773
f 749/266/749 1269/267/1269 754/268/754
f 533/247/533 768/259/768 770/248/770
f 766/250/766 1299/252/1299 1229/260/1229
f 191/256/191 749/266/749 773/258/773
f 766/250/766 771/257/771 1269/267/1269
f 862/261/862 1229/260/1229 751/262/751
f 1205/263/1205 770/248/770 768/259/768
f 524/272/524 529/273/529 534/249/534
f 533/247/533 770/248/770 534/249/534
f 773/258/773 166/253/166 191/256/191
f 771/257/771 130/246/130 175/245/175
f 166/253/166 189/269/189 93/255/93
f 166/253/166 182/243/182 167/254/167
f 768/259/768 533/247/533 760/264/760
f 766/250/766 767/251/767 1299/252/1299
f 771/257/771 766/250/766 130/246/130
f 760/264/760 766/250/766 1229/260/1229
f 766/250/766 760/264/760 130/246/130
f 773/258/773 754/268/754 771/257/771
f 182/243/182 175/245/175 167/254/167
f 1269/267/1269 771/257/771 754/268/754
f 1229/260/1229 862/261/862 768/259/768
f 181/270/181 533/247/533 534/249/534
f 862/261/862 751/262/751 752/271/752
f 761/244/761 182/243/182 773/258/773
f 182/243/182 761/244/761 175/245/175
f 167/254/167 175/245/175 181/270/181
f 773/258/773 182/243/182 166/253/166
f 166/253/166 93/255/93 191/256/191
f 749/266/749 767/251/767 1269/267/1269
f 768/259/768 1247/265/1247 1205/263/1205
f 767/251/767 766/250/766 1269/267/1269
f 1299/252/1299 751/262/751 1229/260/1229
f 534/249/534 770/248/770 524/272/524
f 533/247/533 181/270/181 175/245/175
f 749/266/749 754/268/754 773/258/773
f 533/247/533 130/246/130 760/264/760
f 761/244/761 771/257/771 175/245/175
f 1247/265/1247 768/259/768 862/261/862
f 175/245/175 130/246/130 533/247/533
f 768/259/768 760/264/760 1229/260/1229
f 783/303/783 1298/302/1298 1274/301/1274
f 1049/275/1049 1048/282/1048 699/280/699
f 1326/298/1326 1273/299/1273 2119/300/2119
f 2119/300/2119 1274/301/1274 1298/302/1298
f 699/280/699 1006/281/1006 1046/276/1046
f 1280/288/1280 134/291/134 1275/286/1275
f 1077/274/1077 1013/293/1013 1118/294/1118
f 1118/294/1118 1013/293/1013 1084/290/1084
f 1103/287/1103 1081/295/1081 1118/294/1118
f 1118/294/1118 1081/295/1081 1077/274/1077
f 1077/274/1077 1049/275/1049 1046/276/1046
f 1084/290/1084 1103/287/1103 1118/294/1118
f 1273/299/1273 1326/298/1326 1083/297/1083
f 1326/298/1326 1077/274/1077 1083/297/1083
f 1078/277/1078 1076/279/1076 1013/293/1013
f 1075/292/1075 1084/290/1084 1013/293/1013
f 1048/282/1048 2119/300/2119 1298/302/1298
f 1039/283/1039 1011/284/1011 1006/281/1006
f 1076/279/1076 1075/292/1075 1013/293/1013
f 1081/295/1081 1083/297/1083 1077/274/1077
f 1175/289/1175 1081/295/1081 1103/287/1103
f 1326/298/1326 2119/300/2119 1049/275/1049
f 1078/277/1078 1077/274/1077 1046/276/1046
f 1046/276/1046 1049/275/1049 699/280/699
f 1078/277/1078 1017/278/1017 1076/279/1076
f 2111/285/2111 1031/310/1031 995/308/995
f 2111/285/2111 1011/284/1011 1031/310/1031
f 2111/285/2111 2110/309/2110 2109/307/2109
f 995/308/995 2110/309/2110 2111/285/2111
f 2111/285/2111 2109/307/2109 1076/279/1076
f 1076/279/1076 2109/307/2109 1025/306/1025
f 1084/290/1084 1075/292/1075 1025/306/1025
f 1076/279/1076 1025/306/1025 1075/292/1075
f 1103/287/1103 1084/290/1084 1280/288/1280
f 2119/300/2119 1068/305/1068 1274/301/1274
f 1017/278/1017 2111/285/2111 1076/279/1076
f 1083/297/1083 1081/295/1081 1256/296/1256
f 1275/286/1275 1103/287/1103 1280/288/1280
f 1013/293/1013 1077/274/1077 1078/277/1078
f 1256/296/1256 1273/299/1273 1083/297/1083
f 1175/289/1175 1256/296/1256 1081/295/1081
f 1264/304/1264 1068/305/1068 2119/300/2119
f 1264/304/1264 2119/300/2119 1273/299/1273
f 1103/287/1103 1275/286/1275 1175/289/1175
f 1326/298/1326 1049/275/1049 1077/274/1077
f 1275/286/1275 134/291/134 138/311/138
f 1017/278/1017 1011/284/1011 2111/285/2111
f 1006/281/1006 1017/278/1017 1046/276/1046
f 1078/277/1078 1046/276/1046 1017/278/1017
f 1006/281/1006 1011/284/1011 1017/278/1017
f 2119/300/2119 1048/282/1048 1049/275/1049
f 294/317/294 2538/324/2538 1429/325/1429
f 1374/318/1374 2538/324/2538 1378/315/1378
f 1374/318/1374 2181/320/2181 2538/324/2538
f 1420/322/1420 1429/325/1429 2538/324/2538
f 1378/315/1378 2538/324/2538 294/317/294
f 1386/330/1386 1633/334/1633 1382/337/1382
f 2538/324/2538 2181/320/2181 1420/322/1420
f 1426/323/1426 1389/321/1389 1494/326/1494
f 1410/331/1410 1394/329/1394 1396/316/1396
f 1389/321/1389 1401/319/1401 2298/327/2298
f 1389/321/1389 2164/328/2164 1494/326/1494
f 1394/329/1394 1386/330/1386 2298/327/2298
f 2298/327/2298 1401/319/1401 1394/329/1394
f 1421/335/1421 1397/333/1397 1392/332/1392
f 1389/321/1389 2298/327/2298 2164/328/2164
f 1382/337/1382 1395/341/1395 2298/327/2298
f 2075/343/2075 1435/342/1435 2360/344/2360
f 294/317/294 2330/312/2330 1378/315/1378
f 1401/319/1401 1396/316/1396 1394/329/1394
f 2164/328/2164 2298/327/2298 1395/341/1395
f 1390/313/1390 1392/332/1392 1410/331/1410
f 1435/342/1435 1482/340/1482 2164/328/2164
f 1392/332/1392 1397/333/1397 1386/330/1386
f 1420/322/1420 1389/321/1389 1426/323/1426
f 1382/337/1382 2321/336/2321 1395/341/1395
f 2181/320/2181 1389/321/1389 1420/322/1420
f 2181/320/2181 1401/319/1401 1389/321/1389
f 1435/342/1435 1395/341/1395 2321/336/2321
f 2181/320/2181 1374/318/1374 1396/316/1396
f 1401/319/1401 2181/320/2181 1396/316/1396
f 1394/329/1394 1410/331/1410 1392/332/1392
f 1497/345/1497 1654/338/1654 1534/339/1534
f 1374/318/1374 1378/315/1378 1396/316/1396
f 1654/338/1654 1435/342/1435 2321/336/2321
f 1409/314/1409 1410/331/1410 1396/316/1396
f 1409/314/1409 1396/316/1396 1378/315/1378
f 1392/332/1392 1390/313/1390 1421/335/1421
f 1409/314/1409 1390/313/1390 1410/331/1410
f 1392/332/1392 1386/330/1386 1394/329/1394
f 2360/344/2360 1435/342/1435 1654/338/1654
f 1395/341/1395 1435/342/1435 2164/328/2164
f 1494/326/1494 2164/328/2164 1482/340/1482
f 1435/342/1435 2075/343/2075 1482/340/1482
f 1397/333/1397 1633/334/1633 1386/330/1386
f 1382/337/1382 2298/327/2298 1386/330/1386
f 1497/345/1497 2360/344/2360 1654/338/1654
f 1497/345/1497 1479/346/1479 2360/344/2360
f 1654/338/1654 2321/336/2321 1633/334/1633
f 1654/338/1654 1633/334/1633 1534/339/1534
f 1633/334/1633 2321/336/2321 1382/337/1382
f 1409/314/1409 1378/315/1378 2330/312/2330
f 2330/312/2330 1390/313/1390 1409/314/1409
f 1774/361/1774 2672/356/2672 2631/359/2631
f 2080/376/2080 2103/375/2103 1594/348/1594
f 2631/359/2631 2077/377/2077 1895/362/1895
f 1835/358/1835 2602/371/2602 1786/354/1786
f 1871/363/1871 1873/368/1873 1774/361/1774
f 1889/367/1889 1871/363/1871 2157/366/2157
f 1593/385/1593 2015/381/2015 2112/379/2112
f 2077/377/2077 2080/376/2080 1895/362/1895
f 2080/376/2080 2077/377/2077 2103/375/2103
f 1843/351/1843 2484/380/2484 2010/384/2010
f 1871/363/1871 1889/367/1889 1873/368/1873
f 2157/366/2157 1594/348/1594 2545/364/2545
f 2457/373/2457 2689/369/2689 2522/360/2522
f 2670/352/2670 2112/379/2112 2631/359/2631
f 1961/347/1961 2545/364/2545 1594/348/1594
f 2077/377/2077 2687/378/2687 2103/375/2103
f 2683/370/2683 2602/371/2602 2541/372/2541
f 1786/354/1786 1796/357/1796 1835/358/1835
f 2631/359/2631 2112/379/2112 2077/377/2077
f 2683/370/2683 1786/354/1786 2602/371/2602
f 2541/372/2541 2602/371/2602 2247/374/2247
f 2545/364/2545 1878/365/1878 2157/366/2157
f 1774/361/1774 1895/362/1895 1871/363/1871
f 1774/361/1774 2631/359/2631 1895/362/1895
f 1843/351/1843 2010/384/2010 1593/385/1593
f 1840/350/1840 2670/352/2670 2672/356/2672
f 2344/353/2344 1786/354/1786 271/355/271
f 2112/379/2112 2687/378/2687 2077/377/2077
f 1961/347/1961 1594/348/1594 1591/349/1591
f 2015/381/2015 2019/383/2019 2132/382/2132
f 1786/354/1786 2522/360/2522 271/355/271
f 1835/358/1835 2247/374/2247 2602/371/2602
f 2670/352/2670 1843/351/1843 1593/385/1593
f 2157/366/2157 1871/363/1871 1895/362/1895
f 1895/362/1895 1594/348/1594 2157/366/2157
f 1593/385/1593 2010/384/2010 2015/381/2015
f 2522/360/2522 2689/369/2689 1840/350/1840
f 2522/360/2522 2683/370/2683 2457/373/2457
f 1889/367/1889 2157/366/2157 1878/365/1878
f 2522/360/2522 2672/356/2672 271/355/271
f 2683/370/2683 2522/360/2522 1786/354/1786
f 2631/359/2631 2672/356/2672 2670/352/2670
f 2015/381/2015 2132/382/2132 2112/379/2112
f 1840/350/1840 2484/380/2484 1843/351/1843
f 1840/350/1840 2672/356/2672 2522/360/2522
f 1774/361/1774 1873/368/1873 2344/353/2344
f 1774/361/1774 2344/353/2344 271/355/271
f 2541/372/2541 2457/373/2457 2683/370/2683
f 2672/356/2672 1774/361/1774 271/355/271
f 1591/349/1591 1594/348/1594 2103/375/2103
f 1840/350/1840 1843/351/1843 2670/352/2670
f 2344/353/2344 1796/357/1796 1786/354/1786
f 2080/376/2080 1594/348/1594 1895/362/1895
f 2112/379/2112 2670/352/2670 1593/385/1593
f 1590/423/1590 2075/420/2075 2673/414/2673
f 755/386/755 748/387/748 1055/388/1055
f 1429/389/1429 1158/390/1158 1085/391/1085
f 2165/418/2165 1590/423/1590 1589/413/1589
f 1494/402/1494 2122/403/2122 1426/404/1426
f 1426/404/1426 2122/403/2122 1420/405/1420
f 2271/406/2271 1387/395/1387 2047/392/2047
f 1388/400/1388 1420/405/1420 2050/407/2050
f 2050/407/2050 2071/408/2071 2023/409/2023
f 2271/406/2271 1388/400/1388 2050/407/2050
f 2050/407/2050 1976/410/1976 2271/406/2271
f 1420/405/1420 1388/400/1388 1429/389/1429
f 2271/406/2271 1976/410/1976 1145/393/1145
f 1976/410/1976 2050/407/2050 2023/409/2023
f 2050/407/2050 1420/405/1420 2122/403/2122
f 2613/411/2613 2023/409/2023 1391/412/1391
f 2122/403/2122 2071/408/2071 2050/407/2050
f 1158/390/1158 2047/392/2047 1055/388/1055
f 2023/409/2023 2071/408/2071 1391/412/1391
f 2023/409/2023 2613/411/2613 1976/410/1976
f 1494/402/1494 1589/413/1589 2122/403/2122
f 1387/395/1387 2271/406/2271 1145/393/1145
f 2066/426/2066 2179/424/2179 1590/423/1590
f 2053/422/2053 2066/426/2066 1590/423/1590
f 1589/413/1589 2071/408/2071 2122/403/2122
f 2047/392/2047 1388/400/1388 2271/406/2271
f 1589/413/1589 2179/424/2179 2071/408/2071
f 2135/427/2135 1411/425/1411 2179/424/2179
f 1391/412/1391 2071/408/2071 1411/425/1411
f 2179/424/2179 1589/413/1589 1590/423/1590
f 1482/419/1482 1589/413/1589 1494/402/1494
f 2053/422/2053 1590/423/1590 2673/414/2673
f 2135/427/2135 2179/424/2179 2066/426/2066
f 2053/422/2053 2673/414/2673 1528/417/1528
f 2071/408/2071 2179/424/2179 1411/425/1411
f 1055/388/1055 1387/395/1387 755/386/755
f 1528/417/1528 1516/421/1516 2053/422/2053
f 1482/419/1482 2165/418/2165 1589/413/1589
f 2360/415/2360 2673/414/2673 2075/420/2075
f 1387/395/1387 1055/388/1055 2047/392/2047
f 2165/418/2165 1482/419/1482 2075/420/2075
f 1085/391/1085 1158/390/1158 1055/388/1055
f 1528/417/1528 2673/414/2673 1479/416/1479
f 2673/414/2673 2360/415/2360 1479/416/1479
f 1101/397/1101 755/386/755 1050/399/1050
f 2075/420/2075 1590/423/1590 2165/418/2165
f 1055/388/1055 722/396/722 1085/391/1085
f 1042/401/1042 1050/399/1050 1143/398/1143
f 1387/395/1387 1131/394/1131 1050/399/1050
f 1143/398/1143 1131/394/1131 1145/393/1145
f 1101/397/1101 1050/399/1050 1042/401/1042
f 1387/395/1387 1050/399/1050 755/386/755
f 2047/392/2047 1158/390/1158 1388/400/1388
f 1429/389/1429 1388/400/1388 1158/390/1158
f 1131/394/1131 1143/398/1143 1050/399/1050
f 755/386/755 1101/397/1101 748/387/748
f 748/387/748 722/396/722 1055/388/1055
f 1145/393/1145 1131/394/1131 1387/395/1387
f 1623/428/1623 133/429/133 747/430/747
f 752/447/752 753/446/753 865/442/865
f 521/464/521 1129/471/1129 536/468/536
f 753/446/753 1621/440/1621 865/442/865
f 1203/465/1203 520/473/520 521/464/521
f 676/441/676 1621/440/1621 1172/445/1172
f 1207/463/1207 1129/471/1129 530/472/530
f 744/443/744 676/441/676 1065/448/1065
f 1065/448/1065 1172/445/1172 757/449/757
f 744/443/744 2008/444/2008 676/441/676
f 1206/466/1206 1203/465/1203 724/460/724
f 747/430/747 133/429/133 731/453/731
f 729/454/729 728/457/728 731/453/731
f 865/442/865 1621/440/1621 1622/439/1622
f 676/441/676 2014/438/2014 1621/440/1621
f 727/456/727 1206/466/1206 728/457/728
f 1623/428/1623 1622/439/1622 1621/440/1621
f 747/430/747 1969/458/1969 1623/428/1623
f 1623/428/1623 2014/438/2014 324/436/324
f 725/455/725 729/454/729 133/429/133
f 759/467/759 1247/470/1247 865/442/865
f 724/460/724 728/457/728 1206/466/1206
f 865/442/865 1247/470/1247 862/469/862
f 746/451/746 744/443/744 758/450/758
f 2006/437/2006 1215/434/1215 2014/438/2014
f 982/433/982 133/429/133 1608/431/1608
f 521/464/521 724/460/724 1203/465/1203
f 521/464/521 536/468/536 724/460/724
f 523/461/523 1205/462/1205 1207/463/1207
f 535/459/535 731/453/731 724/460/724
f 862/469/862 752/447/752 865/442/865
f 746/451/746 2008/444/2008 744/443/744
f 757/449/757 744/443/744 1065/448/1065
f 744/443/744 757/449/757 758/450/758
f 1622/439/1622 1969/458/1969 759/467/759
f 1247/470/1247 759/467/759 1205/462/1205
f 1207/463/1207 759/467/759 1969/458/1969
f 322/435/322 1246/432/1246 324/436/324
f 1608/431/1608 1623/428/1623 324/436/324
f 535/459/535 724/460/724 536/468/536
f 2014/438/2014 1215/434/1215 324/436/324
f 1969/458/1969 1622/439/1622 1623/428/1623
f 1622/439/1622 759/467/759 865/442/865
f 1172/445/1172 1621/440/1621 753/446/753
f 728/457/728 724/460/724 731/453/731
f 536/468/536 1207/463/1207 1969/458/1969
f 1205/462/1205 759/467/759 1207/463/1207
f 1215/434/1215 2006/437/2006 322/435/322
f 727/456/727 728/457/728 729/454/729
f 1129/471/1129 1207/463/1207 536/468/536
f 523/461/523 1207/463/1207 530/472/530
f 676/441/676 1172/445/1172 1065/448/1065
f 2014/438/2014 1623/428/1623 1621/440/1621
f 1608/431/1608 324/436/324 1246/432/1246
f 133/429/133 1417/452/1417 725/455/725
f 133/429/133 982/433/982 1417/452/1417
f 731/453/731 535/459/535 747/430/747
f 1623/428/1623 1608/431/1608 133/429/133
f 1215/434/1215 322/435/322 324/436/324
f 2008/444/2008 2006/437/2006 2014/438/2014
f 725/455/725 727/456/727 729/454/729
f 731/453/731 133/429/133 729/454/729
f 676/441/676 2008/444/2008 2014/438/2014
f 536/468/536 1969/458/1969 535/459/535
f 1608/431/1608 1246/432/1246 982/433/982
f 1969/458/1969 747/430/747 535/459/535
f 1070/510/1070 2120/511/2120 1074/522/1074
f 1249/525/1249 1074/522/1074 1283/521/1283
f 1348/500/1348 1346/494/1346 1072/495/1072
f 1074/522/1074 1058/518/1058 1264/523/1264
f 1263/527/1263 1058/518/1058 763/524/763
f 752/476/752 863/477/863 778/474/778
f 2120/511/2120 1058/518/1058 1074/522/1074
f 1070/510/1070 1308/516/1308 1072/495/1072
f 783/515/783 1274/528/1274 782/513/782
f 1283/521/1283 1264/523/1264 1273/526/1273
f 1072/495/1072 1308/516/1308 1348/500/1348
f 782/513/782 1263/527/1263 763/524/763
f 1058/518/1058 1263/527/1263 1264/523/1264
f 782/513/782 763/524/763 749/517/749
f 753/475/753 778/474/778 1172/478/1172
f 1283/521/1283 1070/510/1070 1249/525/1249
f 1263/527/1263 1068/529/1068 1264/523/1264
f 1068/529/1068 782/513/782 1274/528/1274
f 782/513/782 1068/529/1068 1263/527/1263
f 1273/526/1273 1256/520/1256 1283/521/1283
f 778/474/778 863/477/863 765/479/765
f 757/480/757 1172/478/1172 1060/481/1060
f 1070/510/1070 1074/522/1074 1249/525/1249
f 767/512/767 749/517/749 763/524/763
f 1072/495/1072 1073/493/1073 750/486/750
f 1058/518/1058 767/512/767 763/524/763
f 1267/519/1267 1070/510/1070 1283/521/1283
f 764/482/764 1172/478/1172 778/474/778
f 778/474/778 753/475/753 752/476/752
f 1060/481/1060 758/483/758 757/480/757
f 874/484/874 758/483/758 1061/485/1061
f 750/486/750 1262/489/1262 1072/495/1072
f 765/479/765 764/482/764 778/474/778
f 764/482/764 1060/481/1060 1172/478/1172
f 1060/481/1060 1061/485/1061 758/483/758
f 764/482/764 750/486/750 1060/481/1060
f 191/530/191 783/515/783 762/514/762
f 750/486/750 1061/485/1061 1060/481/1060
f 127/487/127 1061/485/1061 190/488/190
f 750/486/750 764/482/764 1262/489/1262
f 1178/499/1178 1177/496/1177 1275/498/1275
f 168/490/168 128/491/128 190/488/190
f 1074/522/1074 1264/523/1264 1283/521/1283
f 189/532/189 783/515/783 93/531/93
f 752/476/752 751/507/751 863/477/863
f 106/492/106 1073/493/1073 168/490/168
f 1346/494/1346 1073/493/1073 1072/495/1072
f 1256/520/1256 1267/519/1267 1283/521/1283
f 1177/496/1177 1175/497/1175 1275/498/1275
f 783/515/783 191/530/191 93/531/93
f 1178/499/1178 1348/500/1348 1177/496/1177
f 128/491/128 127/487/127 190/488/190
f 1178/499/1178 1275/498/1275 138/501/138
f 1178/499/1178 901/502/901 1346/494/1346
f 1346/494/1346 901/502/901 900/503/900
f 106/492/106 190/488/190 1061/485/1061
f 1209/504/1209 128/491/128 168/490/168
f 1070/510/1070 1267/519/1267 1308/516/1308
f 863/477/863 751/507/751 1299/508/1299
f 1299/508/1299 864/509/864 863/477/863
f 168/490/168 900/503/900 1209/504/1209
f 1262/489/1262 1070/510/1070 1072/495/1072
f 1256/520/1256 1175/497/1175 1267/519/1267
f 2120/511/2120 1070/510/1070 1262/489/1262
f 1348/500/1348 1178/499/1178 1346/494/1346
f 1073/493/1073 1346/494/1346 900/503/900
f 764/482/764 765/479/765 1262/489/1262
f 864/509/864 1299/508/1299 767/512/767
f 168/490/168 190/488/190 106/492/106
f 750/486/750 106/492/106 1061/485/1061
f 138/501/138 137/506/137 1178/499/1178
f 2120/511/2120 1262/489/1262 1324/505/1324
f 1267/519/1267 1177/496/1177 1308/516/1308
f 1324/505/1324 1262/489/1262 765/479/765
f 900/503/900 168/490/168 1073/493/1073
f 1324/505/1324 765/479/765 863/477/863
f 750/486/750 1073/493/1073 106/492/106
f 1324/505/1324 863/477/863 864/509/864
f 1175/497/1175 1177/496/1177 1267/519/1267
f 2120/511/2120 767/512/767 1058/518/1058
f 864/509/864 767/512/767 1324/505/1324
f 767/512/767 2120/511/2120 1324/505/1324
f 749/517/749 762/514/762 782/513/782
f 874/484/874 1061/485/1061 127/487/127
f 749/517/749 191/530/191 762/514/762
f 1308/516/1308 1177/496/1177 1348/500/1348
f 901/502/901 1178/499/1178 137/506/137
f 782/513/782 762/514/762 783/515/783
f 1519/537/1519 537/588/537 1314/556/1314
f 912/589/912 537/588/537 1234/590/1234
f 912/589/912 733/591/733 732/553/732
f 734/551/734 732/553/732 733/591/733
f 1319/561/1319 1314/556/1314 912/589/912
f 912/589/912 1314/556/1314 537/588/537
f 520/592/520 537/588/537 538/593/538
f 1519/537/1519 1518/536/1518 537/588/537
f 713/533/713 712/534/712 1244/535/1244
f 1518/536/1518 1519/537/1519 1860/538/1860
f 1244/535/1244 712/534/712 1877/539/1877
f 1914/565/1914 1959/549/1959 1295/566/1295
f 1244/535/1244 1243/540/1243 713/533/713
f 737/541/737 730/542/730 1242/543/1242
f 1896/567/1896 1917/568/1917 1907/569/1907
f 912/589/912 1234/590/1234 733/591/733
f 1319/561/1319 912/589/912 732/553/732
f 1349/570/1349 1295/566/1295 1900/571/1900
f 1518/536/1518 538/593/538 537/588/537
f 1882/585/1882 1291/583/1291 1911/587/1911
f 1291/583/1291 1290/578/1290 1911/587/1911
f 1399/548/1399 1404/562/1404 1897/560/1897
f 1911/587/1911 1290/578/1290 716/586/716
f 1404/562/1404 1399/548/1399 1864/550/1864
f 1877/539/1877 1243/540/1243 1244/535/1244
f 710/552/710 730/542/730 737/541/737
f 737/541/737 1242/543/1242 1243/540/1243
f 1414/546/1414 1891/579/1891 1291/583/1291
f 1413/582/1413 1291/583/1291 1968/581/1968
f 1903/580/1903 1968/581/1968 1924/584/1924
f 1385/544/1385 1404/562/1404 1867/545/1867
f 1907/569/1907 1924/584/1924 1896/567/1896
f 1907/569/1907 1900/571/1900 1903/580/1903
f 1893/559/1893 1903/580/1903 1900/571/1900
f 1242/543/1242 713/533/713 1243/540/1243
f 732/553/732 1867/545/1867 1319/561/1319
f 1893/559/1893 1295/566/1295 1959/549/1959
f 1959/549/1959 1870/563/1870 1864/550/1864
f 1385/544/1385 1867/545/1867 737/541/737
f 1290/578/1290 1414/546/1414 712/534/712
f 1914/565/1914 1295/566/1295 1349/570/1349
f 1414/546/1414 1877/539/1877 712/534/712
f 1896/567/1896 1924/584/1924 1882/585/1882
f 1924/584/1924 1907/569/1907 1903/580/1903
f 1290/578/1290 712/534/712 716/586/716
f 1864/550/1864 1319/561/1319 1404/562/1404
f 1870/563/1870 1334/558/1334 1864/550/1864
f 730/542/730 1257/564/1257 1242/543/1242
f 1891/579/1891 1290/578/1290 1291/583/1291
f 183/547/183 1413/582/1413 1883/577/1883
f 1968/581/1968 1291/583/1291 1882/585/1882
f 1414/546/1414 183/547/183 1877/539/1877
f 183/547/183 1414/546/1414 1413/582/1413
f 1906/555/1906 1893/559/1893 1399/548/1399
f 1924/584/1924 1968/581/1968 1882/585/1882
f 1413/582/1413 1414/546/1414 1291/583/1291
f 1907/569/1907 1910/572/1910 1900/571/1900
f 1883/577/1883 1413/582/1413 1968/581/1968
f 1404/562/1404 1319/561/1319 1867/545/1867
f 1903/580/1903 1883/577/1883 1968/581/1968
f 1319/561/1319 1864/550/1864 1334/558/1334
f 1855/557/1855 1334/558/1334 1870/563/1870
f 1883/577/1883 1903/580/1903 1893/559/1893
f 1385/544/1385 1879/554/1879 1404/562/1404
f 1404/562/1404 1879/554/1879 1897/560/1897
f 1399/548/1399 1959/549/1959 1864/550/1864
f 1334/558/1334 1314/556/1314 1319/561/1319
f 1897/560/1897 1879/554/1879 1906/555/1906
f 1897/560/1897 1906/555/1906 1399/548/1399
f 1959/549/1959 1399/548/1399 1893/559/1893
f 1314/556/1314 1334/558/1334 1855/557/1855
f 1290/578/1290 1891/579/1891 1414/546/1414
f 734/551/734 710/552/710 732/553/732
f 1883/577/1883 1906/555/1906 183/547/183
f 1883/577/1883 1893/559/1893 1906/555/1906
f 1295/566/1295 1893/559/1893 1900/571/1900
f 1877/539/1877 1879/554/1879 1243/540/1243
f 1349/570/1349 1900/571/1900 1259/573/1259
f 737/541/737 1243/540/1243 1385/544/1385
f 1910/572/1910 1235/574/1235 1259/573/1259
f 1237/576/1237 1929/575/1929 1235/574/1235
f 1243/540/1243 1879/554/1879 1385/544/1385
f 1867/545/1867 732/553/732 710/552/710
f 1519/537/1519 1314/556/1314 1855/557/1855
f 737/541/737 1867/545/1867 710/552/710
f 1907/569/1907 1917/568/1917 1910/572/1910
f 1914/565/1914 1349/570/1349 1929/575/1929
f 1929/575/1929 1349/570/1349 1235/574/1235
f 1879/554/1879 1877/539/1877 183/547/183
f 734/551/734 730/542/730 710/552/710
f 1235/574/1235 1349/570/1349 1259/573/1259
f 183/547/183 1906/555/1906 1879/554/1879
f 1259/573/1259 1900/571/1900 1910/572/1910
f 1329/608/1329 715/642/715 1127/609/1127
f 713/647/713 1220/643/1220 1250/644/1250
f 1272/621/1272 1946/625/1946 1325/626/1325
f 1279/617/1279 1946/625/1946 1272/621/1272
f 1272/621/1272 173/618/173 1271/614/1271
f 1913/650/1913 1925/600/1925 1376/633/1376
f 1405/622/1405 1377/623/1377 1303/624/1303
f 1940/597/1940 2337/596/2337 1926/595/1926
f 1271/614/1271 1279/617/1279 1272/621/1272
f 142/601/142 141/620/141 1876/602/1876
f 1250/644/1250 719/631/719 712/646/712
f 1250/644/1250 712/646/712 713/647/713
f 740/611/740 736/645/736 739/612/739
f 1970/619/1970 1279/617/1279 1927/604/1927
f 1805/616/1805 1810/605/1810 740/611/740
f 715/642/715 714/654/714 718/653/718
f 1412/615/1412 1271/614/1271 173/618/173
f 1250/644/1250 1220/643/1220 1252/634/1252
f 1252/634/1252 1220/643/1220 740/611/740
f 1329/608/1329 1888/638/1888 715/642/715
f 1361/641/1361 1876/602/1876 141/620/141
f 1926/595/1926 1407/630/1407 1406/628/1406
f 736/645/736 713/647/713 1242/648/1242
f 1271/614/1271 1927/604/1927 1279/617/1279
f 1033/594/1033 1377/623/1377 1926/595/1926
f 1361/641/1361 1359/640/1359 1885/639/1885
f 1963/656/1963 1911/658/1911 716/657/716
f 1926/595/1926 1377/623/1377 1407/630/1407
f 736/645/736 1257/649/1257 739/612/739
f 715/642/715 1888/638/1888 141/620/141
f 1220/643/1220 713/647/713 736/645/736
f 1966/606/1966 1810/605/1810 1805/616/1805
f 172/635/172 1412/615/1412 173/618/173
f 716/657/716 714/654/714 1963/656/1963
f 1925/600/1925 1303/624/1303 1376/633/1376
f 1940/597/1940 1406/628/1406 1932/598/1932
f 1412/615/1412 1965/613/1965 1271/614/1271
f 1965/613/1965 1927/604/1927 1271/614/1271
f 1204/610/1204 740/611/740 739/612/739
f 1329/608/1329 1325/626/1325 1328/636/1328
f 719/631/719 717/655/717 716/657/716
f 714/654/714 716/657/716 717/655/717
f 1925/600/1925 1913/650/1913 142/601/142
f 1963/656/1963 714/654/714 2/652/2
f 1406/628/1406 1940/597/1940 1926/595/1926
f 1125/607/1125 1329/608/1329 1127/609/1127
f 1361/641/1361 141/620/141 1888/638/1888
f 111/603/111 1810/605/1810 1966/606/1966
f 111/603/111 1927/604/1927 1810/605/1810
f 1124/632/1124 1125/607/1125 1127/609/1127
f 1412/615/1412 1125/607/1125 740/611/740
f 1932/598/1932 1944/629/1944 1942/599/1942
f 172/635/172 1125/607/1125 1412/615/1412
f 1127/609/1127 717/655/717 719/631/719
f 1325/626/1325 1946/625/1946 1328/636/1328
f 1925/600/1925 142/601/142 1876/602/1876
f 1944/629/1944 1946/625/1946 1279/617/1279
f 1946/625/1946 1944/629/1944 1328/636/1328
f 1361/641/1361 1885/639/1885 1876/602/1876
f 717/655/717 718/653/718 714/654/714
f 1940/597/1940 1932/598/1932 1942/599/1942
f 1405/622/1405 1876/602/1876 1885/639/1885
f 142/601/142 2/652/2 714/654/714
f 1405/622/1405 1925/600/1925 1876/602/1876
f 1944/629/1944 1279/617/1279 1942/599/1942
f 1204/610/1204 1805/616/1805 740/611/740
f 1327/637/1327 1888/638/1888 1329/608/1329
f 1405/622/1405 1407/630/1407 1377/623/1377
f 1810/605/1810 1927/604/1927 1965/613/1965
f 1885/639/1885 1406/628/1406 1407/630/1407
f 1127/609/1127 719/631/719 1124/632/1124
f 736/645/736 740/611/740 1220/643/1220
f 717/655/717 1127/609/1127 718/653/718
f 1913/650/1913 2/652/2 142/601/142
f 1406/628/1406 1359/640/1359 1932/598/1932
f 714/654/714 715/642/715 142/601/142
f 1359/640/1359 1406/628/1406 1885/639/1885
f 1127/609/1127 715/642/715 718/653/718
f 1913/650/1913 3/651/3 2/652/2
f 1303/624/1303 1925/600/1925 1405/622/1405
f 1377/623/1377 1933/627/1933 1376/633/1376
f 1932/598/1932 1359/640/1359 1944/629/1944
f 1359/640/1359 1361/641/1361 1944/629/1944
f 1033/594/1033 1926/595/1926 2337/596/2337
f 736/645/736 1242/648/1242 1257/649/1257
f 1810/605/1810 1965/613/1965 1412/615/1412
f 1970/619/1970 1940/597/1940 1942/599/1942
f 1329/608/1329 1328/636/1328 1327/637/1327
f 1325/626/1325 1329/608/1329 1125/607/1125
f 740/611/740 1810/605/1810 1412/615/1412
f 740/611/740 1124/632/1124 1252/634/1252
f 1361/641/1361 1888/638/1888 1327/637/1327
f 1272/621/1272 172/635/172 173/618/173
f 1407/630/1407 1405/622/1405 1885/639/1885
f 1377/623/1377 1376/633/1376 1303/624/1303
f 141/620/141 142/601/142 715/642/715
f 1970/619/1970 1942/599/1942 1279/617/1279
f 1252/634/1252 719/631/719 1250/644/1250
f 716/657/716 712/646/712 719/631/719
f 1361/641/1361 1327/637/1327 1944/629/1944
f 1933/627/1933 1377/623/1377 1033/594/1033
f 1272/621/1272 1325/626/1325 172/635/172
f 172/635/172 1325/626/1325 1125/607/1125
f 1944/629/1944 1327/637/1327 1328/636/1328
f 719/631/719 1252/634/1252 1124/632/1124
f 1124/632/1124 740/611/740 1125/607/1125
f 1095/680/1095 2182/681/2182 945/682/945
f 1724/659/1724 1356/662/1356 1183/663/1183
f 1566/719/1566 1565/721/1565 852/720/852
f 568/732/568 461/731/461 569/678/569
f 568/732/568 630/705/630 622/708/622
f 2182/681/2182 977/714/977 945/682/945
f 625/692/625 628/703/628 585/704/585
f 461/731/461 628/703/628 627/697/627
f 2052/725/2052 1566/719/1566 849/724/849
f 1830/679/1830 629/728/629 569/678/569
f 464/675/464 460/671/460 463/730/463
f 568/732/568 569/678/569 629/728/629
f 977/714/977 2182/681/2182 884/715/884
f 622/708/622 628/703/628 461/731/461
f 582/726/582 36/718/36 566/699/566
f 153/709/153 462/702/462 1130/696/1130
f 2054/716/2054 2182/681/2182 845/717/845
f 2030/693/2030 578/694/578 575/695/575
f 464/675/464 463/730/463 461/731/461
f 630/705/630 2030/693/2030 581/706/581
f 945/682/945 977/714/977 944/711/944
f 465/674/465 471/667/471 624/672/624
f 459/664/459 457/665/457 1822/661/1822
f 1722/666/1722 1822/661/1822 471/667/471
f 629/728/629 1830/679/1830 1817/729/1817
f 574/698/574 566/699/566 1095/680/1095
f 1130/696/1130 572/691/572 152/710/152
f 2030/693/2030 661/688/661 581/706/581
f 1565/721/1565 1566/719/1566 848/727/848
f 582/726/582 2052/725/2052 849/724/849
f 2052/725/2052 848/727/848 1566/719/1566
f 2182/681/2182 2054/716/2054 884/715/884
f 852/720/852 845/717/845 1094/723/1094
f 36/718/36 1566/719/1566 852/720/852
f 569/678/569 1815/677/1815 1830/679/1830
f 1822/661/1822 396/660/396 459/664/459
f 1136/668/1136 1724/659/1724 1723/669/1723
f 639/670/639 569/678/569 460/671/460
f 586/686/586 574/698/574 1095/680/1095
f 566/699/566 36/718/36 1095/680/1095
f 849/724/849 36/718/36 582/726/582
f 1722/666/1722 1723/669/1723 1724/659/1724
f 907/722/907 2054/716/2054 845/717/845
f 572/691/572 1130/696/1130 625/692/625
f 639/670/639 457/665/457 640/676/640
f 623/687/623 572/691/572 625/692/625
f 1822/661/1822 639/670/639 624/672/624
f 661/688/661 2030/693/2030 575/695/575
f 629/728/629 630/705/630 568/732/568
f 1822/661/1822 457/665/457 639/670/639
f 845/717/845 852/720/852 907/722/907
f 572/691/572 623/687/623 71/689/71
f 623/687/623 585/704/585 661/688/661
f 581/706/581 585/704/585 622/708/622
f 465/674/465 467/673/467 471/667/471
f 648/707/648 578/694/578 2030/693/2030
f 71/689/71 1713/684/1713 313/690/313
f 622/708/622 630/705/630 581/706/581
f 1565/721/1565 907/722/907 852/720/852
f 1192/683/1192 1193/685/1193 623/687/623
f 1193/685/1193 1713/684/1713 71/689/71
f 467/673/467 465/674/465 464/675/464
f 71/689/71 623/687/623 1193/685/1193
f 625/692/625 627/697/627 628/703/628
f 1822/661/1822 1722/666/1722 1724/659/1724
f 1724/659/1724 1183/663/1183 396/660/396
f 461/731/461 460/671/460 569/678/569
f 1130/696/1130 627/697/627 625/692/625
f 152/710/152 153/709/153 1130/696/1130
f 1094/723/1094 2182/681/2182 1095/680/1095
f 623/687/623 586/686/586 1192/683/1192
f 471/667/471 1822/661/1822 624/672/624
f 1136/668/1136 1356/662/1356 1724/659/1724
f 586/686/586 661/688/661 575/695/575
f 2030/693/2030 630/705/630 648/707/648
f 1094/723/1094 1095/680/1095 36/718/36
f 575/695/575 574/698/574 586/686/586
f 1192/683/1192 945/682/945 1713/684/1713
f 566/699/566 574/698/574 573/701/573
f 585/704/585 581/706/581 661/688/661
f 585/704/585 623/687/623 625/692/625
f 461/731/461 462/702/462 464/675/464
f 640/676/640 569/678/569 639/670/639
f 461/731/461 463/730/463 460/671/460
f 586/686/586 623/687/623 661/688/661
f 628/703/628 622/708/622 585/704/585
f 2182/681/2182 1094/723/1094 845/717/845
f 640/676/640 1815/677/1815 569/678/569
f 460/671/460 624/672/624 639/670/639
f 461/731/461 568/732/568 622/708/622
f 1192/683/1192 1095/680/1095 945/682/945
f 575/695/575 578/694/578 577/700/577
f 624/672/624 460/671/460 465/674/465
f 574/698/574 575/695/575 577/700/577
f 844/712/844 102/713/102 313/690/313
f 574/698/574 577/700/577 573/701/573
f 460/671/460 464/675/464 465/674/465
f 1566/719/1566 36/718/36 849/724/849
f 461/731/461 627/697/627 462/702/462
f 1095/680/1095 1192/683/1192 586/686/586
f 1192/683/1192 1713/684/1713 1193/685/1193
f 629/728/629 1817/729/1817 630/705/630
f 1724/659/1724 396/660/396 1822/661/1822
f 844/712/844 313/690/313 1713/684/1713
f 627/697/627 1130/696/1130 462/702/462
f 844/712/844 1713/684/1713 945/682/945
f 944/711/944 844/712/844 945/682/945
f 36/718/36 852/720/852 1094/723/1094
f 898/815/898 2065/816/2065 103/739/103
f 1678/770/1678 2579/771/2579 1682/772/1682
f 1718/788/1718 1707/750/1707 1999/786/1999
f 1693/751/1693 1696/753/1696 2579/771/2579
f 139/801/139 2191/803/2191 312/736/312
f 1098/799/1098 2191/803/2191 139/801/139
f 857/733/857 1363/738/1363 140/734/140
f 2191/803/2191 1714/807/1714 152/806/152
f 1678/770/1678 2464/773/2464 2579/771/2579
f 2323/769/2323 1703/768/1703 2320/762/2320
f 1776/743/1776 1875/767/1875 2323/769/2323
f 2283/774/2283 1721/766/1721 1703/768/1703
f 1232/760/1232 303/758/303 2293/757/2293
f 1706/748/1706 1720/749/1720 1707/750/1707
f 1693/751/1693 2005/752/2005 1696/753/1696
f 2616/754/2616 2308/755/2308 1813/756/1813
f 1126/764/1126 1721/766/1721 245/811/245
f 143/740/143 1363/738/1363 103/739/103
f 1716/790/1716 1660/789/1660 1136/793/1136
f 1719/775/1719 1708/776/1708 1722/777/1722
f 2630/763/2630 1987/742/1987 2315/744/2315
f 303/758/303 315/759/315 316/797/316
f 857/733/857 1097/735/1097 6/737/6
f 245/811/245 1721/766/1721 1814/787/1814
f 1814/787/1814 1721/766/1721 2283/774/2283
f 304/798/304 316/797/316 2194/810/2194
f 857/733/857 140/734/140 1097/735/1097
f 1719/775/1719 1722/777/1722 471/781/471
f 2323/769/2323 1704/778/1704 1703/768/1703
f 1875/767/1875 1707/750/1707 2323/769/2323
f 467/779/467 1702/780/1702 471/781/471
f 1704/778/1704 2283/774/2283 1703/768/1703
f 2579/771/2579 2560/794/2560 1682/772/1682
f 1682/772/1682 1953/795/1953 1689/782/1689
f 65/746/65 1678/770/1678 1689/782/1689
f 1715/783/1715 464/784/464 469/785/469
f 2464/773/2464 65/746/65 1999/786/1999
f 1232/760/1232 2293/757/2293 1144/765/1144
f 2194/810/2194 1126/764/1126 245/811/245
f 1999/786/1999 1707/750/1707 1875/767/1875
f 1696/753/1696 2560/794/2560 2579/771/2579
f 2283/774/2283 1704/778/1704 1814/787/1814
f 1689/782/1689 1953/795/1953 468/791/468
f 2293/757/2293 303/758/303 2616/754/2616
f 2560/794/2560 2456/796/2456 1682/772/1682
f 304/798/304 1814/787/1814 1714/807/1714
f 1719/775/1719 1718/788/1718 1705/745/1705
f 139/801/139 1097/735/1097 140/734/140
f 303/758/303 316/797/316 2192/800/2192
f 2464/773/2464 1999/786/1999 2005/752/2005
f 65/746/65 1705/745/1705 1999/786/1999
f 315/759/315 303/758/303 1232/760/1232
f 1678/770/1678 1682/772/1682 1689/782/1689
f 2320/762/2320 1144/765/1144 2293/757/2293
f 857/733/857 314/812/314 105/813/105
f 6/737/6 314/812/314 857/733/857
f 1689/782/1689 470/747/470 65/746/65
f 304/798/304 2191/803/2191 1098/799/1098
f 1720/749/1720 1715/783/1715 1704/778/1704
f 312/736/312 2191/803/2191 71/804/71
f 118/802/118 139/801/139 140/734/140
f 139/801/139 118/802/118 2192/800/2192
f 1098/799/1098 2192/800/2192 316/797/316
f 1714/807/1714 462/809/462 153/808/153
f 316/797/316 304/798/304 1098/799/1098
f 1875/767/1875 1987/742/1987 2005/752/2005
f 2315/744/2315 1776/743/1776 2459/761/2459
f 2616/754/2616 1813/756/1813 2293/757/2293
f 2194/810/2194 315/759/315 1126/764/1126
f 1678/770/1678 65/746/65 2464/773/2464
f 1813/756/1813 2308/755/2308 2459/761/2459
f 464/784/464 462/809/462 469/785/469
f 1716/790/1716 1708/776/1708 470/747/470
f 2194/810/2194 1814/787/1814 304/798/304
f 2005/752/2005 1999/786/1999 1875/767/1875
f 1144/765/1144 1703/768/1703 1721/766/1721
f 1720/749/1720 1706/748/1706 1715/783/1715
f 313/741/313 314/812/314 6/737/6
f 1814/787/1814 1715/783/1715 469/785/469
f 1999/786/1999 1705/745/1705 1718/788/1718
f 2320/762/2320 2293/757/2293 1813/756/1813
f 1702/780/1702 1719/775/1719 471/781/471
f 1723/792/1723 1716/790/1716 1136/793/1136
f 1702/780/1702 1706/748/1706 1718/788/1718
f 1097/735/1097 312/736/312 6/737/6
f 468/791/468 1716/790/1716 470/747/470
f 1987/742/1987 1776/743/1776 2315/744/2315
f 1660/789/1660 1716/790/1716 468/791/468
f 105/813/105 103/739/103 857/733/857
f 152/806/152 1714/807/1714 153/808/153
f 2005/752/2005 2630/763/2630 1696/753/1696
f 1126/764/1126 315/759/315 1232/760/1232
f 1126/764/1126 1232/760/1232 1144/765/1144
f 1776/743/1776 2320/762/2320 1813/756/1813
f 1126/764/1126 1144/765/1144 1721/766/1721
f 1705/745/1705 65/746/65 470/747/470
f 103/739/103 105/813/105 898/815/898
f 1776/743/1776 1987/742/1987 1875/767/1875
f 315/759/315 2194/810/2194 316/797/316
f 1715/783/1715 1706/748/1706 1702/780/1702
f 462/809/462 1714/807/1714 469/785/469
f 1708/776/1708 1723/792/1723 1722/777/1722
f 1720/749/1720 2323/769/2323 1707/750/1707
f 139/801/139 2192/800/2192 1098/799/1098
f 71/804/71 2191/803/2191 572/805/572
f 1714/807/1714 2191/803/2191 304/798/304
f 1706/748/1706 1707/750/1707 1718/788/1718
f 1704/778/1704 1715/783/1715 1814/787/1814
f 1693/751/1693 2464/773/2464 2005/752/2005
f 102/814/102 314/812/314 313/741/313
f 1363/738/1363 857/733/857 103/739/103
f 469/785/469 1714/807/1714 1814/787/1814
f 464/784/464 1715/783/1715 467/779/467
f 1718/788/1718 1719/775/1719 1702/780/1702
f 467/779/467 1715/783/1715 1702/780/1702
f 2630/763/2630 2005/752/2005 1987/742/1987
f 1144/765/1144 2320/762/2320 1703/768/1703
f 2464/773/2464 1693/751/1693 2579/771/2579
f 1705/745/1705 470/747/470 1708/776/1708
f 1720/749/1720 1704/778/1704 2323/769/2323
f 1705/745/1705 1708/776/1708 1719/775/1719
f 1097/735/1097 139/801/139 312/736/312
f 2320/762/2320 1776/743/1776 2323/769/2323
f 140/734/140 1363/738/1363 143/740/143
f 313/741/313 312/736/312 71/804/71
f 2459/761/2459 1776/743/1776 1813/756/1813
f 312/736/312 313/741/313 6/737/6
f 1708/776/1708 1716/790/1716 1723/792/1723
f 572/805/572 2191/803/2191 152/806/152
f 979/817/979 2065/816/2065 898/815/898
f 470/747/470 1689/782/1689 468/791/468
f 1814/787/1814 2194/810/2194 245/811/245
f 101/842/101 105/843/105 314/844/314
f 102/845/102 101/842/101 314/844/314
f 891/846/891 895/847/895 867/848/867
f 1920/849/1920 866/850/866 1180/851/1180
f 893/838/893 1928/837/1928 2035/852/2035
f 867/848/867 1284/853/1284 891/846/891
f 1928/837/1928 2029/854/2029 2035/852/2035
f 2064/855/2064 2051/856/2051 2028/857/2028
f 2028/857/2028 2051/856/2051 867/848/867
f 2076/835/2076 1583/858/1583 2031/859/2031
f 890/860/890 2035/852/2035 2029/854/2029
f 836/861/836 837/862/837 1034/863/1034
f 867/848/867 2051/856/2051 745/864/745
f 867/848/867 745/864/745 1287/865/1287
f 2051/856/2051 2064/855/2064 2073/866/2073
f 2073/866/2073 745/864/745 2051/856/2051
f 1024/836/1024 2031/859/2031 2064/855/2064
f 897/867/897 105/843/105 101/842/101
f 2027/868/2027 866/850/866 2073/866/2073
f 866/850/866 1920/849/1920 847/869/847
f 1583/858/1583 2073/866/2073 2031/859/2031
f 837/862/837 2027/868/2027 2261/874/2261
f 954/872/954 1333/830/1333 962/873/962
f 101/842/101 1180/851/1180 836/861/836
f 1928/837/1928 2064/855/2064 2029/854/2029
f 2028/857/2028 867/848/867 895/847/895
f 2031/859/2031 1024/836/1024 2076/835/2076
f 2027/868/2027 837/862/837 839/870/839
f 1284/853/1284 867/848/867 1287/865/1287
f 2078/884/2078 2061/825/2061 935/824/935
f 962/873/962 952/885/952 1099/886/1099
f 2078/884/2078 2243/829/2243 1974/887/1974
f 1974/887/1974 1099/886/1099 2076/835/2076
f 820/820/820 1036/833/1036 822/880/822
f 1287/865/1287 866/850/866 847/869/847
f 745/864/745 866/850/866 1287/865/1287
f 2029/854/2029 2064/855/2064 2028/857/2028
f 866/850/866 2027/868/2027 839/870/839
f 1034/863/1034 101/842/101 836/861/836
f 2028/857/2028 895/847/895 2029/854/2029
f 102/845/102 1920/849/1920 1180/851/1180
f 1180/851/1180 866/850/866 839/870/839
f 836/861/836 839/870/839 837/862/837
f 897/867/897 898/871/898 105/843/105
f 839/870/839 836/861/836 1180/851/1180
f 1180/851/1180 101/842/101 102/845/102
f 2070/878/2070 2026/888/2026 1086/881/1086
f 2243/829/2243 2078/884/2078 935/824/935
f 2061/825/2061 2079/839/2079 2063/841/2063
f 897/867/897 2068/883/2068 898/871/898
f 1086/881/1086 2062/889/2062 952/885/952
f 1024/836/1024 1928/837/1928 2056/834/2056
f 1304/840/1304 2063/841/2063 2056/834/2056
f 2073/866/2073 866/850/866 745/864/745
f 2027/868/2027 2073/866/2073 1583/858/1583
f 952/885/952 2062/889/2062 1099/886/1099
f 2068/883/2068 979/890/979 898/871/898
f 2056/834/2056 2063/841/2063 2079/839/2079
f 101/842/101 1034/863/1034 897/867/897
f 2064/855/2064 2031/859/2031 2073/866/2073
f 1928/837/1928 1024/836/1024 2064/855/2064
f 1304/840/1304 2056/834/2056 893/838/893
f 2056/834/2056 2079/839/2079 2076/835/2076
f 1086/881/1086 2261/874/2261 2062/889/2062
f 979/890/979 2068/883/2068 2070/878/2070
f 1082/831/1082 820/820/820 962/873/962
f 2026/888/2026 2068/883/2068 1034/863/1034
f 1069/877/1069 1101/832/1101 1079/891/1079
f 837/862/837 2026/888/2026 1034/863/1034
f 820/820/820 822/880/822 1088/882/1088
f 2056/834/2056 1928/837/1928 893/838/893
f 2068/883/2068 2026/888/2026 2070/878/2070
f 962/873/962 1333/830/1333 1082/831/1082
f 2056/834/2056 2076/835/2076 1024/836/1024
f 1022/875/1022 1069/877/1069 1079/891/1079
f 2070/878/2070 1086/881/1086 1057/876/1057
f 1086/881/1086 2026/888/2026 2261/874/2261
f 2261/874/2261 2026/888/2026 837/862/837
f 1036/833/1036 1101/832/1101 1069/877/1069
f 962/873/962 1099/886/1099 954/872/954
f 2062/889/2062 1583/858/1583 1099/886/1099
f 1036/833/1036 1069/877/1069 1057/876/1057
f 2079/839/2079 2061/825/2061 2078/884/2078
f 1974/887/1974 954/872/954 1099/886/1099
f 2079/839/2079 1974/887/1974 2076/835/2076
f 2079/839/2079 2078/884/2078 1974/887/1974
f 820/820/820 1088/882/1088 952/885/952
f 2076/835/2076 1099/886/1099 1583/858/1583
f 952/885/952 962/873/962 820/820/820
f 2243/829/2243 1333/830/1333 954/872/954
f 1057/876/1057 1022/875/1022 2070/878/2070
f 1974/887/1974 2243/829/2243 954/872/954
f 1036/833/1036 1057/876/1057 822/880/822
f 2062/889/2062 2261/874/2261 2027/868/2027
f 979/890/979 2070/878/2070 1027/879/1027
f 1057/876/1057 1086/881/1086 822/880/822
f 1088/882/1088 1086/881/1086 952/885/952
f 2062/889/2062 2027/868/2027 1583/858/1583
f 844/892/844 944/902/944 1484/893/1484
f 848/904/848 1978/899/1978 1565/901/1565
f 977/903/977 1485/894/1485 944/902/944
f 890/860/890 1978/899/1978 848/904/848
f 847/869/847 1485/894/1485 1287/865/1287
f 1485/894/1485 977/903/977 884/896/884
f 1485/894/1485 1484/893/1484 944/902/944
f 1920/849/1920 1484/893/1484 847/869/847
f 884/896/884 885/895/885 1485/894/1485
f 1284/853/1284 1287/865/1287 1485/894/1485
f 1531/898/1531 1978/899/1978 890/860/890
f 722/818/722 748/819/748 820/820/820
f 1565/901/1565 1978/899/1978 907/900/907
f 936/827/936 297/821/297 957/823/957
f 297/821/297 1169/822/1169 957/823/957
f 935/824/935 2061/825/2061 940/826/940
f 890/860/890 2029/854/2029 1531/898/1531
f 1978/899/1978 1531/898/1531 2054/897/2054
f 1978/899/1978 2054/897/2054 907/900/907
f 2029/854/2029 895/847/895 1531/898/1531
f 2054/897/2054 1531/898/1531 891/846/891
f 1531/898/1531 895/847/895 891/846/891
f 891/846/891 885/895/885 2054/897/2054
f 885/895/885 891/846/891 1284/853/1284
f 884/896/884 2054/897/2054 885/895/885
f 1284/853/1284 1485/894/1485 885/895/885
f 1484/893/1484 1485/894/1485 847/869/847
f 1484/893/1484 1920/849/1920 844/892/844
f 1920/849/1920 102/845/102 844/892/844
f 935/824/935 940/826/940 936/827/936
f 940/826/940 948/828/948 936/827/936
f 935/824/935 936/827/936 957/823/957
f 957/823/957 2243/829/2243 935/824/935
f 1333/830/1333 2243/829/2243 957/823/957
f 1082/831/1082 1333/830/1333 1169/822/1169
f 957/823/957 1169/822/1169 1333/830/1333
f 1022/875/1022 1057/876/1057 1069/877/1069
f 2070/878/2070 1022/875/1022 1027/879/1027
f 822/880/822 1086/881/1086 1088/882/1088
f 936/827/936 948/828/948 297/821/297
f 1034/863/1034 2068/883/2068 897/867/897
f 1082/831/1082 722/818/722 820/820/820
f 748/819/748 1101/832/1101 1036/833/1036
f 1036/833/1036 820/820/820 748/819/748
f 1866/955/1866 1872/950/1872 1962/947/1962
f 1383/923/1383 1384/982/1384 721/983/721
f 1383/923/1383 1998/930/1998 1384/982/1384
f 1384/982/1384 1854/980/1854 720/981/720
f 1998/930/1998 1854/980/1854 1384/982/1384
f 111/907/111 1966/962/1966 1947/905/1947
f 1442/985/1442 1892/986/1892 1937/987/1937
f 1266/988/1266 1237/990/1237 1971/942/1971
f 1870/978/1870 1862/945/1862 1894/944/1894
f 1416/919/1416 1805/960/1805 1975/965/1975
f 738/967/738 739/968/739 1296/959/1296
f 1296/959/1296 739/968/739 1253/957/1253
f 1297/958/1297 1417/932/1417 1296/959/1296
f 720/981/720 1195/954/1195 1196/949/1196
f 730/971/730 734/974/734 726/969/726
f 1805/960/1805 1804/961/1804 1966/962/1966
f 1265/924/1265 1266/988/1266 2129/918/2129
f 725/964/725 1417/932/1417 1297/958/1297
f 738/967/738 1204/966/1204 739/968/739
f 1860/972/1860 1496/973/1496 1857/951/1857
f 1266/988/1266 1383/923/1383 721/983/721
f 1975/965/1975 1204/966/1204 738/967/738
f 727/963/727 725/964/725 1253/957/1253
f 1805/960/1805 1947/905/1947 1804/961/1804
f 1945/908/1945 1364/909/1364 1211/906/1211
f 1366/910/1366 1365/911/1365 2131/912/2131
f 1945/908/1945 1365/911/1365 1364/909/1364
f 1945/908/1945 1947/905/1947 889/913/889
f 1945/908/1945 1952/914/1952 1365/911/1365
f 2000/915/2000 528/916/528 1938/917/1938
f 2129/918/2129 528/916/528 2000/915/2000
f 889/913/889 1416/919/1416 1956/920/1956
f 2000/915/2000 1936/921/1936 2129/918/2129
f 2012/922/2012 1383/923/1383 1265/924/1265
f 1265/924/1265 2129/918/2129 1936/921/1936
f 1934/925/1934 1950/926/1950 1951/927/1951
f 1936/921/1936 2000/915/2000 1934/925/1934
f 1939/928/1939 1251/929/1251 2012/922/2012
f 1998/930/1998 2012/922/2012 1251/929/1251
f 1964/931/1964 1416/919/1416 1417/932/1417
f 1248/933/1248 2003/934/2003 1951/927/1951
f 1364/909/1364 1366/910/1366 2020/935/2020
f 1958/936/1958 1934/925/1934 1951/927/1951
f 1936/921/1936 1934/925/1934 1958/936/1958
f 1939/928/1939 2012/922/2012 1936/921/1936
f 1246/937/1246 1248/933/1248 1964/931/1964
f 1246/937/1246 2003/934/2003 1248/933/1248
f 982/938/982 1246/937/1246 1964/931/1964
f 1957/939/1957 1958/936/1958 2003/934/2003
f 1935/940/1935 1939/928/1939 1958/936/1958
f 1956/920/1956 1416/919/1416 1964/931/1964
f 1957/939/1957 2003/934/2003 322/941/322
f 1938/917/1938 1950/926/1950 2000/915/2000
f 1951/927/1951 1956/920/1956 1248/933/1248
f 2131/912/2131 2129/918/2129 1971/942/1971
f 889/913/889 1952/914/1952 1945/908/1945
f 1804/961/1804 1947/905/1947 1966/962/1966
f 721/983/721 720/981/720 1937/987/1937
f 1947/905/1947 1805/960/1805 1416/919/1416
f 1253/957/1253 1297/958/1297 1296/959/1296
f 1855/977/1855 1863/976/1863 1496/973/1496
f 1266/988/1266 1937/987/1937 1237/990/1237
f 1237/990/1237 1937/987/1937 1929/991/1929
f 1855/977/1855 1496/973/1496 1519/975/1519
f 1937/987/1937 1914/989/1914 1929/991/1929
f 1384/982/1384 720/981/720 721/983/721
f 1496/973/1496 1856/948/1856 1857/951/1857
f 1856/948/1856 1496/973/1496 1863/976/1863
f 1945/908/1945 1211/906/1211 1947/905/1947
f 1936/921/1936 1958/936/1958 1939/928/1939
f 528/916/528 2131/912/2131 1938/917/1938
f 1938/917/1938 2131/912/2131 1365/911/1365
f 1964/931/1964 1248/933/1248 1956/920/1956
f 889/913/889 1951/927/1951 1952/914/1952
f 1854/980/1854 1195/954/1195 720/981/720
f 1841/953/1841 1196/949/1196 1195/954/1195
f 1894/944/1894 1863/976/1863 1870/978/1870
f 1959/979/1959 1862/945/1862 1870/978/1870
f 1296/959/1296 1975/965/1975 738/967/738
f 1203/994/1203 1234/999/1234 519/992/519
f 1858/952/1858 224/943/224 1196/949/1196
f 1239/998/1239 1255/995/1255 734/974/734
f 1841/953/1841 1858/952/1858 1196/949/1196
f 224/943/224 1858/952/1858 1962/947/1962
f 1872/950/1872 1857/951/1857 1856/948/1856
f 1872/950/1872 1856/948/1856 1962/947/1962
f 733/1000/733 1234/999/1234 1239/998/1239
f 223/946/223 1196/949/1196 224/943/224
f 1894/944/1894 1962/947/1962 1856/948/1856
f 1234/999/1234 1203/994/1203 1239/998/1239
f 223/946/223 224/943/224 1862/945/1862
f 224/943/224 1894/944/1894 1862/945/1862
f 1246/937/1246 322/941/322 2003/934/2003
f 1937/987/1937 1266/988/1266 721/983/721
f 1956/920/1956 1951/927/1951 889/913/889
f 1947/905/1947 1211/906/1211 111/907/111
f 1947/905/1947 1416/919/1416 889/913/889
f 1957/939/1957 1935/940/1935 1958/936/1958
f 1958/936/1958 1951/927/1951 2003/934/2003
f 2000/915/2000 1950/926/1950 1934/925/1934
f 1892/986/1892 1914/989/1914 1937/987/1937
f 1266/988/1266 1971/942/1971 2129/918/2129
f 528/916/528 2129/918/2129 2131/912/2131
f 982/938/982 1964/931/1964 1417/932/1417
f 1856/948/1856 1863/976/1863 1894/944/1894
f 1914/989/1914 1869/984/1869 1959/979/1959
f 1265/924/1265 1383/923/1383 1266/988/1266
f 1442/985/1442 1937/987/1937 720/981/720
f 1892/986/1892 1442/985/1442 223/946/223
f 726/969/726 734/974/734 1255/995/1255
f 1416/919/1416 1296/959/1296 1417/932/1417
f 1869/984/1869 1862/945/1862 1959/979/1959
f 1442/985/1442 720/981/720 1196/949/1196
f 223/946/223 1442/985/1442 1196/949/1196
f 1862/945/1862 1869/984/1869 223/946/223
f 734/974/734 733/1000/733 1239/998/1239
f 739/968/739 726/969/726 1253/957/1253
f 1255/995/1255 1239/998/1239 1206/997/1206
f 1253/957/1253 725/964/725 1297/958/1297
f 1892/986/1892 1869/984/1869 1914/989/1914
f 519/992/519 1234/999/1234 537/996/537
f 1255/995/1255 1206/997/1206 727/963/727
f 1206/997/1206 1239/998/1239 1203/994/1203
f 1365/911/1365 1952/914/1952 1950/926/1950
f 224/943/224 1962/947/1962 1894/944/1894
f 1416/919/1416 1975/965/1975 1296/959/1296
f 1519/975/1519 1496/973/1496 1860/972/1860
f 519/992/519 537/996/537 520/993/520
f 727/963/727 1253/957/1253 726/969/726
f 727/963/727 726/969/726 1255/995/1255
f 1952/914/1952 1951/927/1951 1950/926/1950
f 1872/950/1872 1866/955/1866 1859/956/1859
f 1892/986/1892 223/946/223 1869/984/1869
f 519/992/519 520/993/520 1203/994/1203
f 1855/977/1855 1870/978/1870 1863/976/1863
f 1866/955/1866 1858/952/1858 1841/953/1841
f 726/969/726 739/968/739 1257/970/1257
f 1383/923/1383 2012/922/2012 1998/930/1998
f 1962/947/1962 1858/952/1858 1866/955/1866
f 1366/910/1366 1364/909/1364 1365/911/1365
f 1211/906/1211 1364/909/1364 2020/935/2020
f 726/969/726 1257/970/1257 730/971/730
f 1265/924/1265 1936/921/1936 2012/922/2012
f 1872/950/1872 1859/956/1859 1857/951/1857
f 1950/926/1950 1938/917/1938 1365/911/1365
f 1204/966/1204 1975/965/1975 1805/960/1805
f 2694/1005/2694 2142/1053/2142 2113/1050/2113
f 950/1081/950 1010/1044/1010 794/1060/794
f 1335/1048/1335 1330/1059/1330 1336/1049/1336
f 950/1081/950 1100/1082/1100 1042/1045/1042
f 1089/1047/1089 1988/1076/1988 1335/1048/1335
f 1988/1076/1988 1089/1047/1089 1090/1057/1090
f 1090/1057/1090 2060/1071/2060 1988/1076/1988
f 2060/1071/2060 1105/1058/1105 1106/1063/1106
f 1988/1076/1988 2001/1056/2001 1335/1048/1335
f 1090/1057/1090 1105/1058/1105 2060/1071/2060
f 662/1001/662 2689/1002/2689 2691/1003/2691
f 599/1004/599 2694/1005/2694 512/1006/512
f 2474/1007/2474 2441/1008/2441 2471/1009/2471
f 2114/1010/2114 61/1011/61 2186/1012/2186
f 2691/1003/2691 2576/1013/2576 2482/1014/2482
f 1090/1057/1090 1010/1044/1010 1105/1058/1105
f 2702/1092/2702 2576/1013/2576 2692/1089/2692
f 2692/1089/2692 2691/1003/2691 2689/1002/2689
f 2692/1089/2692 2689/1002/2689 2457/1091/2457
f 2469/1055/2469 1335/1048/1335 2001/1056/2001
f 2453/1020/2453 2702/1092/2702 2474/1007/2474
f 794/1060/794 951/1080/951 950/1081/950
f 2532/1088/2532 2702/1092/2702 2692/1089/2692
f 2441/1008/2441 2474/1007/2474 2702/1092/2702
f 2453/1020/2453 2576/1013/2576 2702/1092/2702
f 2691/1003/2691 2692/1089/2692 2576/1013/2576
f 1090/1057/1090 1089/1047/1089 1010/1044/1010
f 2541/1090/2541 2692/1089/2692 2457/1091/2457
f 2532/1088/2532 2692/1089/2692 2541/1090/2541
f 458/1015/458 2174/1016/2174 2160/1017/2160
f 458/1015/458 2304/1018/2304 2174/1016/2174
f 2142/1053/2142 2694/1005/2694 2178/1031/2178
f 2678/1019/2678 2689/1002/2689 662/1001/662
f 2453/1020/2453 2474/1007/2474 2162/1021/2162
f 2160/1017/2160 2177/1054/2177 2178/1031/2178
f 2178/1031/2178 2252/1051/2252 2142/1053/2142
f 2492/1022/2492 2186/1012/2186 2460/1023/2460
f 2252/1051/2252 2175/1052/2175 2113/1050/2113
f 794/1060/794 1089/1047/1089 1336/1049/1336
f 2168/1024/2168 2455/1025/2455 2219/1026/2219
f 2492/1022/2492 2455/1025/2455 2186/1012/2186
f 2113/1050/2113 2187/1061/2187 240/1043/240
f 240/1043/240 2114/1010/2114 2113/1050/2113
f 1010/1044/1010 1143/1046/1143 1105/1058/1105
f 2294/1027/2294 2304/1018/2304 2241/1028/2241
f 1093/1062/1093 794/1060/794 1336/1049/1336
f 2162/1021/2162 2474/1007/2474 2471/1009/2471
f 2304/1018/2304 458/1015/458 2241/1028/2241
f 2678/1019/2678 662/1001/662 1977/1029/1977
f 2431/1030/2431 2162/1021/2162 2471/1009/2471
f 458/1015/458 2160/1017/2160 2178/1031/2178
f 2294/1027/2294 2241/1028/2241 2288/1032/2288
f 1089/1047/1089 1335/1048/1335 1336/1049/1336
f 2475/1033/2475 2691/1003/2691 2482/1014/2482
f 2513/1034/2513 2145/1035/2145 2104/1036/2104
f 2431/1030/2431 2146/1037/2146 2162/1021/2162
f 842/1079/842 975/1083/975 1022/1077/1022
f 2482/1014/2482 2453/1020/2453 2162/1021/2162
f 2252/1051/2252 2178/1031/2178 2177/1054/2177
f 2178/1031/2178 2694/1005/2694 599/1004/599
f 2241/1028/2241 458/1015/458 599/1004/599
f 2453/1020/2453 2482/1014/2482 2576/1013/2576
f 950/1081/950 1042/1045/1042 1010/1044/1010
f 1116/1084/1116 951/1080/951 999/1085/999
f 1116/1084/1116 1100/1082/1100 951/1080/951
f 1840/1087/1840 2689/1002/2689 2678/1019/2678
f 951/1080/951 1100/1082/1100 950/1081/950
f 975/1083/975 1079/1078/1079 1116/1084/1116
f 1100/1082/1100 1101/1086/1101 1042/1045/1042
f 2475/1033/2475 2104/1036/2104 2147/1038/2147
f 2482/1014/2482 2162/1021/2162 2146/1037/2146
f 1089/1047/1089 794/1060/794 1010/1044/1010
f 2475/1033/2475 2482/1014/2482 2513/1034/2513
f 2147/1038/2147 1977/1029/1977 2475/1033/2475
f 2513/1034/2513 2482/1014/2482 2146/1037/2146
f 2202/1039/2202 2146/1037/2146 2431/1030/2431
f 2694/1005/2694 2113/1050/2113 2168/1024/2168
f 662/1001/662 2475/1033/2475 1977/1029/1977
f 2241/1028/2241 512/1006/512 2202/1039/2202
f 2168/1024/2168 466/1040/466 2694/1005/2694
f 1105/1058/1105 1143/1046/1143 1106/1063/1106
f 2219/1026/2219 2455/1025/2455 2145/1035/2145
f 2146/1037/2146 2145/1035/2145 2513/1034/2513
f 1010/1044/1010 1042/1045/1042 1143/1046/1143
f 2187/1061/2187 2113/1050/2113 2175/1052/2175
f 1330/1059/1330 1093/1062/1093 1336/1049/1336
f 2145/1035/2145 2492/1022/2492 2104/1036/2104
f 2146/1037/2146 2202/1039/2202 2219/1026/2219
f 2472/1041/2472 2288/1032/2288 2431/1030/2431
f 512/1006/512 466/1040/466 2202/1039/2202
f 2202/1039/2202 466/1040/466 2219/1026/2219
f 2001/1056/2001 240/1043/240 2469/1055/2469
f 2469/1055/2469 1330/1059/1330 1335/1048/1335
f 512/1006/512 2694/1005/2694 466/1040/466
f 2146/1037/2146 2219/1026/2219 2145/1035/2145
f 2113/1050/2113 2142/1053/2142 2252/1051/2252
f 2475/1033/2475 2513/1034/2513 2104/1036/2104
f 2168/1024/2168 2113/1050/2113 2114/1010/2114
f 2492/1022/2492 2145/1035/2145 2455/1025/2455
f 2471/1009/2471 2472/1041/2472 2431/1030/2431
f 2469/1055/2469 240/1043/240 2187/1061/2187
f 2202/1039/2202 2431/1030/2431 2288/1032/2288
f 2147/1038/2147 2621/1042/2621 1977/1029/1977
f 2455/1025/2455 2114/1010/2114 2186/1012/2186
f 2219/1026/2219 466/1040/466 2168/1024/2168
f 1977/1029/1977 2621/1042/2621 2678/1019/2678
f 2241/1028/2241 599/1004/599 512/1006/512
f 1022/1077/1022 1079/1078/1079 842/1079/842
f 240/1043/240 61/1011/61 2114/1010/2114
f 2460/1023/2460 2147/1038/2147 2104/1036/2104
f 794/1060/794 999/1085/999 951/1080/951
f 458/1015/458 2178/1031/2178 599/1004/599
f 2288/1032/2288 2241/1028/2241 2202/1039/2202
f 2475/1033/2475 662/1001/662 2691/1003/2691
f 2472/1041/2472 2471/1009/2471 2441/1008/2441
f 2492/1022/2492 2460/1023/2460 2104/1036/2104
f 2168/1024/2168 2114/1010/2114 2455/1025/2455
f 999/1085/999 794/1060/794 1093/1062/1093
f 1079/1078/1079 1100/1082/1100 1116/1084/1116
f 2015/1097/2015 2010/1094/2010 2116/1093/2116
f 2484/1096/2484 2678/1019/2678 2621/1042/2621
f 2154/1095/2154 2010/1094/2010 2621/1042/2621
f 2019/1098/2019 2116/1093/2116 2095/1075/2095
f 1840/1087/1840 2678/1019/2678 2484/1096/2484
f 2154/1095/2154 2155/1065/2155 2116/1093/2116
f 2015/1097/2015 2116/1093/2116 2019/1098/2019
f 2621/1042/2621 2147/1038/2147 2154/1095/2154
f 2154/1095/2154 430/1066/430 2155/1065/2155
f 2147/1038/2147 430/1066/430 2154/1095/2154
f 2095/1075/2095 2116/1093/2116 2155/1065/2155
f 2010/1094/2010 2484/1096/2484 2621/1042/2621
f 2116/1093/2116 2010/1094/2010 2154/1095/2154
f 208/1064/208 2155/1065/2155 430/1066/430
f 2001/1056/2001 2606/1068/2606 240/1043/240
f 226/1067/226 208/1064/208 2606/1068/2606
f 2158/1070/2158 1988/1076/1988 2060/1071/2060
f 1979/1069/1979 2147/1038/2147 2460/1023/2460
f 2606/1068/2606 61/1011/61 240/1043/240
f 226/1067/226 2001/1056/2001 1988/1076/1988
f 226/1067/226 1988/1076/1988 2158/1070/2158
f 2606/1068/2606 2001/1056/2001 226/1067/226
f 1079/1078/1079 1101/1086/1101 1100/1082/1100
f 1079/1078/1079 975/1083/975 842/1079/842
f 1132/1074/1132 2158/1070/2158 1140/1072/1140
f 2231/1073/2231 61/1011/61 2606/1068/2606
f 226/1067/226 2155/1065/2155 208/1064/208
f 430/1066/430 2460/1023/2460 2186/1012/2186
f 2158/1070/2158 2155/1065/2155 226/1067/226
f 2158/1070/2158 2095/1075/2095 2155/1065/2155
f 208/1064/208 430/1066/430 2231/1073/2231
f 2186/1012/2186 61/1011/61 2231/1073/2231
f 1979/1069/1979 2460/1023/2460 430/1066/430
f 2606/1068/2606 208/1064/208 2231/1073/2231
f 1132/1074/1132 2095/1075/2095 2158/1070/2158
f 2231/1073/2231 430/1066/430 2186/1012/2186
f 2158/1070/2158 2060/1071/2060 1140/1072/1140
f 2147/1038/2147 1979/1069/1979 430/1066/430
f 1839/1157/1839 1842/1141/1842 1845/1221/1845
f 2011/1216/2011 1795/1212/1795 1794/1215/1794
f 1998/1136/1998 1792/1101/1792 1791/1217/1791
f 1990/1234/1990 1839/1157/1839 1845/1221/1845
f 1990/1234/1990 1845/1221/1845 1991/1229/1991
f 1850/1232/1850 1811/1227/1811 1851/1225/1851
f 1781/1231/1781 1212/1235/1212 1784/1222/1784
f 1781/1231/1781 1850/1232/1850 1212/1235/1212
f 1251/1099/1251 2016/1100/2016 1792/1101/1792
f 1791/1217/1791 1795/1212/1795 1854/1213/1854
f 1809/1224/1809 1781/1231/1781 1784/1222/1784
f 1793/1228/1793 1811/1227/1811 819/1233/819
f 583/1236/583 1833/1237/1833 1809/1224/1809
f 1781/1231/1781 1811/1227/1811 1850/1232/1850
f 1800/1238/1800 1996/1209/1996 1995/1226/1995
f 1792/1101/1792 2016/1100/2016 1173/1102/1173
f 1990/1234/1990 1991/1229/1991 819/1233/819
f 1210/1239/1210 1986/1240/1986 1212/1235/1212
f 1809/1224/1809 1787/1230/1787 1775/1241/1775
f 1787/1230/1787 1809/1224/1809 1779/1223/1779
f 1811/1227/1811 1781/1231/1781 1809/1224/1809
f 1838/1219/1838 1991/1229/1991 1845/1221/1845
f 1790/1242/1790 1809/1224/1809 1833/1237/1833
f 583/1236/583 606/1243/606 1833/1237/1833
f 1948/1103/1948 1008/1104/1008 1949/1105/1949
f 583/1236/583 1809/1224/1809 1775/1241/1775
f 322/1106/322 2006/1107/2006 1957/1108/1957
f 819/1233/819 1991/1229/1991 1793/1228/1793
f 1850/1232/1850 1851/1225/1851 2009/1211/2009
f 1468/1162/1468 1990/1234/1990 819/1233/819
f 606/1243/606 819/1233/819 1790/1242/1790
f 1991/1229/1991 1838/1219/1838 1997/1218/1997
f 169/1196/169 1294/1131/1294 127/1130/127
f 1784/1222/1784 1986/1240/1986 1779/1223/1779
f 1293/1120/1293 868/1197/868 1216/1133/1216
f 187/1198/187 1294/1131/1294 169/1196/169
f 875/1199/875 868/1197/868 187/1198/187
f 877/1200/877 878/1201/878 128/1128/128
f 187/1198/187 878/1201/878 875/1199/875
f 878/1201/878 877/1200/877 875/1199/875
f 1294/1131/1294 187/1198/187 1293/1120/1293
f 1293/1120/1293 2017/1121/2017 1294/1131/1294
f 868/1197/868 1293/1120/1293 187/1198/187
f 1784/1222/1784 1212/1235/1212 1986/1240/1986
f 1809/1224/1809 1790/1242/1790 1811/1227/1811
f 868/1197/868 875/1199/875 876/1202/876
f 655/1244/655 1852/1168/1852 1468/1162/1468
f 819/1233/819 606/1243/606 655/1244/655
f 1008/1104/1008 1948/1103/1948 1773/1109/1773
f 1997/1218/1997 1793/1228/1793 1991/1229/1991
f 1839/1157/1839 1990/1234/1990 1468/1162/1468
f 1790/1242/1790 1833/1237/1833 606/1243/606
f 616/1183/616 1852/1168/1852 655/1244/655
f 1834/1214/1834 1842/1141/1842 1195/1140/1195
f 1468/1162/1468 819/1233/819 655/1244/655
f 606/1243/606 616/1183/616 655/1244/655
f 876/1202/876 1217/1203/1217 868/1197/868
f 187/1198/187 169/1196/169 878/1201/878
f 583/1236/583 1995/1226/1995 606/1243/606
f 1619/1111/1619 1293/1120/1293 1216/1133/1216
f 1811/1227/1811 1790/1242/1790 819/1233/819
f 1210/1239/1210 1212/1235/1212 1850/1232/1850
f 1995/1226/1995 616/1183/616 606/1243/606
f 1851/1225/1851 1793/1228/1793 1997/1218/1997
f 1775/1241/1775 1800/1238/1800 583/1236/583
f 1838/1219/1838 1846/1220/1846 1834/1214/1834
f 127/1130/127 128/1128/128 169/1196/169
f 1995/1226/1995 583/1236/583 1800/1238/1800
f 1857/1137/1857 1859/1138/1859 701/1139/701
f 1195/1140/1195 1842/1141/1842 1844/1142/1844
f 1841/1143/1841 1844/1142/1844 656/1144/656
f 707/1145/707 691/1146/691 702/1147/702
f 169/1196/169 128/1128/128 878/1201/878
f 128/1128/128 904/1127/904 877/1200/877
f 664/1148/664 701/1139/701 1859/1138/1859
f 656/1144/656 1844/1142/1844 1842/1141/1842
f 1230/1149/1230 707/1145/707 702/1147/702
f 611/1150/611 539/1151/539 701/1139/701
f 1217/1203/1217 1216/1133/1216 868/1197/868
f 664/1148/664 611/1150/611 701/1139/701
f 611/1150/611 664/1148/664 658/1152/658
f 1826/1153/1826 1842/1141/1842 1836/1154/1836
f 1811/1227/1811 1793/1228/1793 1851/1225/1851
f 657/1155/657 656/1144/656 1826/1153/1826
f 1859/1138/1859 1866/1156/1866 664/1148/664
f 1839/1157/1839 1836/1154/1836 1842/1141/1842
f 1241/1158/1241 1240/1159/1240 1230/1149/1230
f 1008/1104/1008 1173/1102/1173 1949/1105/1949
f 1785/1110/1785 1619/1111/1619 960/1112/960
f 1996/1209/1996 616/1183/616 1995/1226/1995
f 1785/1110/1785 1174/1113/1174 860/1114/860
f 1773/1109/1773 1957/1108/1957 2004/1115/2004
f 2009/1211/2009 1851/1225/1851 1997/1218/1997
f 539/1151/539 658/1152/658 544/1160/544
f 1173/1102/1173 1008/1104/1008 1003/1116/1003
f 1773/1109/1773 1202/1117/1202 1008/1104/1008
f 2006/1107/2006 2004/1115/2004 1957/1108/1957
f 1785/1110/1785 860/1114/860 1619/1111/1619
f 2008/1118/2008 2004/1115/2004 2006/1107/2006
f 1795/1212/1795 1791/1217/1791 1792/1101/1792
f 1619/1111/1619 1059/1119/1059 1293/1120/1293
f 1293/1120/1293 1059/1119/1059 2017/1121/2017
f 1784/1222/1784 1779/1223/1779 1809/1224/1809
f 1842/1141/1842 1846/1220/1846 1845/1221/1845
f 1845/1221/1845 1846/1220/1846 1838/1219/1838
f 1838/1219/1838 2011/1216/2011 1997/1218/1997
f 2009/1211/2009 1997/1218/1997 1794/1215/1794
f 657/1155/657 658/1152/658 664/1148/664
f 1826/1153/1826 1836/1154/1836 654/1161/654
f 654/1161/654 657/1155/657 1826/1153/1826
f 539/1151/539 1230/1149/1230 702/1147/702
f 1836/1154/1836 1839/1157/1839 1468/1162/1468
f 1230/1149/1230 660/1163/660 1241/1158/1241
f 660/1163/660 544/1160/544 658/1152/658
f 1584/1207/1584 616/1183/616 1996/1209/1996
f 669/1181/669 608/1188/608 680/1187/680
f 906/1178/906 1584/1207/1584 653/1208/653
f 1836/1154/1836 1899/1164/1899 654/1161/654
f 657/1155/657 654/1161/654 659/1165/659
f 1846/1220/1846 1842/1141/1842 1834/1214/1834
f 1834/1214/1834 2011/1216/2011 1838/1219/1838
f 2011/1216/2011 1794/1215/1794 1997/1218/1997
f 2009/1211/2009 1794/1215/1794 1478/1132/1478
f 1998/1136/1998 1791/1217/1791 1854/1213/1854
f 1834/1214/1834 1795/1212/1795 2011/1216/2011
f 1478/1132/1478 1794/1215/1794 1795/1212/1795
f 743/1122/743 1059/1119/1059 746/1123/746
f 960/1112/960 2009/1211/2009 1478/1132/1478
f 746/1123/746 1003/1116/1003 1202/1117/1202
f 758/1124/758 743/1122/743 746/1123/746
f 1195/1140/1195 1854/1213/1854 1834/1214/1834
f 2017/1121/2017 1059/1119/1059 743/1122/743
f 1854/1213/1854 1795/1212/1795 1834/1214/1834
f 1795/1212/1795 1792/1101/1792 1478/1132/1478
f 1989/1210/1989 2009/1211/2009 960/1112/960
f 1173/1102/1173 1003/1116/1003 861/1125/861
f 1939/1135/1939 2016/1100/2016 1251/1099/1251
f 1209/1126/1209 904/1127/904 128/1128/128
f 860/1114/860 1174/1113/1174 861/1125/861
f 1003/1116/1003 1008/1104/1008 1202/1117/1202
f 1003/1116/1003 746/1123/746 1059/1119/1059
f 874/1129/874 127/1130/127 1294/1131/1294
f 1294/1131/1294 2017/1121/2017 874/1129/874
f 1773/1109/1773 2004/1115/2004 1202/1117/1202
f 1478/1132/1478 1792/1101/1792 1174/1113/1174
f 2016/1100/2016 1949/1105/1949 1173/1102/1173
f 1202/1117/1202 2004/1115/2004 2008/1118/2008
f 1619/1111/1619 860/1114/860 1059/1119/1059
f 1785/1110/1785 1478/1132/1478 1174/1113/1174
f 1948/1103/1948 1949/1105/1949 2016/1100/2016
f 1174/1113/1174 1792/1101/1792 1173/1102/1173
f 1948/1103/1948 1935/1134/1935 1773/1109/1773
f 1210/1239/1210 1994/1206/1994 2036/1245/2036
f 2017/1121/2017 743/1122/743 758/1124/758
f 119/1251/119 642/1252/642 120/1250/120
f 120/1250/120 92/1185/92 119/1251/119
f 1210/1239/1210 1569/1246/1569 1994/1206/1994
f 1216/1133/1216 960/1112/960 1619/1111/1619
f 642/1252/642 119/1251/119 645/1249/645
f 701/1139/701 539/1151/539 525/1166/525
f 1836/1154/1836 1468/1162/1468 1899/1164/1899
f 660/1163/660 858/1167/858 1241/1158/1241
f 1059/1119/1059 860/1114/860 861/1125/861
f 636/1193/636 974/1194/974 642/1252/642
f 92/1185/92 120/1250/120 81/1186/81
f 645/1249/645 653/1208/653 642/1252/642
f 642/1252/642 974/1194/974 120/1250/120
f 664/1148/664 656/1144/656 657/1155/657
f 2017/1121/2017 758/1124/758 874/1129/874
f 1003/1116/1003 1059/1119/1059 861/1125/861
f 678/1177/678 119/1251/119 92/1185/92
f 707/1145/707 1230/1149/1230 1240/1159/1240
f 119/1251/119 678/1177/678 645/1249/645
f 81/1186/81 120/1250/120 974/1194/974
f 678/1177/678 906/1178/906 645/1249/645
f 645/1249/645 906/1178/906 653/1208/653
f 1989/1210/1989 960/1112/960 1216/1133/1216
f 1468/1162/1468 1852/1168/1852 1847/1169/1847
f 861/1125/861 1174/1113/1174 1173/1102/1173
f 850/1170/850 858/1167/858 660/1163/660
f 659/1165/659 670/1171/670 660/1163/660
f 1899/1164/1899 1847/1169/1847 663/1172/663
f 1210/1239/1210 1850/1232/1850 1569/1246/1569
f 1852/1168/1852 2042/1173/2042 652/1174/652
f 1230/1149/1230 544/1160/544 660/1163/660
f 668/1175/668 850/1170/850 670/1171/670
f 659/1165/659 658/1152/658 657/1155/657
f 1993/1248/1993 1989/1210/1989 1216/1133/1216
f 1957/1108/1957 1773/1109/1773 1935/1134/1935
f 1847/1169/1847 1853/1176/1853 663/1172/663
f 678/1177/678 652/1174/652 906/1178/906
f 1569/1246/1569 1989/1210/1989 1993/1248/1993
f 1899/1164/1899 1468/1162/1468 1847/1169/1847
f 1223/1179/1223 850/1170/850 668/1175/668
f 1994/1206/1994 2038/1247/2038 876/1202/876
f 1251/1099/1251 1792/1101/1792 1998/1136/1998
f 2009/1211/2009 1569/1246/1569 1850/1232/1850
f 685/1180/685 1223/1179/1223 668/1175/668
f 610/1184/610 666/1182/666 92/1185/92
f 669/1181/669 1853/1176/1853 666/1182/666
f 1847/1169/1847 1852/1168/1852 1853/1176/1853
f 2038/1247/2038 1993/1248/1993 1217/1203/1217
f 1569/1246/1569 1993/1248/1993 2038/1247/2038
f 610/1184/610 608/1188/608 669/1181/669
f 960/1112/960 1478/1132/1478 1785/1110/1785
f 1994/1206/1994 2018/1205/2018 2036/1245/2036
f 2042/1173/2042 616/1183/616 906/1178/906
f 2016/1100/2016 1939/1135/1939 1948/1103/1948
f 1935/1134/1935 1948/1103/1948 1939/1135/1939
f 2009/1211/2009 1989/1210/1989 1569/1246/1569
f 2008/1118/2008 746/1123/746 1202/1117/1202
f 666/1182/666 610/1184/610 669/1181/669
f 2038/1247/2038 1217/1203/1217 876/1202/876
f 526/1253/526 525/1166/525 702/1147/702
f 1216/1133/1216 1217/1203/1217 1993/1248/1993
f 702/1147/702 691/1146/691 526/1253/526
f 660/1163/660 670/1171/670 850/1170/850
f 934/1204/934 1994/1206/1994 876/1202/876
f 610/1184/610 92/1185/92 81/1186/81
f 668/1175/668 669/1181/669 680/1187/680
f 652/1174/652 678/1177/678 92/1185/92
f 525/1166/525 526/1253/526 527/1254/527
f 669/1181/669 668/1175/668 663/1172/663
f 2036/1245/2036 1986/1240/1986 1210/1239/1210
f 81/1186/81 608/1188/608 610/1184/610
f 652/1174/652 92/1185/92 666/1182/666
f 608/1188/608 81/1186/81 121/1189/121
f 663/1172/663 670/1171/670 659/1165/659
f 934/1204/934 876/1202/876 875/1199/875
f 934/1204/934 2018/1205/2018 1994/1206/1994
f 1857/1137/1857 701/1139/701 525/1166/525
f 539/1151/539 611/1150/611 658/1152/658
f 1230/1149/1230 539/1151/539 544/1160/544
f 2042/1173/2042 1852/1168/1852 616/1183/616
f 597/1190/597 600/1191/600 603/1192/603
f 636/1193/636 603/1192/603 974/1194/974
f 603/1192/603 632/1195/632 597/1190/597
f 1853/1176/1853 1852/1168/1852 652/1174/652
f 680/1187/680 685/1180/685 668/1175/668
f 663/1172/663 1853/1176/1853 669/1181/669
f 974/1194/974 121/1189/121 81/1186/81
f 858/1167/858 850/1170/850 1223/1179/1223
f 1841/1143/1841 1195/1140/1195 1844/1142/1844
f 652/1174/652 666/1182/666 1853/1176/1853
f 652/1174/652 2042/1173/2042 906/1178/906
f 654/1161/654 1899/1164/1899 659/1165/659
f 656/1144/656 1866/1156/1866 1841/1143/1841
f 525/1166/525 539/1151/539 702/1147/702
f 906/1178/906 616/1183/616 1584/1207/1584
f 636/1193/636 632/1195/632 603/1192/603
f 670/1171/670 663/1172/663 668/1175/668
f 659/1165/659 660/1163/660 658/1152/658
f 659/1165/659 1899/1164/1899 663/1172/663
f 1826/1153/1826 656/1144/656 1842/1141/1842
f 664/1148/664 1866/1156/1866 656/1144/656
f 2038/1247/2038 1994/1206/1994 1569/1246/1569
f 431/1346/431 2072/1345/2072 401/1293/401
f 987/1377/987 2696/1371/2696 1139/1381/1139
f 412/1361/412 789/1364/789 1313/1369/1313
f 2137/1376/2137 2480/1342/2480 1139/1381/1139
f 986/1380/986 311/1378/311 1128/1382/1128
f 1005/1383/1005 804/1370/804 986/1380/986
f 319/1415/319 395/1412/395 777/1421/777
f 1332/1391/1332 1009/1389/1009 1305/1394/1305
f 2176/1384/2176 2138/1283/2138 1139/1381/1139
f 1117/1332/1117 1137/1337/1137 417/1338/417
f 382/1423/382 888/1422/888 385/1419/385
f 415/1339/415 2072/1345/2072 417/1338/417
f 1093/1385/1093 1340/1386/1340 999/1387/999
f 320/1263/320 777/1421/777 888/1422/888
f 1332/1391/1332 990/1388/990 1005/1383/1005
f 385/1419/385 888/1422/888 915/1416/915
f 319/1415/319 777/1421/777 320/1263/320
f 1340/1386/1340 992/1401/992 1116/1402/1116
f 888/1422/888 777/1421/777 915/1416/915
f 1137/1337/1137 2443/1340/2443 417/1338/417
f 395/1412/395 915/1416/915 777/1421/777
f 914/1418/914 389/1348/389 1096/1335/1096
f 385/1419/385 914/1418/914 384/1420/384
f 1096/1335/1096 384/1420/384 914/1418/914
f 915/1416/915 914/1418/914 385/1419/385
f 2176/1384/2176 1330/1286/1330 2134/1288/2134
f 914/1418/914 915/1416/915 961/1417/961
f 2495/1351/2495 859/1353/859 2497/1354/2497
f 859/1353/859 846/1405/846 961/1417/961
f 389/1348/389 914/1418/914 846/1405/846
f 961/1417/961 846/1405/846 914/1418/914
f 915/1416/915 859/1353/859 961/1417/961
f 415/1339/415 414/1350/414 2072/1345/2072
f 922/1355/922 859/1353/859 915/1416/915
f 965/1373/965 922/1355/922 915/1416/915
f 454/1397/454 2478/1395/2478 2059/1392/2059
f 915/1416/915 395/1412/395 965/1373/965
f 855/1347/855 2495/1351/2495 402/1341/402
f 305/1276/305 146/1271/146 306/1270/306
f 1120/1275/1120 2263/1274/2263 1123/1260/1123
f 288/1266/288 2419/1311/2419 345/1273/345
f 887/1375/887 1128/1382/1128 311/1378/311
f 708/1308/708 410/1294/410 414/1350/414
f 265/1316/265 345/1273/345 2419/1311/2419
f 344/1314/344 265/1316/265 2419/1311/2419
f 709/1352/709 708/1308/708 414/1350/414
f 401/1293/401 410/1294/410 411/1295/411
f 306/1270/306 345/1273/345 265/1316/265
f 2177/1300/2177 2160/1281/2160 531/1296/531
f 308/1272/308 284/1414/284 560/1267/560
f 838/1330/838 825/1409/825 883/1410/883
f 284/1414/284 319/1415/319 560/1267/560
f 1015/1400/1015 1012/1406/1012 2227/1399/2227
f 883/1410/883 886/1374/886 953/1413/953
f 769/1398/769 2258/1396/2258 742/1368/742
f 1139/1381/1139 2480/1342/2480 987/1377/987
f 2137/1376/2137 711/1343/711 2480/1342/2480
f 2318/1372/2318 2319/1359/2319 2189/1365/2189
f 284/1414/284 308/1272/308 310/1324/310
f 922/1355/922 2189/1365/2189 2497/1354/2497
f 1339/1393/1339 992/1401/992 1340/1386/1340
f 825/1409/825 833/1329/833 454/1397/454
f 310/1324/310 953/1413/953 284/1414/284
f 723/1390/723 1340/1386/1340 1330/1286/1330
f 1148/1408/1148 789/1364/789 806/1363/806
f 308/1272/308 309/1269/309 310/1324/310
f 319/1415/319 284/1414/284 963/1411/963
f 2257/1336/2257 1096/1335/1096 389/1348/389
f 883/1410/883 953/1413/953 310/1324/310
f 1148/1408/1148 963/1411/963 953/1413/953
f 560/1267/560 319/1415/319 320/1263/320
f 929/1379/929 804/1370/804 1313/1369/1313
f 859/1353/859 855/1347/855 846/1405/846
f 1148/1408/1148 965/1373/965 963/1411/963
f 975/1404/975 1116/1402/1116 992/1401/992
f 986/1380/986 1128/1382/1128 1005/1383/1005
f 963/1411/963 395/1412/395 319/1415/319
f 953/1413/953 963/1411/963 284/1414/284
f 975/1404/975 742/1368/742 1022/1367/1022
f 1028/1403/1028 1027/1366/1027 742/1368/742
f 886/1374/886 883/1410/883 887/1375/887
f 310/1324/310 145/1323/145 883/1410/883
f 953/1413/953 886/1374/886 1148/1408/1148
f 963/1411/963 965/1373/965 395/1412/395
f 838/1330/838 883/1410/883 104/1325/104
f 825/1409/825 887/1375/887 883/1410/883
f 145/1323/145 104/1325/104 883/1410/883
f 833/1329/833 825/1409/825 838/1330/838
f 331/1322/331 2192/1320/2192 333/1319/333
f 947/1259/947 946/1277/946 117/1256/117
f 709/1352/709 414/1350/414 609/1349/609
f 2495/1351/2495 855/1347/855 859/1353/859
f 2059/1392/2059 921/1424/921 825/1409/825
f 921/1424/921 887/1375/887 825/1409/825
f 2497/1354/2497 859/1353/859 922/1355/922
f 989/1356/989 970/1357/970 2550/1344/2550
f 454/1397/454 2059/1392/2059 825/1409/825
f 531/1296/531 2148/1304/2148 1115/1297/1115
f 709/1352/709 989/1356/989 711/1343/711
f 145/1323/145 310/1324/310 309/1269/309
f 344/1314/344 2345/1315/2345 265/1316/265
f 390/1358/390 708/1308/708 709/1352/709
f 2497/1354/2497 2319/1359/2319 2290/1360/2290
f 265/1316/265 301/1317/301 306/1270/306
f 2246/1331/2246 1117/1332/1117 434/1333/434
f 2290/1360/2290 2550/1344/2550 970/1357/970
f 554/1301/554 2175/1303/2175 2252/1307/2252
f 2139/1334/2139 2246/1331/2246 434/1333/434
f 1096/1335/1096 2257/1336/2257 1137/1337/1137
f 412/1361/412 1270/1362/1270 806/1363/806
f 1803/1310/1803 2345/1315/2345 344/1314/344
f 417/1338/417 434/1333/434 1117/1332/1117
f 146/1271/146 145/1323/145 309/1269/309
f 789/1364/789 412/1361/412 806/1363/806
f 145/1323/145 146/1271/146 1120/1275/1120
f 1128/1382/1128 887/1375/887 921/1424/921
f 709/1352/709 711/1343/711 390/1358/390
f 921/1424/921 2059/1392/2059 1128/1382/1128
f 1114/1285/1114 531/1296/531 1115/1297/1115
f 473/1298/473 1115/1297/1115 2199/1299/2199
f 415/1339/415 2443/1340/2443 402/1341/402
f 1137/1337/1137 2257/1336/2257 2443/1340/2443
f 104/1325/104 145/1323/145 1120/1275/1120
f 2550/1344/2550 2290/1360/2290 2319/1359/2319
f 2345/1315/2345 301/1317/301 265/1316/265
f 2189/1365/2189 2319/1359/2319 2497/1354/2497
f 305/1276/305 306/1270/306 302/1318/302
f 2480/1342/2480 711/1343/711 2550/1344/2550
f 1270/1362/1270 2189/1365/2189 922/1355/922
f 434/1333/434 2072/1345/2072 431/1346/431
f 417/1338/417 2443/1340/2443 415/1339/415
f 708/1308/708 473/1298/473 410/1294/410
f 104/1325/104 1120/1275/1120 1122/1326/1122
f 1330/1286/1330 446/1287/446 2134/1288/2134
f 2143/1291/2143 2187/1290/2187 2527/1305/2527
f 2177/1300/2177 531/1296/531 554/1301/554
f 1133/1268/1133 306/1270/306 309/1269/309
f 2469/1292/2469 2184/1289/2184 446/1287/446
f 2133/1280/2133 2160/1281/2160 2174/1282/2174
f 2525/1302/2525 2175/1303/2175 2268/1284/2268
f 843/1258/843 1122/1326/1122 1123/1260/1123
f 301/1317/301 302/1318/302 306/1270/306
f 2525/1302/2525 2268/1284/2268 2138/1283/2138
f 117/1256/117 118/1321/118 1367/1257/1367
f 116/1262/116 835/1327/835 843/1258/843
f 1122/1326/1122 1120/1275/1120 1123/1260/1123
f 2143/1291/2143 2527/1305/2527 2525/1302/2525
f 835/1327/835 116/1262/116 2065/1328/2065
f 116/1262/116 103/1278/103 2065/1328/2065
f 1139/1381/1139 2138/1283/2138 2137/1376/2137
f 1012/1406/1012 979/1407/979 1028/1403/1028
f 843/1258/843 115/1255/115 116/1262/116
f 454/1397/454 2258/1396/2258 2478/1395/2478
f 390/1358/390 1114/1285/1114 1115/1297/1115
f 1305/1394/1305 1340/1386/1340 1332/1391/1332
f 531/1296/531 1114/1285/1114 554/1301/554
f 1028/1403/1028 2227/1399/2227 1012/1406/1012
f 835/1327/835 833/1329/833 1122/1326/1122
f 2199/1299/2199 2148/1304/2148 2133/1280/2133
f 2148/1304/2148 531/1296/531 2133/1280/2133
f 115/1255/115 1367/1257/1367 116/1262/116
f 389/1348/389 846/1405/846 855/1347/855
f 975/1404/975 769/1398/769 742/1368/742
f 992/1401/992 769/1398/769 975/1404/975
f 2138/1283/2138 2176/1384/2176 2134/1288/2134
f 531/1296/531 2160/1281/2160 2133/1280/2133
f 742/1368/742 2227/1399/2227 1028/1403/1028
f 979/1407/979 1012/1406/1012 2065/1328/2065
f 709/1352/709 609/1349/609 989/1356/989
f 835/1327/835 2065/1328/2065 1015/1400/1015
f 2227/1399/2227 742/1368/742 2258/1396/2258
f 999/1387/999 1340/1386/1340 1116/1402/1116
f 708/1308/708 390/1358/390 1115/1297/1115
f 2495/1351/2495 2290/1360/2290 402/1341/402
f 2134/1288/2134 2143/1291/2143 2525/1302/2525
f 2258/1396/2258 769/1398/769 2478/1395/2478
f 431/1346/431 2139/1334/2139 434/1333/434
f 2227/1399/2227 2258/1396/2258 833/1329/833
f 1339/1393/1339 769/1398/769 992/1401/992
f 2227/1399/2227 833/1329/833 1015/1400/1015
f 1339/1393/1339 2478/1395/2478 769/1398/769
f 886/1374/886 789/1364/789 1148/1408/1148
f 434/1333/434 417/1338/417 2072/1345/2072
f 2258/1396/2258 454/1397/454 833/1329/833
f 140/1279/140 1367/1257/1367 118/1321/118
f 1027/1366/1027 1028/1403/1028 979/1407/979
f 2187/1290/2187 2184/1289/2184 2469/1292/2469
f 1339/1393/1339 1340/1386/1340 1305/1394/1305
f 1015/1400/1015 2065/1328/2065 1012/1406/1012
f 1339/1393/1339 2059/1392/2059 2478/1395/2478
f 1093/1385/1093 1330/1286/1330 1340/1386/1340
f 1009/1389/1009 1339/1393/1339 1305/1394/1305
f 1332/1391/1332 1340/1386/1340 723/1390/723
f 723/1390/723 1330/1286/1330 2176/1384/2176
f 2059/1392/2059 1009/1389/1009 1128/1382/1128
f 929/1379/929 986/1380/986 804/1370/804
f 1005/1383/1005 1009/1389/1009 1332/1391/1332
f 554/1301/554 2252/1307/2252 2177/1300/2177
f 990/1388/990 1332/1391/1332 723/1390/723
f 723/1390/723 2176/1384/2176 990/1388/990
f 2072/1345/2072 410/1294/410 401/1293/401
f 1009/1389/1009 1005/1383/1005 1128/1382/1128
f 2443/1340/2443 2257/1336/2257 389/1348/389
f 1313/1369/1313 789/1364/789 929/1379/929
f 711/1343/711 2137/1376/2137 390/1358/390
f 414/1350/414 410/1294/410 2072/1345/2072
f 2696/1371/2696 990/1388/990 2176/1384/2176
f 2290/1360/2290 2495/1351/2495 2497/1354/2497
f 1005/1383/1005 990/1388/990 804/1370/804
f 1115/1297/1115 2148/1304/2148 2199/1299/2199
f 804/1370/804 990/1388/990 2696/1371/2696
f 1270/1362/1270 922/1355/922 965/1373/965
f 2176/1384/2176 1139/1381/1139 2696/1371/2696
f 838/1330/838 104/1325/104 1122/1326/1122
f 1339/1393/1339 1009/1389/1009 2059/1392/2059
f 833/1329/833 835/1327/835 1015/1400/1015
f 103/1278/103 116/1262/116 143/1261/143
f 2187/1290/2187 2175/1303/2175 2527/1305/2527
f 806/1363/806 965/1373/965 1148/1408/1148
f 838/1330/838 1122/1326/1122 833/1329/833
f 402/1341/402 2290/1360/2290 970/1357/970
f 1122/1326/1122 843/1258/843 835/1327/835
f 1115/1297/1115 473/1298/473 708/1308/708
f 1367/1257/1367 143/1261/143 116/1262/116
f 2184/1289/2184 2187/1290/2187 2143/1291/2143
f 413/1306/413 1102/1309/1102 411/1295/411
f 413/1306/413 410/1294/410 473/1298/473
f 2525/1302/2525 2138/1283/2138 2134/1288/2134
f 2419/1311/2419 1803/1310/1803 344/1314/344
f 345/1273/345 306/1270/306 1133/1268/1133
f 2184/1289/2184 2143/1291/2143 2134/1288/2134
f 118/1321/118 117/1256/117 333/1319/333
f 320/1263/320 335/1264/335 2094/1265/2094
f 554/1301/554 1114/1285/1114 2268/1284/2268
f 288/1266/288 320/1263/320 2094/1265/2094
f 2469/1292/2469 446/1287/446 1330/1286/1330
f 2268/1284/2268 2175/1303/2175 554/1301/554
f 320/1263/320 288/1266/288 560/1267/560
f 140/1279/140 143/1261/143 1367/1257/1367
f 117/1256/117 115/1255/115 947/1259/947
f 333/1319/333 305/1276/305 302/1318/302
f 1133/1268/1133 560/1267/560 288/1266/288
f 309/1269/309 306/1270/306 146/1271/146
f 2184/1289/2184 2134/1288/2134 446/1287/446
f 308/1272/308 560/1267/560 1133/1268/1133
f 2138/1283/2138 2268/1284/2268 1114/1285/1114
f 115/1255/115 117/1256/117 1367/1257/1367
f 288/1266/288 345/1273/345 1133/1268/1133
f 843/1258/843 947/1259/947 115/1255/115
f 2263/1274/2263 1120/1275/1120 305/1276/305
f 333/1319/333 2192/1320/2192 118/1321/118
f 946/1277/946 947/1259/947 2263/1274/2263
f 309/1269/309 308/1272/308 1133/1268/1133
f 117/1256/117 946/1277/946 333/1319/333
f 305/1276/305 333/1319/333 946/1277/946
f 1803/1310/1803 2419/1311/2419 2338/1312/2338
f 855/1347/855 2443/1340/2443 389/1348/389
f 1096/1335/1096 1137/1337/1137 1117/1332/1117
f 1803/1310/1803 2338/1312/2338 1408/1313/1408
f 333/1319/333 302/1318/302 331/1322/331
f 2525/1302/2525 2527/1305/2527 2175/1303/2175
f 947/1259/947 843/1258/843 1123/1260/1123
f 946/1277/946 2263/1274/2263 305/1276/305
f 146/1271/146 305/1276/305 1120/1275/1120
f 1027/1366/1027 1022/1367/1022 742/1368/742
f 1123/1260/1123 2263/1274/2263 947/1259/947
f 412/1361/412 1313/1369/1313 1270/1362/1270
f 804/1370/804 2696/1371/2696 2318/1372/2318
f 2480/1342/2480 2550/1344/2550 2319/1359/2319
f 1270/1362/1270 965/1373/965 806/1363/806
f 989/1356/989 609/1349/609 970/1357/970
f 2443/1340/2443 855/1347/855 402/1341/402
f 2189/1365/2189 1270/1362/1270 1313/1369/1313
f 411/1295/411 410/1294/410 413/1306/413
f 789/1364/789 886/1374/886 887/1375/887
f 390/1358/390 2137/1376/2137 1114/1285/1114
f 2480/1342/2480 2319/1359/2319 987/1377/987
f 2319/1359/2319 2318/1372/2318 987/1377/987
f 1313/1369/1313 2318/1372/2318 2189/1365/2189
f 609/1349/609 414/1350/414 415/1339/415
f 789/1364/789 887/1375/887 311/1378/311
f 311/1378/311 929/1379/929 789/1364/789
f 402/1341/402 609/1349/609 415/1339/415
f 888/1422/888 382/1423/382 335/1264/335
f 987/1377/987 2318/1372/2318 2696/1371/2696
f 2137/1376/2137 2138/1283/2138 1114/1285/1114
f 335/1264/335 320/1263/320 888/1422/888
f 609/1349/609 402/1341/402 970/1357/970
f 2550/1344/2550 711/1343/711 989/1356/989
f 2318/1372/2318 1313/1369/1313 804/1370/804
f 311/1378/311 986/1380/986 929/1379/929
f 2439/1523/2439 269/1524/269 2412/1525/2412
f 2412/1525/2412 1823/1526/1823 1768/1527/1768
f 2412/1525/2412 1768/1527/1768 2439/1523/2439
f 2526/1528/2526 1712/1529/1712 2159/1530/2159
f 1712/1529/1712 2526/1528/2526 1734/1531/1734
f 2479/1532/2479 1616/1533/1616 1712/1529/1712
f 1743/1534/1743 1616/1533/1616 2479/1532/2479
f 2526/1528/2526 2159/1530/2159 1646/1535/1646
f 1734/1531/1734 2479/1532/2479 1712/1529/1712
f 2549/1536/2549 2384/1537/2384 1664/1512/1664
f 2400/1538/2400 2611/1539/2611 2384/1537/2384
f 1664/1512/1664 2384/1537/2384 2611/1539/2611
f 2643/1540/2643 2611/1539/2611 2400/1538/2400
f 1636/1541/1636 1599/1542/1599 1709/1543/1709
f 1664/1512/1664 1902/1544/1902 2388/1510/2388
f 1636/1541/1636 1709/1543/1709 1901/1545/1901
f 2388/1510/2388 1901/1545/1901 2669/1546/2669
f 2384/1537/2384 2549/1536/2549 2561/1547/2561
f 1636/1541/1636 1901/1545/1901 2643/1540/2643
f 2669/1546/2669 1901/1545/1901 1709/1543/1709
f 1634/1548/1634 1709/1543/1709 1599/1542/1599
f 2400/1538/2400 2384/1537/2384 2561/1547/2561
f 1901/1545/1901 1902/1544/1902 2643/1540/2643
f 2611/1539/2611 1902/1544/1902 1664/1512/1664
f 2388/1510/2388 1902/1544/1902 1901/1545/1901
f 2643/1540/2643 1902/1544/1902 2611/1539/2611
f 1646/1535/1646 1742/1549/1742 2526/1528/2526
f 2655/1550/2655 1743/1534/1743 2479/1532/2479
f 1729/1551/1729 2479/1532/2479 1734/1531/1734
f 2456/1515/2456 202/1513/202 1666/1514/1666
f 1729/1551/1729 1641/1552/1641 2397/1553/2397
f 1641/1552/1641 1640/1554/1640 2397/1553/2397
f 2655/1550/2655 2397/1553/2397 2195/1555/2195
f 1821/1556/1821 2397/1553/2397 1640/1554/1640
f 2397/1553/2397 1821/1556/1821 2195/1555/2195
f 2479/1532/2479 1729/1551/1729 2655/1550/2655
f 2195/1555/2195 2544/1557/2544 1807/1558/1807
f 2397/1553/2397 2655/1550/2655 1729/1551/1729
f 1807/1558/1807 2655/1550/2655 2195/1555/2195
f 2544/1557/2544 2195/1555/2195 1821/1556/1821
f 1686/1559/1686 1599/1542/1599 2661/1560/2661
f 1686/1559/1686 1640/1554/1640 1599/1542/1599
f 1686/1559/1686 1638/1561/1638 1640/1554/1640
f 1640/1554/1640 1638/1561/1638 1821/1556/1821
f 2560/1516/2560 2450/1517/2450 236/1518/236
f 1821/1556/1821 1685/1562/1685 2544/1557/2544
f 1685/1562/1685 1638/1561/1638 1684/1563/1684
f 2456/1515/2456 2560/1516/2560 236/1518/236
f 2456/1515/2456 236/1518/236 202/1513/202
f 1674/1519/1674 1664/1512/1664 202/1513/202
f 1599/1542/1599 1640/1554/1640 1641/1552/1641
f 2439/1523/2439 2544/1557/2544 250/1564/250
f 1821/1556/1821 1638/1561/1638 2639/1565/2639
f 268/1566/268 269/1524/269 250/1564/250
f 2544/1557/2544 2439/1523/2439 1807/1558/1807
f 1685/1562/1685 1684/1563/1684 2607/1567/2607
f 1685/1562/1685 2607/1567/2607 1738/1568/1738
f 251/1569/251 1738/1568/1738 1711/1570/1711
f 1738/1568/1738 251/1569/251 250/1564/250
f 1685/1562/1685 250/1564/250 2544/1557/2544
f 1696/1520/1696 2450/1517/2450 2560/1516/2560
f 1638/1561/1638 1685/1562/1685 2639/1565/2639
f 2661/1560/2661 1599/1542/1599 1636/1541/1636
f 251/1569/251 1760/1571/1760 1761/1572/1761
f 1685/1562/1685 1738/1568/1738 250/1564/250
f 1738/1568/1738 2607/1567/2607 1711/1570/1711
f 1760/1571/1760 251/1569/251 1711/1570/1711
f 1821/1556/1821 2639/1565/2639 1685/1562/1685
f 250/1564/250 269/1524/269 2439/1523/2439
f 251/1569/251 1761/1572/1761 1753/1573/1753
f 251/1569/251 268/1566/268 250/1564/250
f 1666/1514/1666 202/1513/202 201/1511/201
f 1664/1512/1664 201/1511/201 202/1513/202
f 2388/1510/2388 201/1511/201 1664/1512/1664
f 2428/1458/2428 2539/1457/2539 2022/1490/2022
f 2022/1490/2022 1837/1499/1837 2310/1488/2310
f 2350/1445/2350 2429/1434/2429 2437/1446/2437
f 2363/1439/2363 2371/1449/2371 2365/1437/2365
f 2316/1473/2316 2452/1491/2452 2348/1472/2348
f 2616/1497/2616 1837/1499/1837 2539/1457/2539
f 2022/1490/2022 2539/1457/2539 1837/1499/1837
f 2356/1492/2356 1818/1470/1818 2355/1450/2355
f 1941/1477/1941 2428/1458/2428 2452/1491/2452
f 2037/1474/2037 2034/1475/2034 2432/1476/2432
f 2427/1429/2427 2429/1434/2429 2390/1438/2390
f 2307/1505/2307 2490/1501/2490 2418/1496/2418
f 332/1479/332 2299/1469/2299 2309/1489/2309
f 2303/1482/2303 2485/1484/2485 2022/1490/2022
f 2432/1476/2432 1676/1478/1676 2037/1474/2037
f 2427/1429/2427 2390/1438/2390 2499/1440/2499
f 2352/1455/2352 1233/1460/1233 299/1465/299
f 1806/1447/1806 2342/1444/2342 2296/1493/2296
f 2315/1504/2315 2490/1501/2490 2630/1509/2630
f 2348/1472/2348 2442/1471/2442 2316/1473/2316
f 2374/1435/2374 2623/1506/2623 2563/1451/2563
f 2418/1496/2418 2314/1502/2314 2302/1495/2302
f 2069/1467/2069 2341/1459/2341 2438/1463/2438
f 2308/1456/2308 2428/1458/2428 2302/1495/2302
f 2374/1435/2374 2563/1451/2563 2446/1441/2446
f 301/1448/301 299/1465/299 302/1508/302
f 2362/1485/2362 2348/1472/2348 2452/1491/2452
f 2037/1474/2037 2438/1463/2438 2518/1466/2518
f 2348/1472/2348 2297/1486/2297 1818/1470/1818
f 1818/1470/1818 2486/1452/2486 2339/1454/2339
f 2315/1504/2315 2302/1495/2302 2314/1502/2314
f 2310/1488/2310 1837/1499/1837 2312/1500/2312
f 1233/1460/1233 1691/1461/1691 1238/1468/1238
f 2424/1431/2424 2285/1430/2285 2629/1507/2629
f 2486/1452/2486 2356/1492/2356 2437/1446/2437
f 2623/1506/2623 2340/1453/2340 2563/1451/2563
f 2362/1485/2362 1777/1483/1777 2297/1486/2297
f 2297/1486/2297 1777/1483/1777 2303/1482/2303
f 2486/1452/2486 2430/1442/2430 2446/1441/2446
f 2355/1450/2355 2297/1486/2297 2296/1493/2296
f 2301/1480/2301 1238/1468/1238 2303/1482/2303
f 2418/1496/2418 2013/1494/2013 2307/1505/2307
f 2499/1440/2499 2363/1439/2363 2365/1437/2365
f 2356/1492/2356 2355/1450/2355 2437/1446/2437
f 2307/1505/2307 2013/1494/2013 2007/1487/2007
f 2623/1506/2623 2374/1435/2374 2424/1431/2424
f 2301/1480/2301 2303/1482/2303 2022/1490/2022
f 2307/1505/2307 2007/1487/2007 1690/1481/1690
f 2297/1486/2297 2303/1482/2303 1238/1468/1238
f 2301/1480/2301 2310/1488/2310 2299/1469/2299
f 2442/1471/2442 2069/1467/2069 2316/1473/2316
f 2459/1503/2459 2302/1495/2302 2315/1504/2315
f 2297/1486/2297 1238/1468/1238 1691/1461/1691
f 2309/1489/2309 2310/1488/2310 2312/1500/2312
f 1691/1461/1691 2296/1493/2296 2297/1486/2297
f 2069/1467/2069 2442/1471/2442 2339/1454/2339
f 2490/1501/2490 2315/1504/2315 2314/1502/2314
f 2341/1459/2341 2555/1464/2555 2438/1463/2438
f 2308/1456/2308 2302/1495/2302 2459/1503/2459
f 2302/1495/2302 2428/1458/2428 1941/1477/1941
f 2490/1501/2490 2314/1502/2314 2418/1496/2418
f 2539/1457/2539 2308/1456/2308 2616/1497/2616
f 1837/1499/1837 303/1498/303 2312/1500/2312
f 2616/1497/2616 303/1498/303 1837/1499/1837
f 2645/1574/2645 1761/1572/1761 1760/1571/1760
f 2418/1496/2418 2302/1495/2302 2013/1494/2013
f 1760/1571/1760 1670/1575/1670 2645/1574/2645
f 2297/1486/2297 2355/1450/2355 1818/1470/1818
f 1806/1447/1806 2296/1493/2296 1691/1461/1691
f 2302/1495/2302 1941/1477/1941 2013/1494/2013
f 2387/1427/2387 2499/1440/2499 2365/1437/2365
f 2339/1454/2339 2442/1471/2442 1818/1470/1818
f 2427/1429/2427 2499/1440/2499 2426/1426/2426
f 2355/1450/2355 2296/1493/2296 2371/1449/2371
f 1941/1477/1941 2007/1487/2007 2013/1494/2013
f 2342/1444/2342 2371/1449/2371 2296/1493/2296
f 2452/1491/2452 2428/1458/2428 2362/1485/2362
f 1818/1470/1818 2356/1492/2356 2486/1452/2486
f 2022/1490/2022 1777/1483/1777 2428/1458/2428
f 2429/1434/2429 2373/1428/2373 2446/1441/2446
f 2499/1440/2499 2387/1427/2387 2426/1426/2426
f 1676/1478/1676 1941/1477/1941 2452/1491/2452
f 2007/1487/2007 1941/1477/1941 2432/1476/2432
f 1690/1481/1690 2007/1487/2007 2034/1475/2034
f 2452/1491/2452 2316/1473/2316 1676/1478/1676
f 2362/1485/2362 2428/1458/2428 1777/1483/1777
f 2022/1490/2022 2485/1484/2485 1777/1483/1777
f 2310/1488/2310 2301/1480/2301 2022/1490/2022
f 2310/1488/2310 2309/1489/2309 2299/1469/2299
f 2432/1476/2432 2034/1475/2034 2007/1487/2007
f 1676/1478/1676 2316/1473/2316 2037/1474/2037
f 2348/1472/2348 2362/1485/2362 2297/1486/2297
f 2303/1482/2303 1777/1483/1777 2485/1484/2485
f 2034/1475/2034 2518/1466/2518 1690/1481/1690
f 2350/1445/2350 2363/1439/2363 2390/1438/2390
f 2316/1473/2316 2438/1463/2438 2037/1474/2037
f 1238/1468/1238 2301/1480/2301 2299/1469/2299
f 2486/1452/2486 2437/1446/2437 2430/1442/2430
f 2299/1469/2299 332/1479/332 299/1465/299
f 2299/1469/2299 299/1465/299 1233/1460/1233
f 2432/1476/2432 1941/1477/1941 1676/1478/1676
f 2037/1474/2037 2518/1466/2518 2034/1475/2034
f 2069/1467/2069 2438/1463/2438 2316/1473/2316
f 1818/1470/1818 2442/1471/2442 2348/1472/2348
f 1238/1468/1238 2299/1469/2299 1233/1460/1233
f 2069/1467/2069 2339/1454/2339 2341/1459/2341
f 2343/1443/2343 2352/1455/2352 301/1448/301
f 2571/1462/2571 2518/1466/2518 2438/1463/2438
f 2555/1464/2555 2341/1459/2341 2340/1453/2340
f 301/1448/301 2352/1455/2352 299/1465/299
f 2571/1462/2571 2438/1463/2438 2555/1464/2555
f 1233/1460/1233 1806/1447/1806 1691/1461/1691
f 1806/1447/1806 1233/1460/1233 2352/1455/2352
f 2341/1459/2341 2339/1454/2339 2340/1453/2340
f 2308/1456/2308 2539/1457/2539 2428/1458/2428
f 2355/1450/2355 2371/1449/2371 2363/1439/2363
f 2350/1445/2350 2437/1446/2437 2355/1450/2355
f 2339/1454/2339 2486/1452/2486 2563/1451/2563
f 2343/1443/2343 1806/1447/1806 2352/1455/2352
f 2340/1453/2340 2339/1454/2339 2563/1451/2563
f 2563/1451/2563 2486/1452/2486 2446/1441/2446
f 2363/1439/2363 2350/1445/2350 2355/1450/2355
f 2342/1444/2342 2365/1437/2365 2371/1449/2371
f 2343/1443/2343 301/1448/301 2345/1436/2345
f 2343/1443/2343 2342/1444/2342 1806/1447/1806
f 1408/1425/1408 2387/1427/2387 1803/1433/1803
f 2430/1442/2430 2437/1446/2437 2429/1434/2429
f 2429/1434/2429 2350/1445/2350 2390/1438/2390
f 2342/1444/2342 2358/1432/2358 2365/1437/2365
f 2358/1432/2358 2343/1443/2343 2345/1436/2345
f 2343/1443/2343 2358/1432/2358 2342/1444/2342
f 2430/1442/2430 2429/1434/2429 2446/1441/2446
f 2374/1435/2374 2446/1441/2446 2373/1428/2373
f 2390/1438/2390 2363/1439/2363 2499/1440/2499
f 2387/1427/2387 2365/1437/2365 2358/1432/2358
f 2345/1436/2345 1803/1433/1803 2358/1432/2358
f 302/1508/302 299/1465/299 332/1479/332
f 2374/1435/2374 2373/1428/2373 2424/1431/2424
f 2429/1434/2429 2427/1429/2427 2373/1428/2373
f 2387/1427/2387 2358/1432/2358 1803/1433/1803
f 2285/1430/2285 2424/1431/2424 2373/1428/2373
f 2373/1428/2373 2427/1429/2427 2285/1430/2285
f 1408/1425/1408 2426/1426/2426 2387/1427/2387
f 1668/1576/1668 2607/1567/2607 1684/1563/1684
f 1668/1576/1668 1874/1577/1874 2607/1567/2607
f 1874/1577/1874 2496/1578/2496 2607/1567/2607
f 1711/1570/1711 2607/1567/2607 2496/1578/2496
f 269/1524/269 268/1566/268 1753/1573/1753
f 251/1569/251 1753/1573/1753 268/1566/268
f 2526/1528/2526 2461/1579/2461 1734/1531/1734
f 2461/1579/2461 1729/1551/1729 1734/1531/1734
f 2420/1580/2420 1600/1581/1600 1599/1542/1599
f 2461/1579/2461 1567/1582/1567 1729/1551/1729
f 1742/1549/1742 1639/1583/1639 1567/1582/1567
f 1567/1582/1567 1639/1583/1639 2420/1580/2420
f 2526/1528/2526 1742/1549/1742 2461/1579/2461
f 1641/1552/1641 2420/1580/2420 1599/1542/1599
f 1742/1549/1742 1567/1582/1567 2461/1579/2461
f 1641/1552/1641 1729/1551/1729 1567/1582/1567
f 1634/1548/1634 1599/1542/1599 1600/1581/1600
f 332/1479/332 2309/1489/2309 331/1521/331
f 1567/1582/1567 2420/1580/2420 1641/1552/1641
f 1649/1584/1649 2561/1547/2561 1677/1585/1677
f 1649/1584/1649 1677/1585/1677 1638/1561/1638
f 1636/1541/1636 2643/1540/2643 2661/1560/2661
f 1677/1585/1677 1683/1586/1683 1638/1561/1638
f 1649/1584/1649 2400/1538/2400 2561/1547/2561
f 1686/1559/1686 1649/1584/1649 1638/1561/1638
f 2643/1540/2643 2400/1538/2400 2661/1560/2661
f 1686/1559/1686 2400/1538/2400 1649/1584/1649
f 1638/1561/1638 1683/1586/1683 1684/1563/1684
f 1686/1559/1686 2661/1560/2661 2400/1538/2400
f 1807/1558/1807 1744/1587/1744 1743/1534/1743
f 1807/1558/1807 1743/1534/1743 2655/1550/2655
f 1807/1558/1807 2439/1523/2439 1744/1587/1744
f 1768/1527/1768 1823/1526/1823 1744/1587/1744
f 1744/1587/1744 2439/1523/2439 1768/1527/1768
f 2623/1506/2623 2424/1431/2424 2468/1588/2468
f 2656/1589/2656 2468/1588/2468 204/1590/204
f 2468/1588/2468 2617/1591/2617 2623/1506/2623
f 2468/1588/2468 2656/1589/2656 2617/1591/2617
f 2656/1589/2656 204/1590/204 2554/1592/2554
f 2558/1593/2558 2618/1594/2618 2599/1595/2599
f 2571/1462/2571 2447/1596/2447 2564/1597/2564
f 2558/1593/2558 2617/1591/2617 2627/1598/2627
f 2623/1506/2623 1681/1599/1681 2340/1453/2340
f 2449/1600/2449 2450/1517/2450 2630/1509/2630
f 2564/1597/2564 2518/1466/2518 2571/1462/2571
f 1681/1599/1681 2617/1591/2617 2440/1601/2440
f 2599/1595/2599 2633/1602/2633 2509/1603/2509
f 2511/1604/2511 1609/1605/1609 1874/1577/1874
f 2312/1500/2312 2192/1522/2192 2309/1489/2309
f 1711/1570/1711 2496/1578/2496 2619/1606/2619
f 2630/1509/2630 2490/1501/2490 2449/1600/2449
f 2450/1517/2450 1662/1607/1662 236/1518/236
f 2559/1608/2559 1671/1609/1671 1670/1575/1670
f 2340/1453/2340 1681/1599/1681 2440/1601/2440
f 1749/1610/1749 2549/1536/2549 1747/1611/1747
f 2561/1547/2561 1749/1610/1749 2624/1612/2624
f 2624/1612/2624 2511/1604/2511 1668/1576/1668
f 331/1521/331 302/1508/302 332/1479/332
f 2617/1591/2617 2656/1589/2656 247/1613/247
f 2599/1595/2599 2600/1614/2600 2558/1593/2558
f 1662/1607/1662 1674/1519/1674 202/1513/202
f 2558/1593/2558 2555/1464/2555 2440/1601/2440
f 1674/1519/1674 1747/1611/1747 1664/1512/1664
f 2192/1522/2192 2312/1500/2312 303/1498/303
f 2647/1615/2647 1747/1611/1747 1662/1607/1662
f 2448/1616/2448 2307/1505/2307 1690/1481/1690
f 2600/1614/2600 2555/1464/2555 2558/1593/2558
f 2559/1608/2559 2557/1617/2557 247/1613/247
f 2518/1466/2518 2564/1597/2564 1690/1481/1690
f 1668/1576/1668 2511/1604/2511 1874/1577/1874
f 2440/1601/2440 2555/1464/2555 2340/1453/2340
f 1677/1585/1677 2561/1547/2561 2624/1612/2624
f 2307/1505/2307 2306/1618/2306 2490/1501/2490
f 2306/1618/2306 2449/1600/2449 2490/1501/2490
f 2309/1489/2309 2192/1522/2192 331/1521/331
f 2306/1618/2306 2307/1505/2307 2448/1616/2448
f 2627/1598/2627 2617/1591/2617 247/1613/247
f 2627/1598/2627 2618/1594/2618 2558/1593/2558
f 1667/1619/1667 1668/1576/1668 1684/1563/1684
f 1664/1512/1664 1747/1611/1747 2549/1536/2549
f 2630/1509/2630 2450/1517/2450 1696/1520/1696
f 2449/1600/2449 2306/1618/2306 2448/1616/2448
f 2449/1600/2449 1662/1607/1662 2450/1517/2450
f 236/1518/236 1662/1607/1662 202/1513/202
f 2511/1604/2511 2509/1603/2509 2633/1602/2633
f 2571/1462/2571 2600/1614/2600 2447/1596/2447
f 2557/1617/2557 2627/1598/2627 247/1613/247
f 2656/1589/2656 2554/1592/2554 247/1613/247
f 2610/1620/2610 2559/1608/2559 1670/1575/1670
f 2605/1621/2605 2448/1616/2448 2564/1597/2564
f 2556/1622/2556 2509/1603/2509 2511/1604/2511
f 2605/1621/2605 2509/1603/2509 2556/1622/2556
f 2600/1614/2600 2571/1462/2571 2555/1464/2555
f 1662/1607/1662 2449/1600/2449 2448/1616/2448
f 2447/1596/2447 2599/1595/2599 2509/1603/2509
f 2447/1596/2447 2600/1614/2600 2599/1595/2599
f 2627/1598/2627 2557/1617/2557 2618/1594/2618
f 2448/1616/2448 1690/1481/1690 2564/1597/2564
f 2647/1615/2647 1662/1607/1662 2448/1616/2448
f 2619/1606/2619 2610/1620/2610 1670/1575/1670
f 2557/1617/2557 2559/1608/2559 2610/1620/2610
f 2623/1506/2623 2617/1591/2617 1681/1599/1681
f 2564/1597/2564 2447/1596/2447 2605/1621/2605
f 1667/1619/1667 2624/1612/2624 1668/1576/1668
f 2633/1602/2633 2618/1594/2618 2557/1617/2557
f 2647/1615/2647 2448/1616/2448 2605/1621/2605
f 2440/1601/2440 2617/1591/2617 2558/1593/2558
f 2554/1592/2554 2559/1608/2559 247/1613/247
f 1749/1610/1749 2647/1615/2647 2605/1621/2605
f 1609/1605/1609 2633/1602/2633 2557/1617/2557
f 2647/1615/2647 1749/1610/1749 1747/1611/1747
f 1677/1585/1677 1667/1619/1667 1683/1586/1683
f 2610/1620/2610 2496/1578/2496 1609/1605/1609
f 2496/1578/2496 2610/1620/2610 2619/1606/2619
f 1609/1605/1609 2557/1617/2557 2610/1620/2610
f 2624/1612/2624 2556/1622/2556 2511/1604/2511
f 2511/1604/2511 2633/1602/2633 1609/1605/1609
f 2559/1608/2559 2554/1592/2554 1671/1609/1671
f 1670/1575/1670 1760/1571/1760 2619/1606/2619
f 1609/1605/1609 2496/1578/2496 1874/1577/1874
f 1749/1610/1749 2605/1621/2605 2556/1622/2556
f 2599/1595/2599 2618/1594/2618 2633/1602/2633
f 2624/1612/2624 1749/1610/1749 2556/1622/2556
f 1667/1619/1667 1677/1585/1677 2624/1612/2624
f 1667/1619/1667 1684/1563/1684 1683/1586/1683
f 2549/1536/2549 1749/1610/1749 2561/1547/2561
f 2619/1606/2619 1760/1571/1760 1711/1570/1711
f 1662/1607/1662 1747/1611/1747 1674/1519/1674
f 2605/1621/2605 2447/1596/2447 2509/1603/2509
f 222/1772/222 214/1803/214 2423/1767/2423
f 2402/1811/2402 2567/1805/2567 2566/1818/2566
f 2546/1706/2546 2584/1711/2584 1819/1698/1819
f 1886/1810/1886 2417/1808/2417 571/1639/571
f 227/1773/227 1159/1816/1159 214/1803/214
f 2470/1730/2470 2593/1701/2593 2416/1700/2416
f 2167/1648/2167 2196/1807/2196 2481/1812/2481
f 2425/1791/2425 2589/1801/2589 1323/1793/1323
f 2566/1818/2566 2587/1769/2587 211/1800/211
f 242/1775/242 2679/1774/2679 261/1823/261
f 211/1800/211 2423/1767/2423 214/1803/214
f 214/1803/214 2473/1802/2473 212/1814/212
f 212/1814/212 211/1800/211 214/1803/214
f 1159/1816/1159 2589/1801/2589 214/1803/214
f 1783/1712/1783 2546/1706/2546 2454/1721/2454
f 2502/1820/2502 1880/1645/1880 2399/1804/2399
f 2500/1707/2500 1422/1704/1422 2379/1703/2379
f 2481/1812/2481 2399/1804/2399 1558/1646/1558
f 212/1814/212 2501/1819/2501 2401/1815/2401
f 1135/1794/1135 243/1795/243 244/1822/244
f 2395/1797/2395 2417/1808/2417 2405/1821/2405
f 2473/1802/2473 2622/1693/2622 2501/1819/2501
f 2566/1818/2566 211/1800/211 2402/1811/2402
f 2196/1807/2196 2197/1640/2197 2417/1808/2417
f 1886/1810/1886 281/1809/281 2417/1808/2417
f 2622/1693/2622 1880/1645/1880 2501/1819/2501
f 2502/1820/2502 2274/1813/2274 2401/1815/2401
f 2376/1718/2376 2593/1701/2593 2470/1730/2470
f 2396/1806/2396 2399/1804/2399 2481/1812/2481
f 2401/1815/2401 2501/1819/2501 2502/1820/2502
f 2567/1805/2567 206/1798/206 203/1817/203
f 214/1803/214 222/1772/222 227/1773/227
f 2598/1715/2598 2421/1694/2421 2425/1791/2425
f 2500/1707/2500 2379/1703/2379 2651/1705/2651
f 1159/1816/1159 243/1795/243 1323/1793/1323
f 2587/1769/2587 2467/1765/2467 211/1800/211
f 571/1639/571 2417/1808/2417 2197/1640/2197
f 2567/1805/2567 203/1817/203 2566/1818/2566
f 2274/1813/2274 2402/1811/2402 2401/1815/2401
f 2399/1804/2399 2396/1806/2396 2274/1813/2274
f 227/1773/227 243/1795/243 1159/1816/1159
f 2402/1811/2402 212/1814/212 2401/1815/2401
f 2567/1805/2567 2200/1799/2200 206/1798/206
f 2274/1813/2274 2396/1806/2396 2402/1811/2402
f 2481/1812/2481 2395/1797/2395 2200/1799/2200
f 2396/1806/2396 2567/1805/2567 2402/1811/2402
f 281/1809/281 1886/1810/1886 571/1639/571
f 2608/1695/2608 2406/1716/2406 2498/1702/2498
f 2196/1807/2196 2417/1808/2417 2395/1797/2395
f 2197/1640/2197 2196/1807/2196 2167/1648/2167
f 2622/1693/2622 2473/1802/2473 2421/1694/2421
f 2567/1805/2567 2396/1806/2396 2200/1799/2200
f 2421/1694/2421 2473/1802/2473 2425/1791/2425
f 1558/1646/1558 2399/1804/2399 1880/1645/1880
f 2589/1801/2589 2473/1802/2473 214/1803/214
f 2467/1765/2467 2423/1767/2423 211/1800/211
f 2395/1797/2395 206/1798/206 2200/1799/2200
f 278/1641/278 272/1642/272 2662/1686/2662
f 323/1625/323 7/1626/7 348/1627/348
f 4/1699/4 2386/1731/2386 2416/1700/2416
f 323/1625/323 348/1627/348 321/1628/321
f 321/1628/321 317/1635/317 335/1634/335
f 11/1685/11 10/1689/10 2662/1686/2662
f 2338/1720/2338 1301/1717/1301 1783/1712/1783
f 318/1632/318 337/1633/337 317/1635/317
f 160/1688/160 2662/1686/2662 10/1689/10
f 154/1684/154 11/1685/11 2662/1686/2662
f 10/1689/10 9/1690/9 160/1688/160
f 337/1633/337 335/1634/335 317/1635/317
f 321/1628/321 382/1629/382 323/1625/323
f 335/1634/335 382/1629/382 321/1628/321
f 2584/1711/2584 2275/1697/2275 1819/1698/1819
f 382/1629/382 334/1623/334 323/1625/323
f 318/1632/318 327/1636/327 337/1633/337
f 327/1636/327 2094/1637/2094 337/1633/337
f 300/1630/300 321/1628/321 348/1627/348
f 334/1623/334 149/1624/149 323/1625/323
f 337/1633/337 2094/1637/2094 335/1634/335
f 318/1632/318 317/1635/317 300/1630/300
f 2392/1796/2392 2470/1730/2470 2433/1709/2433
f 2392/1796/2392 2376/1718/2376 2470/1730/2470
f 300/1630/300 328/1631/328 318/1632/318
f 7/1626/7 323/1625/323 149/1624/149
f 14/1683/14 13/1691/13 11/1685/11
f 12/1692/12 13/1691/13 14/1683/14
f 10/1689/10 11/1685/11 13/1691/13
f 12/1692/12 9/1690/9 13/1691/13
f 2406/1716/2406 4/1699/4 2498/1702/2498
f 13/1691/13 9/1690/9 10/1689/10
f 1880/1645/1880 2622/1693/2622 1820/1643/1820
f 1820/1643/1820 2622/1693/2622 2421/1694/2421
f 2421/1694/2421 2415/1652/2415 1820/1643/1820
f 2608/1695/2608 1904/1696/1904 1717/1655/1717
f 2376/1718/2376 2651/1705/2651 2498/1702/2498
f 287/1668/287 2275/1697/2275 341/1669/341
f 1819/1698/1819 287/1668/287 1904/1696/1904
f 2434/1708/2434 2416/1700/2416 2386/1731/2386
f 4/1699/4 2416/1700/2416 2593/1701/2593
f 287/1668/287 1819/1698/1819 2275/1697/2275
f 2593/1701/2593 2498/1702/2498 4/1699/4
f 2498/1702/2498 2379/1703/2379 2608/1695/2608
f 2370/1714/2370 2454/1721/2454 2546/1706/2546
f 1422/1704/1422 1819/1698/1819 1904/1696/1904
f 1422/1704/1422 1904/1696/1904 2379/1703/2379
f 2498/1702/2498 2651/1705/2651 2379/1703/2379
f 2546/1706/2546 1422/1704/1422 2500/1707/2500
f 2416/1700/2416 2434/1708/2434 2433/1709/2433
f 321/1628/321 300/1630/300 317/1635/317
f 2392/1796/2392 2377/1719/2377 2376/1718/2376
f 1782/1710/1782 2584/1711/2584 1783/1712/1783
f 1783/1712/1783 2584/1711/2584 2546/1706/2546
f 2383/1713/2383 2500/1707/2500 2651/1705/2651
f 2546/1706/2546 2500/1707/2500 2370/1714/2370
f 2598/1715/2598 2406/1716/2406 2608/1695/2608
f 2629/1728/2629 2377/1719/2377 2392/1796/2392
f 571/1639/571 2197/1640/2197 278/1641/278
f 2273/1754/2273 1117/1755/1117 2246/1749/2246
f 1783/1712/1783 1301/1717/1301 1782/1710/1782
f 2383/1713/2383 2376/1718/2376 2377/1719/2377
f 2197/1640/2197 272/1642/272 278/1641/278
f 1820/1643/1820 1881/1644/1881 1880/1645/1880
f 1717/1655/1717 1904/1696/1904 2378/1658/2378
f 1558/1646/1558 1880/1645/1880 1575/1647/1575
f 2197/1640/2197 2167/1648/2167 1576/1649/1576
f 1558/1646/1558 1575/1647/1575 2167/1648/2167
f 272/1642/272 2197/1640/2197 1576/1649/1576
f 2404/1650/2404 1881/1644/1881 1820/1643/1820
f 2338/1720/2338 1783/1712/1783 2454/1721/2454
f 2383/1713/2383 2377/1719/2377 2369/1722/2369
f 2275/1697/2275 2584/1711/2584 1782/1710/1782
f 1669/1723/1669 2454/1721/2454 2370/1714/2370
f 1880/1645/1880 1881/1644/1881 1575/1647/1575
f 1576/1649/1576 2167/1648/2167 1575/1647/1575
f 2598/1715/2598 2608/1695/2608 2415/1652/2415
f 1576/1649/1576 283/1651/283 272/1642/272
f 2404/1650/2404 2415/1652/2415 2411/1653/2411
f 2338/1720/2338 2419/1724/2419 1301/1717/1301
f 2500/1707/2500 2383/1713/2383 2370/1714/2370
f 2454/1721/2454 1408/1725/1408 2338/1720/2338
f 2369/1722/2369 2377/1719/2377 2285/1726/2285
f 2378/1658/2378 1904/1696/1904 287/1668/287
f 2369/1722/2369 2427/1727/2427 2370/1714/2370
f 2629/1728/2629 2285/1726/2285 2377/1719/2377
f 2379/1703/2379 1904/1696/1904 2608/1695/2608
f 1881/1644/1881 2404/1650/2404 2403/1654/2403
f 1717/1655/1717 2382/1656/2382 2411/1653/2411
f 1820/1643/1820 2415/1652/2415 2404/1650/2404
f 346/1657/346 300/1630/300 348/1627/348
f 2378/1658/2378 1453/1659/1453 2253/1660/2253
f 2426/1729/2426 1408/1725/1408 1669/1723/1669
f 2404/1650/2404 2411/1653/2411 2382/1656/2382
f 2426/1729/2426 1669/1723/1669 2370/1714/2370
f 2285/1726/2285 2427/1727/2427 2369/1722/2369
f 1717/1655/1717 2253/1660/2253 2382/1656/2382
f 2382/1656/2382 1501/1661/1501 2404/1650/2404
f 2380/1662/2380 2403/1654/2403 2664/1663/2664
f 1453/1659/1453 1455/1664/1455 2253/1660/2253
f 1575/1647/1575 2403/1654/2403 2380/1662/2380
f 242/1775/242 2514/1758/2514 241/1764/241
f 2514/1758/2514 242/1775/242 227/1773/227
f 241/1764/241 2679/1774/2679 242/1775/242
f 222/1772/222 2514/1758/2514 227/1773/227
f 2664/1663/2664 1495/1665/1495 2380/1662/2380
f 2380/1662/2380 1495/1665/1495 282/1666/282
f 2413/1667/2413 2253/1660/2253 1455/1664/1455
f 2246/1749/2246 1113/1753/1113 2273/1754/2273
f 287/1668/287 341/1669/341 1455/1664/1455
f 300/1630/300 340/1670/340 328/1631/328
f 2498/1702/2498 2593/1701/2593 2376/1718/2376
f 735/1671/735 1455/1664/1455 341/1669/341
f 2413/1667/2413 2410/1672/2410 2382/1656/2382
f 2382/1656/2382 2253/1660/2253 2413/1667/2413
f 2378/1658/2378 2253/1660/2253 1717/1655/1717
f 1495/1665/1495 2664/1663/2664 2410/1672/2410
f 328/1631/328 735/1671/735 341/1669/341
f 2423/1767/2423 2690/1771/2690 222/1772/222
f 222/1772/222 2690/1771/2690 2514/1758/2514
f 2620/1766/2620 2586/1768/2586 2588/1770/2588
f 2690/1771/2690 2423/1767/2423 442/1761/442
f 2512/1759/2512 2514/1758/2514 2690/1771/2690
f 2423/1767/2423 2620/1766/2620 442/1761/442
f 442/1761/442 2512/1759/2512 2690/1771/2690
f 2588/1770/2588 442/1761/442 2620/1766/2620
f 2620/1766/2620 2467/1765/2467 2586/1768/2586
f 2586/1768/2586 2467/1765/2467 2587/1769/2587
f 2467/1765/2467 2620/1766/2620 2423/1767/2423
f 1455/1664/1455 1453/1659/1453 287/1668/287
f 1453/1659/1453 2378/1658/2378 287/1668/287
f 2414/1673/2414 2413/1667/2413 339/1674/339
f 1575/1647/1575 1881/1644/1881 2403/1654/2403
f 340/1670/340 342/1675/342 2414/1673/2414
f 735/1671/735 340/1670/340 339/1674/339
f 339/1674/339 340/1670/340 2414/1673/2414
f 283/1651/283 2380/1662/2380 282/1666/282
f 2057/1676/2057 2414/1673/2414 342/1675/342
f 2664/1663/2664 2403/1654/2403 1501/1661/1501
f 2057/1676/2057 2410/1672/2410 2414/1673/2414
f 2415/1652/2415 2421/1694/2421 2598/1715/2598
f 1501/1661/1501 2410/1672/2410 2664/1663/2664
f 2427/1727/2427 2426/1729/2426 2370/1714/2370
f 300/1630/300 342/1675/342 340/1670/340
f 2369/1722/2369 2370/1714/2370 2383/1713/2383
f 735/1671/735 328/1631/328 340/1670/340
f 1455/1664/1455 735/1671/735 339/1674/339
f 346/1657/346 285/1677/285 2130/1678/2130
f 2413/1667/2413 1455/1664/1455 339/1674/339
f 2410/1672/2410 2413/1667/2413 2414/1673/2414
f 1575/1647/1575 2380/1662/2380 1576/1649/1576
f 2410/1672/2410 2057/1676/2057 1495/1665/1495
f 285/1677/285 346/1657/346 7/1626/7
f 1576/1649/1576 2380/1662/2380 283/1651/283
f 2382/1656/2382 2410/1672/2410 1501/1661/1501
f 346/1657/346 2130/1678/2130 342/1675/342
f 2246/1749/2246 2139/1752/2139 394/1750/394
f 2246/1749/2246 394/1750/394 1112/1751/1112
f 1113/1753/1113 2246/1749/2246 1112/1751/1112
f 342/1675/342 300/1630/300 346/1657/346
f 2130/1678/2130 2057/1676/2057 342/1675/342
f 2403/1654/2403 2404/1650/2404 1501/1661/1501
f 325/1787/325 1111/1784/1111 1112/1751/1112
f 1112/1751/1112 394/1750/394 325/1787/325
f 325/1787/325 2256/1732/2256 1111/1784/1111
f 2586/1768/2586 2587/1769/2587 2466/1786/2466
f 2256/1732/2256 677/1733/677 373/1734/373
f 379/1735/379 2256/1732/2256 373/1734/373
f 150/1736/150 149/1624/149 148/1737/148
f 228/1762/228 442/1761/442 2588/1770/2588
f 2466/1786/2466 2588/1770/2588 2586/1768/2586
f 1110/1785/1110 2256/1732/2256 379/1735/379
f 379/1735/379 378/1742/378 1110/1785/1110
f 1111/1784/1111 2256/1732/2256 1110/1785/1110
f 379/1735/379 326/1738/326 376/1739/376
f 150/1736/150 7/1626/7 149/1624/149
f 149/1624/149 376/1739/376 148/1737/148
f 373/1734/373 326/1738/326 379/1735/379
f 373/1734/373 2262/1740/2262 326/1738/326
f 1111/1784/1111 378/1742/378 1112/1751/1112
f 150/1736/150 148/1737/148 147/1741/147
f 378/1742/378 1111/1784/1111 1110/1785/1110
f 1112/1751/1112 378/1742/378 1113/1753/1113
f 348/1627/348 7/1626/7 346/1657/346
f 1495/1665/1495 2057/1676/2057 2130/1678/2130
f 376/1739/376 378/1742/378 379/1735/379
f 677/1733/677 2262/1740/2262 373/1734/373
f 376/1739/376 326/1738/326 148/1737/148
f 329/1743/329 147/1741/147 148/1737/148
f 2651/1705/2651 2376/1718/2376 2383/1713/2383
f 2130/1678/2130 280/1679/280 1495/1665/1495
f 2130/1678/2130 285/1677/285 280/1679/280
f 151/1744/151 7/1626/7 147/1741/147
f 7/1626/7 151/1744/151 285/1677/285
f 279/1680/279 283/1651/283 282/1666/282
f 192/1745/192 329/1743/329 326/1738/326
f 151/1744/151 147/1741/147 329/1743/329
f 326/1738/326 2262/1740/2262 192/1745/192
f 193/1746/193 8/1747/8 192/1745/192
f 280/1679/280 279/1680/279 282/1666/282
f 279/1680/279 272/1642/272 283/1651/283
f 193/1746/193 192/1745/192 2262/1740/2262
f 1495/1665/1495 280/1679/280 282/1666/282
f 286/1681/286 15/1682/15 280/1679/280
f 5/1748/5 329/1743/329 192/1745/192
f 329/1743/329 148/1737/148 326/1738/326
f 2454/1721/2454 1669/1723/1669 1408/1725/1408
f 14/1683/14 286/1681/286 5/1748/5
f 14/1683/14 5/1748/5 12/1692/12
f 5/1748/5 8/1747/8 12/1692/12
f 286/1681/286 151/1744/151 5/1748/5
f 15/1682/15 286/1681/286 14/1683/14
f 280/1679/280 285/1677/285 286/1681/286
f 272/1642/272 279/1680/279 154/1684/154
f 15/1682/15 154/1684/154 280/1679/280
f 150/1736/150 147/1741/147 7/1626/7
f 15/1682/15 14/1683/14 11/1685/11
f 151/1744/151 286/1681/286 285/1677/285
f 327/1636/327 288/1638/288 2094/1637/2094
f 8/1747/8 5/1748/5 192/1745/192
f 154/1684/154 2662/1686/2662 272/1642/272
f 2481/1812/2481 1558/1646/1558 2167/1648/2167
f 2411/1653/2411 2608/1695/2608 1717/1655/1717
f 329/1743/329 5/1748/5 151/1744/151
f 2587/1769/2587 2566/1818/2566 203/1817/203
f 2481/1812/2481 2200/1799/2200 2396/1806/2396
f 2473/1802/2473 2501/1819/2501 212/1814/212
f 2501/1819/2501 1880/1645/1880 2502/1820/2502
f 2514/1758/2514 2681/1757/2681 241/1764/241
f 443/1760/443 2512/1759/2512 442/1761/442
f 2681/1757/2681 2512/1759/2512 232/1763/232
f 2512/1759/2512 443/1760/443 232/1763/232
f 443/1760/443 228/1762/228 232/1763/232
f 443/1760/443 442/1761/442 228/1762/228
f 2681/1757/2681 2514/1758/2514 2512/1759/2512
f 1323/1793/1323 2506/1792/2506 2425/1791/2425
f 384/1782/384 334/1623/334 385/1783/385
f 215/1788/215 2435/1790/2435 1135/1794/1135
f 378/1742/378 376/1739/376 381/1779/381
f 334/1623/334 2289/1781/2289 376/1739/376
f 149/1624/149 334/1623/334 376/1739/376
f 2289/1781/2289 383/1780/383 381/1779/381
f 381/1779/381 376/1739/376 2289/1781/2289
f 334/1623/334 382/1629/382 385/1783/385
f 2506/1792/2506 2406/1716/2406 2425/1791/2425
f 2289/1781/2289 1096/1756/1096 383/1780/383
f 2435/1790/2435 2506/1792/2506 1323/1793/1323
f 334/1623/334 384/1782/384 2289/1781/2289
f 381/1779/381 1113/1753/1113 378/1742/378
f 383/1780/383 2273/1754/2273 381/1779/381
f 11/1685/11 154/1684/154 15/1682/15
f 1096/1756/1096 2289/1781/2289 384/1782/384
f 2416/1700/2416 2433/1709/2433 2470/1730/2470
f 2506/1792/2506 2386/1731/2386 4/1699/4
f 1096/1756/1096 2273/1754/2273 383/1780/383
f 2273/1754/2273 1113/1753/1113 381/1779/381
f 2502/1820/2502 2399/1804/2399 2274/1813/2274
f 243/1795/243 1135/1794/1135 1323/1793/1323
f 2506/1792/2506 4/1699/4 2406/1716/2406
f 2435/1790/2435 1323/1793/1323 1135/1794/1135
f 2415/1652/2415 2608/1695/2608 2411/1653/2411
f 2386/1731/2386 2435/1790/2435 2434/1708/2434
f 288/1638/288 327/1636/327 336/1778/336
f 2435/1790/2435 2386/1731/2386 2506/1792/2506
f 2405/1821/2405 206/1798/206 2395/1797/2395
f 327/1636/327 328/1631/328 2089/1777/2089
f 336/1778/336 2419/1724/2419 288/1638/288
f 2089/1777/2089 336/1778/336 327/1636/327
f 2406/1716/2406 2598/1715/2598 2425/1791/2425
f 2276/1776/2276 2089/1777/2089 328/1631/328
f 1096/1756/1096 1117/1755/1117 2273/1754/2273
f 2276/1776/2276 2275/1697/2275 1782/1710/1782
f 2276/1776/2276 1782/1710/1782 2089/1777/2089
f 1301/1717/1301 2419/1724/2419 336/1778/336
f 2089/1777/2089 1301/1717/1301 336/1778/336
f 1782/1710/1782 1301/1717/1301 2089/1777/2089
f 2435/1790/2435 1149/1789/1149 2434/1708/2434
f 328/1631/328 2275/1697/2275 2276/1776/2276
f 215/1788/215 1149/1789/1149 2435/1790/2435
f 2275/1697/2275 328/1631/328 341/1669/341
f 327/1636/327 318/1632/318 328/1631/328
f 277/1687/277 2662/1686/2662 160/1688/160
f 277/1687/277 278/1641/278 2662/1686/2662
f 2481/1812/2481 2196/1807/2196 2395/1797/2395
f 2546/1706/2546 1819/1698/1819 1422/1704/1422
f 243/1795/243 261/1823/261 244/1822/244
f 279/1680/279 280/1679/280 154/1684/154
f 212/1814/212 2402/1811/2402 211/1800/211
f 281/1809/281 571/1639/571 278/1641/278
f 278/1641/278 277/1687/277 281/1809/281
f 281/1809/281 2405/1821/2405 2417/1808/2417
f 2425/1791/2425 2473/1802/2473 2589/1801/2589
f 243/1795/243 242/1775/242 261/1823/261
f 243/1795/243 227/1773/227 242/1775/242
f 1159/1816/1159 1323/1793/1323 2589/1801/2589
f 1671/2030/1671 2625/2010/2625 1672/1982/1672
f 1670/1984/1670 1671/2030/1671 1672/1982/1672
f 2554/2027/2554 248/2008/248 1671/2030/1671
f 230/2024/230 2434/1872/2434 1149/2019/1149
f 2577/1970/2577 2568/2004/2568 2573/1971/2573
f 246/2006/246 1138/2018/1138 217/2017/217
f 204/2023/204 2468/2029/2468 1138/2018/1138
f 2523/2011/2523 2585/1946/2585 2642/2009/2642
f 215/2028/215 1135/2020/1135 229/2014/229
f 252/1999/252 2644/2015/2644 216/2026/216
f 2594/2003/2594 2523/2011/2523 2592/2013/2592
f 230/2024/230 231/2025/231 2503/1870/2503
f 217/2017/217 215/2028/215 229/2014/229
f 230/2024/230 2503/1870/2503 2434/1872/2434
f 2625/2010/2625 1671/2030/1671 248/2008/248
f 248/2008/248 204/2023/204 246/2006/246
f 2596/1997/2596 2604/1996/2604 2597/2001/2597
f 1152/2007/1152 2625/2010/2625 248/2008/248
f 216/2026/216 2644/2015/2644 246/2006/246
f 2577/1970/2577 2682/1947/2682 2521/2005/2521
f 2585/1946/2585 2625/2010/2625 2642/2009/2642
f 2585/1946/2585 2523/2011/2523 2521/2005/2521
f 2644/2015/2644 2592/2013/2592 249/2016/249
f 2468/2029/2468 231/2025/231 1138/2018/1138
f 1152/2007/1152 2523/2011/2523 2625/2010/2625
f 2503/1870/2503 2468/2029/2468 2424/1874/2424
f 246/2006/246 2644/2015/2644 1152/2007/1152
f 1149/2019/1149 1138/2018/1138 231/2025/231
f 231/2025/231 2468/2029/2468 2503/1870/2503
f 2523/2011/2523 1152/2007/1152 249/2016/249
f 217/2017/217 216/2026/216 246/2006/246
f 2592/2013/2592 2523/2011/2523 249/2016/249
f 215/2028/215 217/2017/217 1149/2019/1149
f 2568/2004/2568 2521/2005/2521 2594/2003/2594
f 270/2000/270 216/2026/216 229/2014/229
f 2644/2015/2644 252/1999/252 2592/2013/2592
f 216/2026/216 270/2000/270 252/1999/252
f 2521/2005/2521 2523/2011/2523 2594/2003/2594
f 2596/1997/2596 2597/2001/2597 2615/2002/2615
f 2554/2027/2554 204/2023/204 248/2008/248
f 220/2012/220 420/1881/420 1153/1879/1153
f 216/2026/216 217/2017/217 229/2014/229
f 220/2012/220 229/2014/229 244/2021/244
f 261/2022/261 2679/1885/2679 225/1883/225
f 230/2024/230 1149/2019/1149 231/2025/231
f 225/1883/225 420/1881/420 244/2021/244
f 204/2023/204 1138/2018/1138 246/2006/246
f 221/1878/221 2596/1997/2596 252/1999/252
f 2521/2005/2521 2682/1947/2682 2585/1946/2585
f 420/1881/420 220/2012/220 244/2021/244
f 225/1883/225 244/2021/244 261/2022/261
f 229/2014/229 1135/2020/1135 244/2021/244
f 1672/1982/1672 2625/2010/2625 2585/1946/2585
f 220/2012/220 218/1876/218 270/2000/270
f 2615/2002/2615 252/1999/252 2596/1997/2596
f 217/2017/217 1138/2018/1138 1149/2019/1149
f 252/1999/252 2615/2002/2615 2592/2013/2592
f 1152/2007/1152 2644/2015/2644 249/2016/249
f 270/2000/270 229/2014/229 220/2012/220
f 2594/2003/2594 2592/2013/2592 2615/2002/2615
f 218/1876/218 220/2012/220 1153/1879/1153
f 2568/2004/2568 2615/2002/2615 2604/1996/2604
f 221/1878/221 270/2000/270 218/1876/218
f 2642/2009/2642 2625/2010/2625 2523/2011/2523
f 246/2006/246 1152/2007/1152 248/2008/248
f 2573/1971/2573 2568/2004/2568 2604/1996/2604
f 2577/1970/2577 2521/2005/2521 2568/2004/2568
f 2594/2003/2594 2615/2002/2615 2568/2004/2568
f 2597/2001/2597 2604/1996/2604 2615/2002/2615
f 252/1999/252 270/2000/270 221/1878/221
f 218/1876/218 2548/1877/2548 221/1878/221
f 1153/1879/1153 1154/1880/1154 218/1876/218
f 1154/1880/1154 2548/1877/2548 218/1876/218
f 1153/1879/1153 420/1881/420 1154/1880/1154
f 2548/1877/2548 1154/1880/1154 1337/1882/1337
f 1154/1880/1154 420/1881/420 1337/1882/1337
f 1337/1882/1337 420/1881/420 225/1883/225
f 225/1883/225 238/1884/238 1337/1882/1337
f 238/1884/238 225/1883/225 2679/1885/2679
f 239/1886/239 2679/1885/2679 241/1887/241
f 238/1884/238 2679/1885/2679 239/1886/239
f 221/1878/221 2548/1877/2548 2436/1888/2436
f 234/1889/234 239/1886/239 241/1887/241
f 238/1884/238 2548/1877/2548 1337/1882/1337
f 2213/1824/2213 1102/1825/1102 1104/1826/1104
f 2259/1827/2259 2206/1828/2206 2483/1829/2483
f 2213/1824/2213 1104/1826/1104 2698/1830/2698
f 2206/1828/2206 2205/1831/2205 2483/1829/2483
f 2698/1830/2698 1104/1826/1104 2357/1832/2357
f 2144/1833/2144 2704/1834/2704 2700/1835/2700
f 2704/1834/2704 2483/1829/2483 2205/1831/2205
f 2483/1829/2483 2233/1836/2233 2519/1837/2519
f 2198/1838/2198 2519/1837/2519 2233/1836/2233
f 2228/1839/2228 2144/1833/2144 2700/1835/2700
f 2259/1827/2259 2636/1840/2636 2206/1828/2206
f 2483/1829/2483 2704/1834/2704 2233/1836/2233
f 2699/1841/2699 2198/1838/2198 2233/1836/2233
f 2144/1833/2144 2228/1839/2228 2701/1842/2701
f 2199/1843/2199 2357/1832/2357 2136/1844/2136
f 2228/1839/2228 2357/1832/2357 593/1845/593
f 2188/1846/2188 2198/1838/2198 2359/1847/2359
f 2259/1827/2259 2519/1837/2519 1157/1848/1157
f 2204/1849/2204 2699/1841/2699 2528/1850/2528
f 2198/1838/2198 2699/1841/2699 2204/1849/2204
f 2701/1842/2701 2463/1851/2463 2528/1850/2528
f 2517/1852/2517 2359/1847/2359 2688/1853/2688
f 593/1845/593 2133/1854/2133 2463/1851/2463
f 2529/1855/2529 2313/1856/2313 2204/1849/2204
f 2528/1850/2528 2463/1851/2463 2529/1855/2529
f 2190/1857/2190 2517/1852/2517 2688/1853/2688
f 2294/1858/2294 2288/1859/2288 2190/1857/2190
f 2313/1856/2313 2304/1860/2304 2688/1853/2688
f 2540/1890/2540 2562/1891/2562 2677/1892/2677
f 2686/1893/2686 2671/1894/2671 2562/1891/2562
f 2304/1860/2304 2313/1856/2313 2529/1855/2529
f 2686/1893/2686 2562/1891/2562 2547/1895/2547
f 2540/1890/2540 260/1896/260 2547/1895/2547
f 2547/1895/2547 2675/1897/2675 2626/1898/2626
f 2535/1899/2535 2537/1900/2537 2266/1901/2266
f 2562/1891/2562 2671/1894/2671 2677/1892/2677
f 584/1902/584 1771/1903/1771 2266/1901/2266
f 1827/1904/1827 1771/1903/1771 2595/1905/2595
f 2266/1901/2266 2254/1906/2254 584/1902/584
f 1771/1903/1771 2638/1907/2638 2595/1905/2595
f 1831/1908/1831 2638/1907/2638 584/1902/584
f 1831/1908/1831 2254/1906/2254 2658/1909/2658
f 1757/1910/1757 2638/1907/2638 2657/1911/2657
f 1757/1910/1757 2286/1912/2286 269/1913/269
f 1735/1914/1735 269/1913/269 2286/1912/2286
f 2535/1899/2535 2266/1901/2266 260/1896/260
f 2658/1909/2658 1735/1914/1735 2286/1912/2286
f 1752/1915/1752 269/1913/269 1735/1914/1735
f 1827/1904/1827 2626/1898/2626 1771/1903/1771
f 1757/1910/1757 2657/1911/2657 2286/1912/2286
f 1752/1915/1752 1736/1916/1736 2412/1917/2412
f 2516/1861/2516 2517/1852/2517 2190/1857/2190
f 2228/1839/2228 593/1845/593 2701/1842/2701
f 2516/1861/2516 2472/1862/2472 2441/1863/2441
f 1735/1914/1735 1835/1918/1835 1736/1916/1736
f 604/1864/604 2190/1857/2190 2688/1853/2688
f 2657/1911/2657 2658/1909/2658 2286/1912/2286
f 2304/1860/2304 604/1864/604 2688/1853/2688
f 2529/1855/2529 2174/1865/2174 2304/1860/2304
f 2516/1861/2516 2190/1857/2190 2472/1862/2472
f 2313/1856/2313 2688/1853/2688 2204/1849/2204
f 2174/1865/2174 2463/1851/2463 2133/1854/2133
f 2304/1860/2304 2294/1858/2294 604/1864/604
f 2233/1836/2233 2528/1850/2528 2699/1841/2699
f 604/1864/604 2294/1858/2294 2190/1857/2190
f 2635/1866/2635 2634/1867/2634 2636/1840/2636
f 2704/1834/2704 2144/1833/2144 2701/1842/2701
f 2688/1853/2688 2359/1847/2359 2204/1849/2204
f 2190/1857/2190 2288/1859/2288 2472/1862/2472
f 2359/1847/2359 2517/1852/2517 2188/1846/2188
f 2463/1851/2463 2174/1865/2174 2529/1855/2529
f 593/1845/593 2357/1832/2357 2199/1843/2199
f 2547/1895/2547 2562/1891/2562 2540/1890/2540
f 1735/1914/1735 1736/1916/1736 1752/1915/1752
f 593/1845/593 2199/1843/2199 2133/1854/2133
f 2704/1834/2704 2205/1831/2205 2700/1835/2700
f 2698/1830/2698 2228/1839/2228 2700/1835/2700
f 2528/1850/2528 2529/1855/2529 2204/1849/2204
f 2136/1844/2136 2357/1832/2357 1104/1826/1104
f 2701/1842/2701 2528/1850/2528 2233/1836/2233
f 2204/1849/2204 2359/1847/2359 2198/1838/2198
f 2463/1851/2463 2701/1842/2701 593/1845/593
f 1771/1903/1771 2626/1898/2626 2675/1897/2675
f 2259/1827/2259 2635/1866/2635 2636/1840/2636
f 2704/1834/2704 2701/1842/2701 2233/1836/2233
f 2675/1897/2675 2547/1895/2547 260/1896/260
f 2519/1837/2519 2259/1827/2259 2483/1829/2483
f 2228/1839/2228 2698/1830/2698 2357/1832/2357
f 1771/1903/1771 584/1902/584 2638/1907/2638
f 2658/1909/2658 2657/1911/2657 1831/1908/1831
f 1801/1998/1801 2628/1943/2628 2682/1947/2682
f 2626/1898/2626 2686/1893/2686 2547/1895/2547
f 2577/1970/2577 2565/1973/2565 1801/1998/1801
f 1801/1998/1801 1753/1944/1753 2628/1943/2628
f 1757/1910/1757 1753/1944/1753 1801/1998/1801
f 2682/1947/2682 2577/1970/2577 1801/1998/1801
f 1753/1944/1753 1757/1910/1757 269/1913/269
f 2675/1897/2675 2266/1901/2266 1771/1903/1771
f 1801/1998/1801 2595/1905/2595 1757/1910/1757
f 1801/1998/1801 2565/1973/2565 2595/1905/2595
f 1835/1918/1835 1735/1914/1735 2658/1909/2658
f 2578/1972/2578 2573/1971/2573 2581/1993/2581
f 2537/1900/2537 2254/1906/2254 2266/1901/2266
f 2569/1965/2569 2590/1966/2590 2583/1992/2583
f 2570/1967/2570 2581/1993/2581 2349/1994/2349
f 2266/1901/2266 2675/1897/2675 260/1896/260
f 2254/1906/2254 1831/1908/1831 584/1902/584
f 2573/1971/2573 2349/1994/2349 2581/1993/2581
f 2570/1967/2570 2574/1995/2574 2590/1966/2590
f 2638/1907/2638 1831/1908/1831 2657/1911/2657
f 2436/1888/2436 2596/1997/2596 221/1878/221
f 1752/1915/1752 2412/1917/2412 269/1913/269
f 2604/1996/2604 2349/1994/2349 2573/1971/2573
f 1757/1910/1757 2595/1905/2595 2638/1907/2638
f 2570/1967/2570 2349/1994/2349 2574/1995/2574
f 2582/1939/2582 2569/1965/2569 2583/1992/2583
f 2254/1906/2254 2532/1919/2532 2541/1920/2541
f 2596/1997/2596 2674/1991/2674 2604/1996/2604
f 2583/1992/2583 2590/1966/2590 2574/1995/2574
f 2436/1888/2436 2674/1991/2674 2596/1997/2596
f 2604/1996/2604 2674/1991/2674 2349/1994/2349
f 2349/1994/2349 2591/1990/2591 2574/1995/2574
f 2535/1899/2535 2510/1921/2510 2537/1900/2537
f 2583/1992/2583 2574/1995/2574 2591/1990/2591
f 2583/1992/2583 2648/1941/2648 2582/1939/2582
f 2510/1921/2510 2702/1922/2702 2532/1919/2532
f 2537/1900/2537 2510/1921/2510 2532/1919/2532
f 2702/1922/2702 2510/1921/2510 2441/1863/2441
f 2436/1888/2436 2614/1938/2614 2674/1991/2674
f 2349/1994/2349 2674/1991/2674 2591/1990/2591
f 2247/1923/2247 2254/1906/2254 2541/1920/2541
f 2570/1967/2570 2578/1972/2578 2581/1993/2581
f 2591/1990/2591 2648/1941/2648 2583/1992/2583
f 2658/1909/2658 2254/1906/2254 2247/1923/2247
f 2591/1990/2591 2674/1991/2674 2614/1938/2614
f 2537/1900/2537 2532/1919/2532 2254/1906/2254
f 2614/1938/2614 2648/1941/2648 2591/1990/2591
f 2515/1924/2515 2516/1861/2516 2510/1921/2510
f 2515/1924/2515 2517/1852/2517 2516/1861/2516
f 2510/1921/2510 2535/1899/2535 2515/1924/2515
f 2441/1863/2441 2510/1921/2510 2516/1861/2516
f 2524/1925/2524 2517/1852/2517 2515/1924/2515
f 2247/1923/2247 1835/1918/1835 2658/1909/2658
f 2575/1926/2575 254/1927/254 1151/1928/1151
f 2660/1929/2660 2575/1926/2575 1151/1928/1151
f 1156/1930/1156 254/1927/254 2575/1926/2575
f 2575/1926/2575 233/1931/233 1156/1930/1156
f 2660/1929/2660 1151/1928/1151 2659/1932/2659
f 257/1933/257 1151/1928/1151 254/1927/254
f 1104/1826/1104 1102/1825/1102 413/1868/413
f 2136/1844/2136 1104/1826/1104 473/1869/473
f 2698/1830/2698 2700/1835/2700 2239/1989/2239
f 2206/1828/2206 2234/1987/2234 2205/1831/2205
f 2282/1986/2282 2239/1989/2239 2240/1988/2240
f 2239/1989/2239 2213/1824/2213 2698/1830/2698
f 2239/1989/2239 2700/1835/2700 2240/1988/2240
f 2239/1989/2239 2282/1986/2282 2213/1824/2213
f 2240/1988/2240 2700/1835/2700 2205/1831/2205
f 2234/1987/2234 2282/1986/2282 2240/1988/2240
f 2636/1840/2636 2282/1986/2282 2234/1987/2234
f 2234/1987/2234 2240/1988/2240 2205/1831/2205
f 2636/1840/2636 2234/1987/2234 2206/1828/2206
f 2212/1985/2212 2282/1986/2282 2636/1840/2636
f 2634/1867/2634 2212/1985/2212 2636/1840/2636
f 413/1868/413 473/1869/473 1104/1826/1104
f 2136/1844/2136 473/1869/473 2199/1843/2199
f 2503/1870/2503 2433/1871/2433 2434/1872/2434
f 2503/1870/2503 2392/1873/2392 2433/1871/2433
f 2424/1874/2424 2392/1873/2392 2503/1870/2503
f 2424/1874/2424 2629/1875/2629 2392/1873/2392
f 2645/1983/2645 2585/1946/2585 1761/1945/1761
f 1672/1982/1672 2585/1946/2585 2645/1983/2645
f 1672/1982/1672 2645/1983/2645 1670/1984/1670
f 2508/1934/2508 2249/1935/2249 2575/1926/2575
f 2249/1935/2249 2553/1936/2553 237/1937/237
f 2508/1934/2508 2660/1929/2660 2249/1935/2249
f 233/1931/233 2575/1926/2575 2249/1935/2249
f 2548/1877/2548 2614/1938/2614 2436/1888/2436
f 2249/1935/2249 2660/1929/2660 2582/1939/2582
f 2553/1936/2553 2614/1938/2614 2548/1877/2548
f 233/1931/233 2249/1935/2249 235/1940/235
f 2553/1936/2553 2648/1941/2648 2614/1938/2614
f 2508/1934/2508 2575/1926/2575 2660/1929/2660
f 2249/1935/2249 1331/1942/1331 235/1940/235
f 2582/1939/2582 2648/1941/2648 2249/1935/2249
f 1331/1942/1331 2249/1935/2249 237/1937/237
f 2249/1935/2249 2648/1941/2648 2553/1936/2553
f 2553/1936/2553 238/1884/238 237/1937/237
f 239/1886/239 234/1889/234 1331/1942/1331
f 237/1937/237 238/1884/238 239/1886/239
f 235/1940/235 1331/1942/1331 234/1889/234
f 2548/1877/2548 238/1884/238 2553/1936/2553
f 239/1886/239 1331/1942/1331 237/1937/237
f 2188/1846/2188 2354/1974/2354 2693/1979/2693
f 2650/1949/2650 263/1948/263 1157/1848/1157
f 2188/1846/2188 2517/1852/2517 2524/1925/2524
f 2676/1976/2676 2354/1974/2354 2524/1925/2524
f 2198/1838/2198 2693/1979/2693 2519/1837/2519
f 2201/1981/2201 2685/1978/2685 2183/1957/2183
f 2188/1846/2188 2524/1925/2524 2354/1974/2354
f 2693/1979/2693 2354/1974/2354 2685/1978/2685
f 2693/1979/2693 2198/1838/2198 2188/1846/2188
f 2317/1980/2317 2650/1949/2650 1157/1848/1157
f 2201/1981/2201 2183/1957/2183 2317/1980/2317
f 2201/1981/2201 2317/1980/2317 2685/1978/2685
f 2317/1980/2317 2183/1957/2183 2650/1949/2650
f 2628/1943/2628 1753/1944/1753 1761/1945/1761
f 2685/1978/2685 2317/1980/2317 1157/1848/1157
f 2685/1978/2685 2519/1837/2519 2693/1979/2693
f 2519/1837/2519 2685/1978/2685 1157/1848/1157
f 2628/1943/2628 1761/1945/1761 2585/1946/2585
f 2685/1978/2685 2354/1974/2354 2183/1957/2183
f 2628/1943/2628 2585/1946/2585 2682/1947/2682
f 2540/1890/2540 2534/1977/2534 260/1896/260
f 2524/1925/2524 2534/1977/2534 2676/1976/2676
f 2524/1925/2524 2515/1924/2515 2534/1977/2534
f 1091/1960/1091 1092/1975/1092 2646/1961/2646
f 2540/1890/2540 2677/1892/2677 2676/1976/2676
f 2668/1963/2668 2676/1976/2676 2677/1892/2677
f 257/1933/257 263/1948/263 2650/1949/2650
f 2668/1963/2668 2354/1974/2354 2676/1976/2676
f 263/1948/263 257/1933/257 266/1950/266
f 263/1948/263 266/1950/266 262/1951/262
f 266/1950/266 257/1933/257 253/1952/253
f 2668/1963/2668 2646/1961/2646 1092/1975/1092
f 2534/1977/2534 2515/1924/2515 260/1896/260
f 254/1927/254 1150/1953/1150 253/1952/253
f 2543/1954/2543 266/1950/266 1150/1953/1150
f 2540/1890/2540 2676/1976/2676 2534/1977/2534
f 262/1951/262 266/1950/266 2543/1954/2543
f 1150/1953/1150 266/1950/266 253/1952/253
f 1091/1960/1091 2183/1957/2183 1092/1975/1092
f 254/1927/254 253/1952/253 257/1933/257
f 2668/1963/2668 1092/1975/1092 2354/1974/2354
f 2183/1957/2183 2354/1974/2354 1092/1975/1092
f 2535/1899/2535 260/1896/260 2515/1924/2515
f 263/1948/263 262/1951/262 1157/1848/1157
f 2259/1827/2259 1157/1848/1157 262/1951/262
f 264/1955/264 2259/1827/2259 262/1951/262
f 2635/1866/2635 2259/1827/2259 264/1955/264
f 2649/1956/2649 257/1933/257 2650/1949/2650
f 2183/1957/2183 2381/1958/2381 2650/1949/2650
f 2649/1956/2649 2652/1959/2652 1151/1928/1151
f 2652/1959/2652 2649/1956/2649 2381/1958/2381
f 2381/1958/2381 2183/1957/2183 1091/1960/1091
f 2652/1959/2652 2659/1932/2659 1151/1928/1151
f 1091/1960/1091 2652/1959/2652 2381/1958/2381
f 2659/1932/2659 1091/1960/1091 2646/1961/2646
f 2582/1939/2582 2660/1929/2660 2659/1932/2659
f 2686/1893/2686 2640/1962/2640 2671/1894/2671
f 2668/1963/2668 2603/1964/2603 2646/1961/2646
f 2569/1965/2569 2646/1961/2646 2590/1966/2590
f 2677/1892/2677 2671/1894/2671 2603/1964/2603
f 2603/1964/2603 2590/1966/2590 2646/1961/2646
f 2640/1962/2640 2603/1964/2603 2671/1894/2671
f 2659/1932/2659 2652/1959/2652 1091/1960/1091
f 2603/1964/2603 2570/1967/2570 2590/1966/2590
f 2520/1968/2520 2626/1898/2626 259/1969/259
f 2659/1932/2659 2569/1965/2569 2582/1939/2582
f 2668/1963/2668 2677/1892/2677 2603/1964/2603
f 2577/1970/2577 2573/1971/2573 2578/1972/2578
f 1827/1904/1827 259/1969/259 2626/1898/2626
f 2640/1962/2640 2578/1972/2578 2570/1967/2570
f 259/1969/259 1827/1904/1827 2565/1973/2565
f 2570/1967/2570 2603/1964/2603 2640/1962/2640
f 2578/1972/2578 2565/1973/2565 2577/1970/2577
f 2649/1956/2649 2650/1949/2650 2381/1958/2381
f 2686/1893/2686 2520/1968/2520 2640/1962/2640
f 257/1933/257 2649/1956/2649 1151/1928/1151
f 2595/1905/2595 2565/1973/2565 1827/1904/1827
f 2569/1965/2569 2659/1932/2659 2646/1961/2646
f 2640/1962/2640 2520/1968/2520 259/1969/259
f 2578/1972/2578 259/1969/259 2565/1973/2565
f 2626/1898/2626 2520/1968/2520 2686/1893/2686
f 2578/1972/2578 2640/1962/2640 259/1969/259
f 563/2194/563 577/2200/577 579/2198/579
f 619/2189/619 631/2201/631 665/2190/665
f 1018/2149/1018 126/2148/126 1026/2055/1026
f 126/2148/126 1080/2147/1080 1026/2055/1026
f 134/2146/134 1026/2055/1026 1080/2147/1080
f 1026/2055/1026 134/2146/134 1280/2056/1280
f 122/2142/122 2032/2144/2032 1983/2138/1983
f 1992/2140/1992 122/2142/122 1983/2138/1983
f 1014/2143/1014 1992/2140/1992 1517/2141/1517
f 2032/2144/2032 122/2142/122 2118/2145/2118
f 122/2142/122 1992/2140/1992 1014/2143/1014
f 1160/2031/1160 1466/2032/1466 290/2033/290
f 1992/2140/1992 1986/2139/1986 1517/2141/1517
f 1983/2138/1983 1986/2139/1986 1992/2140/1992
f 928/2136/928 2055/2090/2055 1302/2135/1302
f 923/2116/923 1338/2107/1338 941/2117/941
f 931/2083/931 911/2084/911 1648/2127/1648
f 923/2116/923 1041/2122/1041 2045/2105/2045
f 1302/2135/1302 1304/2134/1304 1300/2130/1300
f 932/2132/932 928/2136/928 1648/2127/1648
f 1312/2120/1312 48/2114/48 1187/2118/1187
f 2055/2090/2055 932/2132/932 913/2092/913
f 1302/2135/1302 2061/2089/2061 2063/2133/2063
f 932/2132/932 1648/2127/1648 911/2084/911
f 955/2034/955 1473/2035/1473 938/2036/938
f 881/2137/881 1338/2107/1338 2117/2106/2117
f 917/2037/917 925/2038/925 920/2039/920
f 920/2039/920 114/2040/114 917/2037/917
f 1309/2041/1309 956/2042/956 926/2043/926
f 1225/2121/1225 1227/2124/1227 1041/2122/1041
f 928/2136/928 933/2126/933 1040/2125/1040
f 1281/2113/1281 871/2112/871 1067/2068/1067
f 1300/2130/1300 928/2136/928 1302/2135/1302
f 930/2123/930 1040/2125/1040 1227/2124/1227
f 932/2132/932 2055/2090/2055 928/2136/928
f 1226/2119/1226 1187/2118/1187 1227/2124/1227
f 933/2126/933 928/2136/928 1300/2130/1300
f 1040/2125/1040 1648/2127/1648 928/2136/928
f 2055/2090/2055 2061/2089/2061 1302/2135/1302
f 923/2116/923 772/2115/772 1225/2121/1225
f 772/2115/772 1312/2120/1312 1226/2119/1226
f 1041/2122/1041 933/2126/933 2046/2128/2046
f 1362/2080/1362 1281/2113/1281 1066/2077/1066
f 893/2131/893 1300/2130/1300 1304/2134/1304
f 1300/2130/1300 2046/2128/2046 933/2126/933
f 930/2123/930 1227/2124/1227 1187/2118/1187
f 899/2129/899 2046/2128/2046 1300/2130/1300
f 2063/2133/2063 1304/2134/1304 1302/2135/1302
f 913/2092/913 932/2132/932 911/2084/911
f 899/2129/899 1300/2130/1300 893/2131/893
f 1648/2127/1648 1040/2125/1040 930/2123/930
f 2045/2105/2045 1041/2122/1041 2046/2128/2046
f 1306/2109/1306 871/2112/871 872/2111/872
f 1225/2121/1225 1226/2119/1226 1227/2124/1227
f 1227/2124/1227 933/2126/933 1041/2122/1041
f 931/2083/931 1648/2127/1648 930/2123/930
f 1227/2124/1227 1040/2125/1040 933/2126/933
f 930/2123/930 1187/2118/1187 931/2083/931
f 1226/2119/1226 1225/2121/1225 772/2115/772
f 923/2116/923 1225/2121/1225 1041/2122/1041
f 2045/2105/2045 1338/2107/1338 923/2116/923
f 1020/2079/1020 931/2083/931 1187/2118/1187
f 1306/2109/1306 1062/2060/1062 1289/2062/1289
f 1187/2118/1187 1226/2119/1226 1312/2120/1312
f 48/2114/48 1020/2079/1020 1187/2118/1187
f 772/2115/772 923/2116/923 941/2117/941
f 114/2040/114 920/2039/920 976/2044/976
f 1020/2079/1020 48/2114/48 1281/2113/1281
f 967/2045/967 949/2046/949 114/2040/114
f 1281/2113/1281 1362/2080/1362 1020/2079/1020
f 1066/2077/1066 1281/2113/1281 1067/2068/1067
f 967/2045/967 966/2047/966 926/2043/926
f 1473/2035/1473 2180/2048/2180 938/2036/938
f 967/2045/967 976/2044/976 966/2047/966
f 1289/2062/1289 1067/2068/1067 871/2112/871
f 871/2112/871 1306/2109/1306 1289/2062/1289
f 1466/2032/1466 1441/2049/1441 290/2033/290
f 955/2034/955 939/2050/939 956/2042/956
f 2180/2048/2180 1161/2051/1161 938/2036/938
f 1161/2051/1161 1466/2032/1466 1160/2031/1160
f 966/2047/966 1309/2041/1309 926/2043/926
f 956/2042/956 1309/2041/1309 955/2034/955
f 926/2043/926 949/2046/949 967/2045/967
f 1160/2031/1160 938/2036/938 1161/2051/1161
f 959/2052/959 938/2036/938 1160/2031/1160
f 939/2050/939 955/2034/955 938/2036/938
f 964/2053/964 1309/2041/1309 966/2047/966
f 114/2040/114 976/2044/976 967/2045/967
f 955/2034/955 1309/2041/1309 964/2053/964
f 955/2034/955 964/2053/964 1473/2035/1473
f 1084/2054/1084 1026/2055/1026 1280/2056/1280
f 903/2057/903 904/2058/904 1209/2059/1209
f 1062/2060/1062 1288/2061/1288 1289/2062/1289
f 900/2063/900 902/2064/902 903/2057/903
f 956/2042/956 958/2065/958 924/2066/924
f 1288/2061/1288 903/2057/903 902/2064/902
f 902/2064/902 900/2063/900 901/2067/901
f 1288/2061/1288 1067/2068/1067 1289/2062/1289
f 1288/2061/1288 902/2064/902 107/2069/107
f 937/2070/937 959/2052/959 948/2071/948
f 107/2069/107 1067/2068/1067 1288/2061/1288
f 108/2072/108 136/2073/136 107/2069/107
f 903/2057/903 1288/2061/1288 1062/2060/1062
f 108/2072/108 137/2074/137 132/2075/132
f 132/2075/132 136/2073/136 108/2072/108
f 136/2073/136 919/2076/919 1066/2077/1066
f 872/2111/872 875/2110/875 1306/2109/1306
f 875/2110/875 877/2108/877 1306/2109/1306
f 1062/2060/1062 1306/2109/1306 877/2108/877
f 1062/2060/1062 877/2108/877 904/2058/904
f 132/2075/132 135/2078/135 136/2073/136
f 135/2078/135 919/2076/919 136/2073/136
f 1020/2079/1020 1362/2080/1362 1021/2081/1021
f 919/2076/919 1021/2081/1021 1362/2080/1362
f 919/2076/919 109/2082/109 1021/2081/1021
f 2045/2105/2045 2117/2106/2117 1338/2107/1338
f 931/2083/931 1021/2081/1021 109/2082/109
f 911/2084/911 931/2083/931 1023/2085/1023
f 956/2042/956 924/2066/924 926/2043/926
f 926/2043/926 927/2086/927 949/2046/949
f 927/2086/927 926/2043/926 910/2087/910
f 939/2050/939 938/2036/938 937/2070/937
f 958/2065/958 942/2088/942 924/2066/924
f 937/2070/937 956/2042/956 939/2050/939
f 2061/2089/2061 2055/2090/2055 942/2088/942
f 577/2200/577 576/2192/576 573/2197/573
f 959/2052/959 937/2070/937 938/2036/938
f 958/2065/958 940/2091/940 942/2088/942
f 958/2065/958 956/2042/956 937/2070/937
f 107/2069/107 1066/2077/1066 1067/2068/1067
f 926/2043/926 924/2066/924 910/2087/910
f 948/2071/948 940/2091/940 937/2070/937
f 2061/2089/2061 942/2088/942 940/2091/940
f 911/2084/911 910/2087/910 913/2092/913
f 137/2074/137 108/2072/108 901/2067/901
f 931/2083/931 1020/2079/1020 1021/2081/1021
f 576/2192/576 577/2200/577 563/2194/563
f 643/2099/643 642/2244/642 653/2176/653
f 579/2198/579 649/2199/649 619/2189/619
f 643/2099/643 636/2098/636 642/2244/642
f 576/2192/576 562/2196/562 573/2197/573
f 618/2187/618 576/2192/576 563/2194/563
f 665/2190/665 1849/2188/1849 619/2189/619
f 619/2189/619 620/2186/620 1802/2195/1802
f 644/2179/644 1849/2188/1849 646/2103/646
f 617/2193/617 618/2187/618 563/2194/563
f 618/2187/618 561/2191/561 576/2192/576
f 646/2103/646 1849/2188/1849 665/2190/665
f 620/2186/620 619/2189/619 634/2185/634
f 1849/2188/1849 644/2179/644 634/2185/634
f 1541/2174/1541 1778/2180/1778 618/2187/618
f 1824/2184/1824 1584/2177/1584 1789/2173/1789
f 917/2037/917 971/2154/971 925/2038/925
f 137/2074/137 138/2210/138 132/2075/132
f 917/2037/917 918/2211/918 971/2154/971
f 927/2086/927 911/2084/911 1023/2085/1023
f 108/2072/108 107/2069/107 901/2067/901
f 931/2083/931 109/2082/109 1023/2085/1023
f 1517/2141/1517 1986/2139/1986 2036/2243/2036
f 937/2070/937 940/2091/940 958/2065/958
f 919/2076/919 1362/2080/1362 1066/2077/1066
f 924/2066/924 913/2092/913 910/2087/910
f 1062/2060/1062 904/2058/904 903/2057/903
f 924/2066/924 942/2088/942 913/2092/913
f 107/2069/107 902/2064/902 901/2067/901
f 903/2057/903 1209/2059/1209 900/2063/900
f 942/2088/942 2055/2090/2055 913/2092/913
f 927/2086/927 910/2087/910 911/2084/911
f 1066/2077/1066 107/2069/107 136/2073/136
f 1517/2141/1517 2036/2243/2036 2018/2159/2018
f 135/2078/135 109/2082/109 919/2076/919
f 126/2148/126 112/2212/112 125/2213/125
f 113/2214/113 114/2040/114 927/2086/927
f 918/2211/918 112/2212/112 1019/2150/1019
f 917/2037/917 114/2040/114 918/2211/918
f 1352/2093/1352 1798/2094/1798 595/2095/595
f 665/2190/665 1219/2242/1219 646/2103/646
f 646/2103/646 1219/2242/1219 647/2096/647
f 125/2213/125 131/2215/131 1080/2147/1080
f 114/2040/114 112/2212/112 918/2211/918
f 113/2214/113 110/2216/110 112/2212/112
f 595/2095/595 1798/2094/1798 647/2096/647
f 635/2097/635 636/2098/636 643/2099/643
f 597/2100/597 632/2101/632 1352/2093/1352
f 1798/2094/1798 635/2097/635 641/2102/641
f 646/2103/646 1798/2094/1798 641/2102/641
f 1798/2094/1798 1352/2093/1352 635/2097/635
f 1798/2094/1798 646/2103/646 647/2096/647
f 647/2096/647 1812/2104/1812 595/2095/595
f 632/2101/632 636/2098/636 635/2097/635
f 632/2101/632 635/2097/635 1352/2093/1352
f 641/2102/641 635/2097/635 643/2099/643
f 927/2086/927 114/2040/114 949/2046/949
f 132/2075/132 1080/2147/1080 131/2215/131
f 125/2213/125 1080/2147/1080 126/2148/126
f 1080/2147/1080 132/2075/132 134/2146/134
f 126/2148/126 1019/2150/1019 112/2212/112
f 1019/2150/1019 971/2154/971 918/2211/918
f 1023/2085/1023 109/2082/109 110/2216/110
f 134/2146/134 132/2075/132 138/2210/138
f 113/2214/113 927/2086/927 110/2216/110
f 112/2212/112 114/2040/114 113/2214/113
f 125/2213/125 135/2078/135 131/2215/131
f 927/2086/927 1023/2085/1023 110/2216/110
f 112/2212/112 110/2216/110 125/2213/125
f 135/2078/135 132/2075/132 131/2215/131
f 125/2213/125 110/2216/110 135/2078/135
f 109/2082/109 135/2078/135 110/2216/110
f 644/2179/644 646/2103/646 641/2102/641
f 653/2176/653 1825/2178/1825 620/2186/620
f 643/2099/643 653/2176/653 634/2185/634
f 1825/2178/1825 1584/2177/1584 1824/2184/1824
f 2039/2225/2039 1338/2107/1338 881/2137/881
f 2039/2225/2039 881/2137/881 1982/2232/1982
f 941/2117/941 2039/2225/2039 2025/2167/2025
f 1338/2107/1338 2039/2225/2039 941/2117/941
f 2033/2217/2033 2046/2128/2046 899/2129/899
f 2043/2218/2043 1053/2205/1053 1054/2207/1054
f 2046/2128/2046 674/2219/674 2045/2105/2045
f 899/2129/899 2043/2218/2043 2033/2217/2033
f 2033/2217/2033 2043/2218/2043 1054/2207/1054
f 1053/2205/1053 2043/2218/2043 899/2129/899
f 674/2219/674 2117/2106/2117 2045/2105/2045
f 2033/2217/2033 1054/2207/1054 219/2220/219
f 674/2219/674 219/2220/219 2117/2106/2117
f 2033/2217/2033 674/2219/674 2046/2128/2046
f 2033/2217/2033 219/2220/219 674/2219/674
f 2118/2145/2118 2025/2167/2025 2039/2225/2039
f 1789/2173/1789 1584/2177/1584 1996/2172/1996
f 1778/2180/1778 1985/2169/1985 1984/2181/1984
f 1788/2183/1788 1799/2175/1799 1541/2174/1541
f 1778/2180/1778 1984/2181/1984 614/2182/614
f 644/2179/644 641/2102/641 643/2099/643
f 653/2176/653 1584/2177/1584 1825/2178/1825
f 1985/2169/1985 1541/2174/1541 1799/2175/1799
f 1996/2172/1996 1980/2170/1980 1789/2173/1789
f 1985/2169/1985 1980/2170/1980 1780/2171/1780
f 905/2168/905 1312/2120/1312 2025/2167/2025
f 2041/2164/2041 1014/2143/1014 873/2163/873
f 48/2114/48 879/2166/879 1281/2113/1281
f 2025/2167/2025 2118/2145/2118 905/2168/905
f 1517/2141/1517 2018/2159/2018 1185/2162/1185
f 916/2161/916 934/2160/934 875/2110/875
f 905/2168/905 2041/2164/2041 879/2166/879
f 1185/2162/1185 916/2161/916 873/2163/873
f 879/2166/879 48/2114/48 1312/2120/1312
f 1312/2120/1312 905/2168/905 879/2166/879
f 772/2115/772 2025/2167/2025 1312/2120/1312
f 2118/2145/2118 2041/2164/2041 905/2168/905
f 873/2163/873 916/2161/916 872/2111/872
f 875/2110/875 872/2111/872 916/2161/916
f 1014/2143/1014 1517/2141/1517 1185/2162/1185
f 772/2115/772 941/2117/941 2025/2167/2025
f 2118/2145/2118 122/2142/122 2041/2164/2041
f 873/2163/873 871/2112/871 880/2165/880
f 879/2166/879 880/2165/880 1281/2113/1281
f 2041/2164/2041 880/2165/880 879/2166/879
f 880/2165/880 2041/2164/2041 873/2163/873
f 1281/2113/1281 880/2165/880 871/2112/871
f 122/2142/122 1014/2143/1014 2041/2164/2041
f 872/2111/872 871/2112/871 873/2163/873
f 1014/2143/1014 1185/2162/1185 873/2163/873
f 2018/2159/2018 916/2161/916 1185/2162/1185
f 2018/2159/2018 934/2160/934 916/2161/916
f 1053/2205/1053 894/2206/894 1054/2207/1054
f 1053/2205/1053 890/2208/890 894/2206/894
f 2035/2209/2035 1053/2205/1053 899/2129/899
f 1053/2205/1053 2035/2209/2035 890/2208/890
f 1788/2183/1788 1789/2173/1789 1799/2175/1799
f 579/2198/579 619/2189/619 1802/2195/1802
f 1799/2175/1799 1980/2170/1980 1985/2169/1985
f 2021/2222/2021 1779/2238/1779 1983/2138/1983
f 1800/2241/1800 1980/2170/1980 1996/2172/1996
f 1780/2171/1780 1779/2238/1779 2024/2229/2024
f 1775/2240/1775 1780/2171/1780 1980/2170/1980
f 1775/2240/1775 1980/2170/1980 1800/2241/1800
f 1775/2240/1775 1787/2239/1787 1780/2171/1780
f 1787/2239/1787 1779/2238/1779 1780/2171/1780
f 1986/2139/1986 1983/2138/1983 1779/2238/1779
f 561/2191/561 1778/2180/1778 614/2182/614
f 2024/2229/2024 1779/2238/1779 2021/2222/2021
f 853/2234/853 854/2233/854 881/2137/881
f 881/2137/881 784/2237/784 853/2234/853
f 894/2206/894 890/2208/890 848/2228/848
f 784/2237/784 2117/2106/2117 1311/2235/1311
f 851/2230/851 1982/2232/1982 854/2233/854
f 1311/2235/1311 1087/2224/1087 882/2203/882
f 2093/2152/2093 968/2157/968 925/2038/925
f 896/2236/896 1311/2235/1311 1043/2223/1043
f 561/2191/561 882/2203/882 562/2196/562
f 784/2237/784 881/2137/881 2117/2106/2117
f 854/2233/854 853/2234/853 882/2203/882
f 1043/2223/1043 894/2206/894 892/2227/892
f 784/2237/784 1311/2235/1311 853/2234/853
f 1087/2224/1087 2052/2226/2052 582/2231/582
f 1984/2181/1984 1780/2171/1780 2024/2229/2024
f 1043/2223/1043 892/2227/892 896/2236/896
f 562/2196/562 566/2204/566 573/2197/573
f 896/2236/896 892/2227/892 2052/2226/2052
f 1087/2224/1087 1311/2235/1311 896/2236/896
f 1311/2235/1311 2117/2106/2117 1043/2223/1043
f 219/2220/219 1054/2207/1054 1043/2223/1043
f 854/2233/854 1982/2232/1982 881/2137/881
f 2039/2225/2039 1982/2232/1982 2040/2221/2040
f 854/2233/854 882/2203/882 614/2182/614
f 2052/2226/2052 1087/2224/1087 896/2236/896
f 1043/2223/1043 1054/2207/1054 894/2206/894
f 1982/2232/1982 2021/2222/2021 2040/2221/2040
f 1799/2175/1799 1789/2173/1789 1980/2170/1980
f 1802/2195/1802 617/2193/617 563/2194/563
f 1019/2150/1019 2108/2153/2108 971/2154/971
f 561/2191/561 618/2187/618 1778/2180/1778
f 578/2202/578 579/2198/579 577/2200/577
f 2093/2152/2093 925/2038/925 971/2154/971
f 1788/2183/1788 618/2187/618 617/2193/617
f 1541/2174/1541 1985/2169/1985 1778/2180/1778
f 576/2192/576 561/2191/561 562/2196/562
f 1019/2150/1019 1018/2149/1018 2108/2153/2108
f 644/2179/644 643/2099/643 634/2185/634
f 893/2131/893 2035/2209/2035 899/2129/899
f 2108/2153/2108 2110/2158/2110 972/2151/972
f 2110/2158/2110 2108/2153/2108 2109/2156/2109
f 1789/2173/1789 1788/2183/1788 617/2193/617
f 1802/2195/1802 1824/2184/1824 617/2193/617
f 968/2157/968 2093/2152/2093 972/2151/972
f 1025/2155/1025 1018/2149/1018 1084/2054/1084
f 1788/2183/1788 1541/2174/1541 618/2187/618
f 631/2201/631 619/2189/619 649/2199/649
f 1824/2184/1824 1802/2195/1802 620/2186/620
f 1825/2178/1825 1824/2184/1824 620/2186/620
f 2109/2156/2109 2108/2153/2108 1025/2155/1025
f 579/2198/579 1802/2195/1802 563/2194/563
f 653/2176/653 620/2186/620 634/2185/634
f 1984/2181/1984 1985/2169/1985 1780/2171/1780
f 1025/2155/1025 2108/2153/2108 1018/2149/1018
f 2108/2153/2108 2093/2152/2093 971/2154/971
f 614/2182/614 882/2203/882 561/2191/561
f 617/2193/617 1824/2184/1824 1789/2173/1789
f 972/2151/972 2093/2152/2093 2108/2153/2108
f 578/2202/578 649/2199/649 579/2198/579
f 619/2189/619 1849/2188/1849 634/2185/634
f 1026/2055/1026 1084/2054/1084 1018/2149/1018
f 126/2148/126 1018/2149/1018 1019/2150/1019
f 853/2234/853 1311/2235/1311 882/2203/882
f 614/2182/614 851/2230/851 854/2233/854
f 848/2228/848 892/2227/892 894/2206/894
f 2021/2222/2021 1982/2232/1982 851/2230/851
f 851/2230/851 614/2182/614 1984/2181/1984
f 582/2231/582 566/2204/566 562/2196/562
f 562/2196/562 1087/2224/1087 582/2231/582
f 2024/2229/2024 2021/2222/2021 851/2230/851
f 1984/2181/1984 2024/2229/2024 851/2230/851
f 2052/2226/2052 892/2227/892 848/2228/848
f 2040/2221/2040 2021/2222/2021 2032/2144/2032
f 2040/2221/2040 2118/2145/2118 2039/2225/2039
f 882/2203/882 1087/2224/1087 562/2196/562
f 2117/2106/2117 219/2220/219 1043/2223/1043
f 2032/2144/2032 2118/2145/2118 2040/2221/2040
f 2032/2144/2032 2021/2222/2021 1983/2138/1983
f 1171/2288/1171 1035/2270/1035 797/2289/797
f 55/2442/55 37/2443/37 53/2415/53
f 1241/2358/1241 1231/2325/1231 686/2405/686
f 40/2434/40 42/2429/42 34/2440/34
f 45/2401/45 44/2400/44 181/2441/181
f 681/2318/681 688/2363/688 686/2405/686
f 34/2440/34 43/2433/43 40/2434/40
f 689/2250/689 500/2307/500 501/2377/501
f 44/2400/44 165/2426/165 167/2439/167
f 40/2434/40 82/2424/82 41/2427/41
f 497/2423/497 50/2425/50 57/2438/57
f 1316/2303/1316 1318/2306/1318 1121/2304/1121
f 780/2278/780 791/2268/791 1044/2266/1044
f 615/2338/615 553/2386/553 1224/2344/1224
f 756/2276/756 790/2267/790 1317/2277/1317
f 1004/2290/1004 797/2289/797 787/2291/787
f 49/2432/49 508/2418/508 517/2437/517
f 508/2418/508 49/2432/49 515/2367/515
f 500/2307/500 548/2262/548 97/2272/97
f 87/2376/87 683/2320/683 697/2331/697
f 1035/2270/1035 805/2269/805 797/2289/797
f 788/2436/788 775/2245/775 786/2261/786
f 91/2309/91 68/2394/68 543/2388/543
f 508/2418/508 38/2398/38 39/2435/39
f 43/2433/43 82/2424/82 40/2434/40
f 706/2409/706 515/2367/515 49/2432/49
f 1318/2306/1318 908/2312/908 1121/2304/1121
f 509/2368/509 56/2430/56 35/2431/35
f 97/2272/97 176/2263/176 803/2265/803
f 165/2426/165 44/2400/44 42/2429/42
f 1231/2325/1231 681/2318/681 686/2405/686
f 165/2426/165 41/2427/41 52/2428/52
f 2115/2256/2115 144/2302/144 1039/2257/1039
f 775/2245/775 774/2246/774 785/2247/785
f 687/2314/687 1241/2358/1241 686/2405/686
f 497/2423/497 82/2424/82 50/2425/50
f 686/2405/686 700/2406/700 687/2314/687
f 1048/2281/1048 1298/2421/1298 792/2422/792
f 688/2363/688 516/2362/516 700/2406/700
f 551/2390/551 550/2296/550 543/2388/543
f 687/2314/687 700/2406/700 705/2317/705
f 691/2361/691 690/2407/690 498/2408/498
f 690/2407/690 691/2361/691 705/2317/705
f 87/2376/87 1208/2380/1208 545/2374/545
f 511/2404/511 85/2402/85 86/2399/86
f 185/2294/185 180/2254/180 547/2249/547
f 1051/2259/1051 756/2276/756 699/2282/699
f 164/2419/164 1056/2417/1056 188/2420/188
f 516/2362/516 706/2409/706 700/2406/700
f 38/2398/38 508/2418/508 515/2367/515
f 690/2407/690 511/2404/511 513/2403/513
f 85/2402/85 511/2404/511 706/2409/706
f 94/2416/94 775/2245/775 1056/2417/1056
f 498/2408/498 690/2407/690 513/2403/513
f 705/2317/705 700/2406/700 690/2407/690
f 687/2314/687 707/2315/707 1240/2316/1240
f 707/2315/707 687/2314/687 705/2317/705
f 499/2413/499 96/2414/96 53/2415/53
f 681/2318/681 684/2319/684 683/2320/683
f 673/2321/673 679/2322/679 1221/2323/1221
f 858/2324/858 1221/2323/1221 1231/2325/1231
f 1221/2323/1221 1223/2326/1223 673/2321/673
f 685/2327/685 673/2321/673 1223/2326/1223
f 684/2319/684 673/2321/673 1222/2328/1222
f 700/2406/700 686/2405/686 688/2363/688
f 673/2321/673 685/2327/685 671/2329/671
f 695/2330/695 697/2331/697 696/2332/696
f 671/2329/671 1222/2328/1222 673/2321/673
f 692/2333/692 694/2334/694 671/2329/671
f 170/2335/170 62/2336/62 171/2337/171
f 696/2332/696 1222/2328/1222 694/2334/694
f 615/2338/615 1228/2339/1228 70/2340/70
f 671/2329/671 608/2341/608 692/2333/692
f 693/2342/693 675/2343/675 695/2330/695
f 692/2333/692 693/2342/693 694/2334/694
f 1221/2323/1221 681/2318/681 1231/2325/1231
f 1224/2344/1224 1228/2339/1228 615/2338/615
f 70/2340/70 1228/2339/1228 84/2345/84
f 695/2330/695 696/2332/696 693/2342/693
f 174/2346/174 1224/2344/1224 693/2342/693
f 693/2342/693 692/2333/692 124/2347/124
f 84/2345/84 1228/2339/1228 123/2348/123
f 511/2404/511 690/2407/690 700/2406/700
f 694/2334/694 1222/2328/1222 671/2329/671
f 700/2406/700 706/2409/706 511/2404/511
f 511/2404/511 86/2399/86 513/2403/513
f 513/2403/513 86/2399/86 45/2401/45
f 174/2346/174 693/2342/693 124/2347/124
f 171/2337/171 84/2345/84 123/2348/123
f 85/2402/85 44/2400/44 86/2399/86
f 559/2349/559 170/2335/170 171/2337/171
f 613/2350/613 603/2351/603 600/2352/600
f 77/2353/77 123/2348/123 174/2346/174
f 171/2337/171 596/2354/596 559/2349/559
f 559/2349/559 67/2355/67 170/2335/170
f 170/2335/170 66/2356/66 62/2336/62
f 974/2357/974 77/2353/77 124/2347/124
f 123/2348/123 77/2353/77 603/2351/603
f 596/2354/596 613/2350/613 559/2349/559
f 603/2351/603 596/2354/596 123/2348/123
f 67/2355/67 66/2356/66 170/2335/170
f 86/2399/86 44/2400/44 45/2401/45
f 613/2350/613 596/2354/596 603/2351/603
f 613/2350/613 600/2352/600 67/2355/67
f 1223/2326/1223 1221/2323/1221 858/2324/858
f 549/2248/549 547/2249/547 689/2250/689
f 1228/2339/1228 1224/2344/1224 174/2346/174
f 802/2251/802 1268/2252/1268 1351/2253/1351
f 1221/2323/1221 679/2322/679 681/2318/681
f 858/2324/858 1231/2325/1231 1241/2358/1241
f 799/2255/799 180/2254/180 1268/2252/1268
f 180/2254/180 799/2255/799 547/2249/547
f 675/2343/675 693/2342/693 1224/2344/1224
f 2115/2256/2115 1039/2257/1039 1038/2258/1038
f 185/2294/185 555/2300/555 180/2254/180
f 684/2319/684 681/2318/681 679/2322/679
f 1048/2281/1048 1051/2259/1051 699/2282/699
f 124/2347/124 121/2359/121 974/2357/974
f 608/2341/608 671/2329/671 680/2360/680
f 549/2248/549 505/2283/505 90/2284/90
f 608/2341/608 121/2359/121 692/2333/692
f 1035/2270/1035 1268/2252/1268 856/2285/856
f 1240/2316/1240 1241/2358/1241 687/2314/687
f 694/2334/694 693/2342/693 696/2332/696
f 124/2347/124 77/2353/77 174/2346/174
f 684/2319/684 679/2322/679 673/2321/673
f 549/2248/549 689/2250/689 505/2283/505
f 697/2331/697 684/2319/684 1222/2328/1222
f 705/2317/705 691/2361/691 707/2315/707
f 685/2327/685 680/2360/680 671/2329/671
f 774/2246/774 798/2275/798 1052/2286/1052
f 798/2275/798 803/2265/803 869/2287/869
f 1171/2288/1171 797/2289/797 1004/2290/1004
f 785/2247/785 1052/2286/1052 787/2291/787
f 541/2295/541 552/2301/552 90/2284/90
f 809/2271/809 812/2305/812 1318/2306/1318
f 180/2254/180 555/2300/555 179/2299/179
f 1051/2259/1051 1002/2260/1002 786/2261/786
f 803/2265/803 177/2264/177 802/2251/802
f 548/2262/548 689/2250/689 547/2249/547
f 1052/2286/1052 1004/2290/1004 787/2291/787
f 689/2250/689 548/2262/548 500/2307/500
f 177/2264/177 799/2255/799 802/2251/802
f 787/2291/787 791/2268/791 785/2247/785
f 547/2249/547 799/2255/799 548/2262/548
f 1051/2259/1051 790/2267/790 756/2276/756
f 756/2276/756 1006/2280/1006 699/2282/699
f 809/2271/809 909/2292/909 832/2293/832
f 786/2261/786 775/2245/775 780/2278/780
f 542/2308/542 541/2295/541 91/2309/91
f 123/2348/123 1228/2339/1228 174/2346/174
f 121/2359/121 124/2347/124 692/2333/692
f 596/2354/596 171/2337/171 123/2348/123
f 684/2319/684 697/2331/697 683/2320/683
f 171/2337/171 62/2336/62 84/2345/84
f 67/2355/67 559/2349/559 613/2350/613
f 974/2357/974 603/2351/603 77/2353/77
f 696/2332/696 697/2331/697 1222/2328/1222
f 1316/2303/1316 2115/2256/2115 1038/2258/1038
f 790/2267/790 1310/2410/1310 1317/2277/1317
f 1310/2410/1310 1316/2303/1316 1317/2277/1317
f 791/2268/791 1310/2410/1310 790/2267/790
f 787/2291/787 793/2411/793 791/2268/791
f 797/2289/797 796/2297/796 793/2411/793
f 795/2412/795 793/2411/793 796/2297/796
f 795/2412/795 1310/2410/1310 793/2411/793
f 1318/2306/1318 795/2412/795 796/2297/796
f 1310/2410/1310 791/2268/791 793/2411/793
f 795/2412/795 1316/2303/1316 1310/2410/1310
f 793/2411/793 787/2291/787 797/2289/797
f 1316/2303/1316 795/2412/795 1318/2306/1318
f 97/2272/97 548/2262/548 176/2263/176
f 785/2247/785 774/2246/774 1052/2286/1052
f 550/2296/550 555/2300/555 185/2294/185
f 516/2362/516 688/2363/688 178/2364/178
f 688/2363/688 681/2318/681 1355/2365/1355
f 1355/2365/1355 178/2364/178 688/2363/688
f 516/2362/516 47/2366/47 515/2367/515
f 1355/2365/1355 47/2366/47 178/2364/178
f 509/2368/509 46/2369/46 88/2370/88
f 1355/2365/1355 683/2320/683 47/2366/47
f 89/2371/89 509/2368/509 88/2370/88
f 47/2366/47 683/2320/683 88/2370/88
f 89/2371/89 503/2372/503 682/2373/682
f 89/2371/89 545/2374/545 503/2372/503
f 89/2371/89 703/2375/703 545/2374/545
f 87/2376/87 703/2375/703 88/2370/88
f 501/2377/501 503/2372/503 545/2374/545
f 689/2250/689 501/2377/501 514/2378/514
f 506/2379/506 514/2378/514 501/2377/501
f 869/2287/869 1171/2288/1171 798/2275/798
f 790/2267/790 1051/2259/1051 786/2261/786
f 185/2294/185 541/2295/541 550/2296/550
f 1318/2306/1318 796/2297/796 809/2271/809
f 774/2246/774 776/2273/776 798/2275/798
f 796/2297/796 805/2269/805 809/2271/809
f 176/2263/176 177/2264/177 803/2265/803
f 667/2298/667 179/2299/179 555/2300/555
f 797/2289/797 805/2269/805 796/2297/796
f 1004/2290/1004 1052/2286/1052 798/2275/798
f 552/2301/552 185/2294/185 547/2249/547
f 776/2273/776 95/2279/95 58/2274/58
f 90/2284/90 552/2301/552 549/2248/549
f 856/2285/856 809/2271/809 1035/2270/1035
f 179/2299/179 856/2285/856 184/2310/184
f 869/2287/869 802/2251/802 1351/2253/1351
f 786/2261/786 1044/2266/1044 790/2267/790
f 1044/2266/1044 791/2268/791 790/2267/790
f 805/2269/805 1035/2270/1035 809/2271/809
f 514/2378/514 506/2379/506 689/2250/689
f 543/2388/543 74/2397/74 540/2393/540
f 697/2331/697 695/2330/695 1208/2380/1208
f 1039/2257/1039 1006/2280/1006 1038/2258/1038
f 38/2398/38 88/2370/88 46/2369/46
f 698/2381/698 1208/2380/1208 695/2330/695
f 683/2320/683 1355/2365/1355 681/2318/681
f 1208/2380/1208 546/2382/546 545/2374/545
f 698/2381/698 695/2330/695 675/2343/675
f 557/2383/557 546/2382/546 1208/2380/1208
f 557/2383/557 698/2381/698 675/2343/675
f 815/2311/815 667/2298/667 817/2384/817
f 549/2248/549 552/2301/552 547/2249/547
f 97/2272/97 776/2273/776 58/2274/58
f 188/2420/188 1056/2417/1056 779/2446/779
f 180/2254/180 184/2310/184 1268/2252/1268
f 541/2295/541 90/2284/90 91/2309/91
f 1298/2421/1298 783/2453/783 781/2454/781
f 43/2433/43 50/2425/50 82/2424/82
f 46/2369/46 35/2431/35 39/2435/39
f 53/2415/53 54/2444/54 55/2442/55
f 909/2292/909 809/2271/809 856/2285/856
f 780/2278/780 775/2245/775 785/2247/785
f 1038/2258/1038 1317/2277/1317 1316/2303/1316
f 509/2368/509 682/2373/682 56/2430/56
f 803/2265/803 802/2251/802 869/2287/869
f 550/2296/550 541/2295/541 542/2308/542
f 783/2453/783 779/2446/779 781/2454/781
f 185/2294/185 552/2301/552 541/2295/541
f 176/2263/176 548/2262/548 177/2264/177
f 179/2299/179 909/2292/909 856/2285/856
f 53/2415/53 56/2430/56 682/2373/682
f 188/2420/188 189/2451/189 164/2419/164
f 502/2449/502 503/2372/503 501/2377/501
f 815/2311/815 179/2299/179 667/2298/667
f 89/2371/89 682/2373/682 509/2368/509
f 91/2309/91 90/2284/90 507/2385/507
f 675/2343/675 553/2386/553 557/2383/557
f 667/2298/667 555/2300/555 98/2387/98
f 542/2308/542 91/2309/91 543/2388/543
f 557/2383/557 69/2389/69 91/2309/91
f 98/2387/98 555/2300/555 551/2390/551
f 550/2296/550 542/2308/542 543/2388/543
f 98/2387/98 551/2390/551 99/2391/99
f 551/2390/551 76/2392/76 99/2391/99
f 540/2393/540 551/2390/551 543/2388/543
f 543/2388/543 68/2394/68 84/2345/84
f 76/2392/76 551/2390/551 540/2393/540
f 546/2382/546 505/2283/505 506/2379/506
f 64/2395/64 76/2392/76 540/2393/540
f 57/2438/57 83/2450/83 497/2423/497
f 179/2299/179 184/2310/184 180/2254/180
f 817/2384/817 667/2298/667 98/2387/98
f 1208/2380/1208 698/2381/698 557/2383/557
f 68/2394/68 69/2389/69 70/2340/70
f 816/2313/816 815/2311/815 808/2396/808
f 1171/2288/1171 1004/2290/1004 798/2275/798
f 74/2397/74 84/2345/84 62/2336/62
f 74/2397/74 543/2388/543 84/2345/84
f 553/2386/553 615/2338/615 69/2389/69
f 74/2397/74 62/2336/62 64/2395/64
f 74/2397/74 64/2395/64 540/2393/540
f 69/2389/69 557/2383/557 553/2386/553
f 69/2389/69 615/2338/615 70/2340/70
f 68/2394/68 70/2340/70 84/2345/84
f 51/2445/51 52/2428/52 41/2427/41
f 703/2375/703 87/2376/87 545/2374/545
f 703/2375/703 89/2371/89 88/2370/88
f 1213/2447/1213 788/2436/788 786/2261/786
f 555/2300/555 550/2296/550 551/2390/551
f 808/2396/808 815/2311/815 817/2384/817
f 1002/2260/1002 792/2422/792 1213/2447/1213
f 832/2293/832 812/2305/812 809/2271/809
f 546/2382/546 507/2385/507 505/2283/505
f 1002/2260/1002 1051/2259/1051 1048/2281/1048
f 34/2440/34 42/2429/42 517/2437/517
f 683/2320/683 87/2376/87 88/2370/88
f 675/2343/675 1224/2344/1224 553/2386/553
f 85/2402/85 49/2432/49 517/2437/517
f 39/2435/39 38/2398/38 46/2369/46
f 501/2377/501 500/2307/500 502/2449/502
f 682/2373/682 502/2449/502 499/2413/499
f 55/2442/55 163/2448/163 83/2450/83
f 167/2439/167 52/2428/52 166/2452/166
f 1035/2270/1035 1171/2288/1171 1351/2253/1351
f 1213/2447/1213 779/2446/779 788/2436/788
f 37/2443/37 55/2442/55 57/2438/57
f 68/2394/68 91/2309/91 69/2389/69
f 1056/2417/1056 164/2419/164 94/2416/94
f 51/2445/51 82/2424/82 497/2423/497
f 97/2272/97 96/2414/96 500/2307/500
f 39/2435/39 34/2440/34 517/2437/517
f 96/2414/96 499/2413/499 500/2307/500
f 43/2433/43 34/2440/34 50/2425/50
f 545/2374/545 546/2382/546 506/2379/506
f 500/2307/500 499/2413/499 502/2449/502
f 94/2416/94 95/2279/95 775/2245/775
f 682/2373/682 499/2413/499 53/2415/53
f 55/2442/55 83/2450/83 57/2438/57
f 94/2416/94 163/2448/163 95/2279/95
f 188/2420/188 779/2446/779 189/2451/189
f 58/2274/58 95/2279/95 163/2448/163
f 786/2261/786 1002/2260/1002 1213/2447/1213
f 51/2445/51 497/2423/497 83/2450/83
f 88/2370/88 38/2398/38 47/2366/47
f 54/2444/54 163/2448/163 55/2442/55
f 163/2448/163 94/2416/94 83/2450/83
f 792/2422/792 781/2454/781 779/2446/779
f 1056/2417/1056 775/2245/775 788/2436/788
f 792/2422/792 1002/2260/1002 1048/2281/1048
f 42/2429/42 41/2427/41 165/2426/165
f 53/2415/53 37/2443/37 56/2430/56
f 788/2436/788 779/2446/779 1056/2417/1056
f 37/2443/37 35/2431/35 56/2430/56
f 1298/2421/1298 781/2454/781 792/2422/792
f 47/2366/47 38/2398/38 515/2367/515
f 516/2362/516 515/2367/515 706/2409/706
f 1318/2306/1318 812/2305/812 908/2312/908
f 164/2419/164 51/2445/51 83/2450/83
f 35/2431/35 46/2369/46 509/2368/509
f 779/2446/779 783/2453/783 189/2451/189
f 144/2302/144 2115/2256/2115 1316/2303/1316
f 816/2313/816 909/2292/909 179/2299/179
f 803/2265/803 798/2275/798 776/2273/776
f 177/2264/177 548/2262/548 799/2255/799
f 51/2445/51 164/2419/164 52/2428/52
f 1038/2258/1038 756/2276/756 1317/2277/1317
f 780/2278/780 785/2247/785 791/2268/791
f 167/2439/167 165/2426/165 52/2428/52
f 95/2279/95 774/2246/774 775/2245/775
f 95/2279/95 776/2273/776 774/2246/774
f 189/2451/189 52/2428/52 164/2419/164
f 786/2261/786 780/2278/780 1044/2266/1044
f 35/2431/35 57/2438/57 34/2440/34
f 1006/2280/1006 756/2276/756 1038/2258/1038
f 189/2451/189 166/2452/166 52/2428/52
f 1351/2253/1351 1171/2288/1171 869/2287/869
f 164/2419/164 83/2450/83 94/2416/94
f 34/2440/34 57/2438/57 50/2425/50
f 179/2299/179 815/2311/815 816/2313/816
f 37/2443/37 57/2438/57 35/2431/35
f 35/2431/35 34/2440/34 39/2435/39
f 54/2444/54 53/2415/53 96/2414/96
f 1351/2253/1351 1268/2252/1268 1035/2270/1035
f 42/2429/42 85/2402/85 517/2437/517
f 706/2409/706 49/2432/49 85/2402/85
f 506/2379/506 505/2283/505 689/2250/689
f 42/2429/42 44/2400/44 85/2402/85
f 546/2382/546 557/2383/557 507/2385/507
f 502/2449/502 682/2373/682 503/2372/503
f 545/2374/545 506/2379/506 501/2377/501
f 697/2331/697 1208/2380/1208 87/2376/87
f 58/2274/58 163/2448/163 54/2444/54
f 144/2302/144 1316/2303/1316 1121/2304/1121
f 507/2385/507 90/2284/90 505/2283/505
f 44/2400/44 167/2439/167 181/2441/181
f 779/2446/779 1213/2447/1213 792/2422/792
f 41/2427/41 42/2429/42 40/2434/40
f 82/2424/82 51/2445/51 41/2427/41
f 97/2272/97 58/2274/58 96/2414/96
f 803/2265/803 776/2273/776 97/2272/97
f 178/2364/178 47/2366/47 516/2362/516
f 91/2309/91 507/2385/507 557/2383/557
f 184/2310/184 856/2285/856 1268/2252/1268
f 39/2435/39 517/2437/517 508/2418/508
f 799/2255/799 1268/2252/1268 802/2251/802
f 96/2414/96 58/2274/58 54/2444/54
f 264/2632/264 258/2603/258 2703/2631/2703
f 2695/2606/2695 1322/2548/1322 2367/2607/2367
f 2335/2635/2335 2347/2615/2347 2346/2614/2346
f 2335/2635/2335 2705/2622/2705 2329/2612/2329
f 2332/2621/2332 2329/2612/2329 2265/2611/2265
f 2346/2614/2346 2705/2622/2705 2335/2635/2335
f 2703/2631/2703 2653/2550/2653 1322/2548/1322
f 2695/2606/2695 2235/2608/2235 2326/2470/2326
f 2149/2623/2149 2123/2609/2123 565/2613/565
f 2703/2631/2703 2635/2469/2635 264/2632/264
f 2215/2628/2215 2230/2624/2230 2221/2629/2221
f 2123/2609/2123 2151/2618/2151 2654/2617/2654
f 2292/2566/2292 2265/2611/2265 2225/2570/2225
f 2235/2608/2235 2230/2624/2230 2232/2630/2232
f 2635/2469/2635 2703/2631/2703 2695/2606/2695
f 2703/2631/2703 1322/2548/1322 2695/2606/2695
f 2332/2621/2332 2347/2615/2347 2335/2635/2335
f 2149/2623/2149 2215/2628/2215 2346/2614/2346
f 267/2544/267 2653/2550/2653 258/2603/258
f 2407/2633/2407 2221/2629/2221 2230/2624/2230
f 565/2613/565 2680/2626/2680 2214/2627/2214
f 2235/2608/2235 2210/2463/2210 2212/2634/2212
f 2203/2478/2203 2141/2467/2141 2140/2620/2140
f 2695/2606/2695 2326/2470/2326 2635/2469/2635
f 2235/2608/2235 2367/2607/2367 2230/2624/2230
f 2329/2612/2329 2332/2621/2332 2335/2635/2335
f 2367/2607/2367 1322/2548/1322 2372/2545/2372
f 565/2613/565 2214/2627/2214 2149/2623/2149
f 2407/2633/2407 2230/2624/2230 2361/2625/2361
f 2705/2622/2705 2221/2629/2221 2684/2539/2684
f 2367/2607/2367 2372/2545/2372 2361/2625/2361
f 2232/2630/2232 2680/2626/2680 2353/2464/2353
f 2225/2570/2225 2329/2612/2329 2226/2610/2226
f 2407/2633/2407 2361/2625/2361 2372/2545/2372
f 2353/2464/2353 2210/2463/2210 2232/2630/2232
f 2212/2634/2212 2326/2470/2326 2235/2608/2235
f 2372/2545/2372 2284/2540/2284 2407/2633/2407
f 2238/2541/2238 2226/2610/2226 2705/2622/2705
f 2407/2633/2407 2284/2540/2284 2684/2539/2684
f 2226/2610/2226 2238/2541/2238 2351/2556/2351
f 2221/2629/2221 2407/2633/2407 2684/2539/2684
f 2230/2624/2230 2215/2628/2215 2232/2630/2232
f 262/2605/262 258/2603/258 264/2632/264
f 2221/2629/2221 2346/2614/2346 2215/2628/2215
f 2140/2620/2140 2385/2466/2385 565/2613/565
f 2232/2630/2232 2215/2628/2215 2214/2627/2214
f 2680/2626/2680 2232/2630/2232 2214/2627/2214
f 2238/2541/2238 2705/2622/2705 2684/2539/2684
f 2653/2550/2653 2703/2631/2703 258/2603/258
f 2353/2464/2353 2680/2626/2680 2385/2466/2385
f 2151/2618/2151 2149/2623/2149 2346/2614/2346
f 2235/2608/2235 2232/2630/2232 2210/2463/2210
f 2221/2629/2221 2705/2622/2705 2346/2614/2346
f 2214/2627/2214 2215/2628/2215 2149/2623/2149
f 2680/2626/2680 565/2613/565 2385/2466/2385
f 2230/2624/2230 2367/2607/2367 2361/2625/2361
f 2654/2617/2654 2242/2475/2242 2123/2609/2123
f 2151/2618/2151 2123/2609/2123 2149/2623/2149
f 2151/2618/2151 2346/2614/2346 2255/2616/2255
f 2226/2610/2226 2329/2612/2329 2705/2622/2705
f 565/2613/565 2203/2478/2203 2140/2620/2140
f 2332/2621/2332 2265/2611/2265 2267/2619/2267
f 2385/2466/2385 2140/2620/2140 2141/2467/2141
f 2265/2611/2265 2292/2566/2292 2267/2619/2267
f 2255/2616/2255 2654/2617/2654 2151/2618/2151
f 2346/2614/2346 2347/2615/2347 2255/2616/2255
f 2351/2556/2351 2224/2583/2224 2226/2610/2226
f 565/2613/565 2123/2609/2123 2203/2478/2203
f 2265/2611/2265 2329/2612/2329 2225/2570/2225
f 2226/2610/2226 2224/2583/2224 2225/2570/2225
f 2242/2475/2242 2203/2478/2203 2123/2609/2123
f 2224/2583/2224 2222/2579/2222 2225/2570/2225
f 2695/2606/2695 2367/2607/2367 2235/2608/2235
f 262/2605/262 2543/2602/2543 258/2603/258
f 1150/2604/1150 254/2561/254 256/2542/256
f 256/2542/256 267/2544/267 1150/2604/1150
f 267/2544/267 2543/2602/2543 1150/2604/1150
f 2543/2602/2543 267/2544/267 258/2603/258
f 2207/2485/2207 2531/2489/2531 2494/2482/2494
f 157/2502/157 371/2501/371 158/2504/158
f 2295/2491/2295 2494/2482/2494 2530/2498/2530
f 367/2490/367 366/2486/366 2488/2493/2488
f 9/2460/9 158/2504/158 371/2501/371
f 158/2504/158 9/2460/9 12/2505/12
f 307/2503/307 12/2505/12 8/2511/8
f 158/2504/158 307/2503/307 356/2506/356
f 2217/2495/2217 1285/2496/1285 2291/2492/2291
f 8/2511/8 193/2510/193 307/2503/307
f 193/2510/193 369/2507/369 307/2503/307
f 1285/2496/1285 356/2506/356 370/2508/370
f 158/2504/158 356/2506/356 157/2502/157
f 370/2508/370 356/2506/356 307/2503/307
f 2262/2509/2262 369/2507/369 193/2510/193
f 356/2506/356 2530/2498/2530 361/2499/361
f 155/2458/155 1368/2461/1368 156/2494/156
f 370/2508/370 307/2503/307 369/2507/369
f 372/2500/372 157/2502/157 361/2499/361
f 2125/2636/2125 2255/2616/2255 2347/2615/2347
f 2279/2637/2279 2292/2566/2292 2280/2483/2280
f 2255/2616/2255 2128/2638/2128 2218/2639/2218
f 2267/2619/2267 2248/2640/2248 2244/2641/2244
f 2244/2641/2244 2245/2642/2245 2125/2636/2125
f 2218/2639/2218 2128/2638/2128 1307/2643/1307
f 2292/2566/2292 2279/2637/2279 2248/2640/2248
f 2279/2637/2279 2277/2644/2277 2248/2640/2248
f 2244/2641/2244 2125/2636/2125 2347/2615/2347
f 2248/2640/2248 2245/2642/2245 2244/2641/2244
f 1307/2643/1307 2128/2638/2128 2245/2642/2245
f 2667/2645/2667 2270/2646/2270 2281/2647/2281
f 2277/2644/2277 2281/2647/2281 2248/2640/2248
f 2291/2492/2291 2279/2637/2279 2280/2483/2280
f 2125/2636/2125 2245/2642/2245 2128/2638/2128
f 2281/2647/2281 2245/2642/2245 2248/2640/2248
f 1307/2643/1307 2245/2642/2245 2270/2646/2270
f 2291/2492/2291 2169/2497/2169 2279/2637/2279
f 1119/2648/1119 2270/2646/2270 2260/2649/2260
f 2277/2644/2277 2169/2497/2169 2281/2647/2281
f 677/2650/677 2389/2651/2389 2262/2509/2262
f 2281/2647/2281 2169/2497/2169 2667/2645/2667
f 2128/2638/2128 2255/2616/2255 2125/2636/2125
f 2260/2649/2260 2270/2646/2270 2667/2645/2667
f 2262/2509/2262 2389/2651/2389 1119/2648/1119
f 677/2650/677 1307/2643/1307 2389/2651/2389
f 369/2507/369 2262/2509/2262 1119/2648/1119
f 2244/2641/2244 2347/2615/2347 2332/2621/2332
f 1119/2648/1119 2389/2651/2389 2270/2646/2270
f 2279/2637/2279 2169/2497/2169 2277/2644/2277
f 2270/2646/2270 2389/2651/2389 1307/2643/1307
f 2245/2642/2245 2281/2647/2281 2270/2646/2270
f 2667/2645/2667 2169/2497/2169 1285/2496/1285
f 1119/2648/1119 2260/2649/2260 369/2507/369
f 2267/2619/2267 2292/2566/2292 2248/2640/2248
f 2244/2641/2244 2332/2621/2332 2267/2619/2267
f 2667/2645/2667 1285/2496/1285 369/2507/369
f 2260/2649/2260 2667/2645/2667 369/2507/369
f 369/2507/369 1285/2496/1285 370/2508/370
f 371/2501/371 1368/2461/1368 9/2460/9
f 157/2502/157 356/2506/356 361/2499/361
f 1285/2496/1285 2217/2495/2217 356/2506/356
f 2217/2495/2217 2530/2498/2530 356/2506/356
f 371/2501/371 156/2494/156 1368/2461/1368
f 2588/2652/2588 2507/2653/2507 1142/2535/1142
f 626/2654/626 2697/2514/2697 2465/2655/2465
f 2466/2656/2466 626/2654/626 2601/2657/2601
f 307/2503/307 158/2504/158 12/2505/12
f 2588/2652/2588 2466/2656/2466 2507/2653/2507
f 2697/2514/2697 2665/2516/2665 2465/2655/2465
f 626/2654/626 2465/2655/2465 2601/2657/2601
f 228/2531/228 2588/2652/2588 1142/2535/1142
f 2587/2658/2587 2697/2514/2697 626/2654/626
f 2328/2659/2328 2507/2653/2507 2466/2656/2466
f 1258/2533/1258 1260/2660/1260 1176/2521/1176
f 2328/2659/2328 2465/2655/2465 2334/2518/2334
f 2507/2653/2507 213/2532/213 1142/2535/1142
f 2507/2653/2507 2328/2659/2328 213/2532/213
f 2466/2656/2466 2601/2657/2601 2328/2659/2328
f 2334/2518/2334 2465/2655/2465 2665/2516/2665
f 1260/2660/1260 213/2532/213 2328/2659/2328
f 1261/2530/1261 213/2532/213 1260/2660/1260
f 371/2501/371 157/2502/157 372/2500/372
f 1176/2521/1176 2328/2659/2328 2334/2518/2334
f 1260/2660/1260 1258/2533/1258 1261/2530/1261
f 1260/2660/1260 2328/2659/2328 1176/2521/1176
f 2587/2658/2587 626/2654/626 2466/2656/2466
f 2494/2482/2494 2291/2492/2291 2280/2483/2280
f 2601/2657/2601 2465/2655/2465 2328/2659/2328
f 2654/2617/2654 2255/2616/2255 2218/2639/2218
f 677/2650/677 2533/2661/2533 1307/2643/1307
f 2533/2661/2533 677/2650/677 1347/2662/1347
f 156/2494/156 371/2501/371 372/2500/372
f 2242/2475/2242 2654/2617/2654 2305/2663/2305
f 1307/2643/1307 2533/2661/2533 2218/2639/2218
f 2494/2482/2494 2531/2489/2531 2530/2498/2530
f 2218/2639/2218 2533/2661/2533 2305/2663/2305
f 361/2499/361 2663/2487/2663 372/2500/372
f 2242/2475/2242 2305/2663/2305 393/2476/393
f 325/2664/325 2533/2661/2533 1347/2662/1347
f 393/2476/393 325/2664/325 394/2513/394
f 325/2664/325 1347/2662/1347 2256/2665/2256
f 2533/2661/2533 325/2664/325 2305/2663/2305
f 2654/2617/2654 2218/2639/2218 2305/2663/2305
f 393/2476/393 2305/2663/2305 325/2664/325
f 677/2650/677 2256/2665/2256 1347/2662/1347
f 377/2472/377 393/2476/393 394/2513/394
f 2530/2498/2530 2531/2489/2531 361/2499/361
f 372/2500/372 2663/2487/2663 156/2494/156
f 367/2490/367 155/2458/155 156/2494/156
f 2531/2489/2531 2663/2487/2663 361/2499/361
f 2295/2491/2295 2530/2498/2530 2217/2495/2217
f 2663/2487/2663 2531/2489/2531 368/2488/368
f 1285/2496/1285 2169/2497/2169 2291/2492/2291
f 2295/2491/2295 2217/2495/2217 2291/2492/2291
f 2663/2487/2663 367/2490/367 156/2494/156
f 2488/2493/2488 155/2458/155 367/2490/367
f 2494/2482/2494 2295/2491/2295 2291/2492/2291
f 367/2490/367 2663/2487/2663 366/2486/366
f 2531/2489/2531 2207/2485/2207 368/2488/368
f 366/2486/366 2663/2487/2663 368/2488/368
f 2494/2482/2494 2278/2484/2278 2207/2485/2207
f 2494/2482/2494 2280/2483/2280 2278/2484/2278
f 637/2600/637 638/2564/638 2364/2517/2364
f 2445/2580/2445 2489/2585/2489 2491/2581/2491
f 2422/2599/2422 2666/2515/2666 210/2601/210
f 2311/2573/2311 2491/2581/2491 2375/2572/2375
f 2505/2592/2505 2237/2593/2237 2462/2594/2462
f 2351/2556/2351 2444/2557/2444 2445/2580/2445
f 2445/2580/2445 2224/2583/2224 2351/2556/2351
f 2209/2597/2209 637/2600/637 2462/2594/2462
f 2391/2586/2391 2505/2592/2505 2368/2584/2368
f 2422/2599/2422 210/2601/210 2580/2596/2580
f 2444/2557/2444 2236/2595/2236 2445/2580/2445
f 366/2486/366 2324/2575/2324 2487/2578/2487
f 638/2564/638 637/2600/637 2209/2597/2209
f 2504/2589/2504 2580/2596/2580 210/2601/210
f 2422/2599/2422 637/2600/637 2364/2517/2364
f 2207/2485/2207 2223/2568/2223 368/2488/368
f 2477/2553/2477 2236/2595/2236 2444/2557/2444
f 2641/2571/2641 2375/2572/2375 2491/2581/2491
f 2489/2585/2489 2398/2576/2398 2491/2581/2491
f 637/2600/637 2422/2599/2422 2462/2594/2462
f 2208/2598/2208 2236/2595/2236 2477/2553/2477
f 2462/2594/2462 2422/2599/2422 2580/2596/2580
f 2488/2493/2488 2487/2578/2487 2409/2577/2409
f 2505/2592/2505 2391/2586/2391 2237/2593/2237
f 2504/2589/2504 2637/2588/2637 2580/2596/2580
f 2327/2574/2327 2223/2568/2223 2641/2571/2641
f 2322/2591/2322 2580/2596/2580 2637/2588/2637
f 2451/2590/2451 2445/2580/2445 2236/2595/2236
f 2422/2599/2422 2364/2517/2364 2666/2515/2666
f 638/2564/638 2209/2597/2209 2208/2598/2208
f 2487/2578/2487 2488/2493/2488 366/2486/366
f 2208/2598/2208 2632/2524/2632 638/2564/638
f 2208/2598/2208 2477/2553/2477 2632/2524/2632
f 2208/2598/2208 2209/2597/2209 2236/2595/2236
f 2632/2524/2632 2477/2553/2477 200/2522/200
f 2409/2577/2409 2637/2588/2637 2408/2587/2408
f 2209/2597/2209 2237/2593/2237 2236/2595/2236
f 2209/2597/2209 2462/2594/2462 2237/2593/2237
f 2462/2594/2462 2580/2596/2580 2322/2591/2322
f 2236/2595/2236 2237/2593/2237 2451/2590/2451
f 2462/2594/2462 2322/2591/2322 2505/2592/2505
f 2409/2577/2409 2251/2582/2251 2637/2588/2637
f 2391/2586/2391 2451/2590/2451 2237/2593/2237
f 2505/2592/2505 2322/2591/2322 2368/2584/2368
f 2637/2588/2637 2368/2584/2368 2322/2591/2322
f 2451/2590/2451 2391/2586/2391 2445/2580/2445
f 2504/2589/2504 2408/2587/2408 2637/2588/2637
f 2391/2586/2391 2368/2584/2368 2489/2585/2489
f 2251/2582/2251 2368/2584/2368 2637/2588/2637
f 2409/2577/2409 2408/2587/2408 2488/2493/2488
f 2445/2580/2445 2391/2586/2391 2489/2585/2489
f 2398/2576/2398 2489/2585/2489 2368/2584/2368
f 2368/2584/2368 2251/2582/2251 2398/2576/2398
f 2224/2583/2224 2445/2580/2445 2222/2579/2222
f 2324/2575/2324 2398/2576/2398 2251/2582/2251
f 2324/2575/2324 2251/2582/2251 2409/2577/2409
f 2445/2580/2445 2491/2581/2491 2311/2573/2311
f 2491/2581/2491 2398/2576/2398 2641/2571/2641
f 2445/2580/2445 2311/2573/2311 2222/2579/2222
f 2324/2575/2324 2327/2574/2327 2398/2576/2398
f 2311/2573/2311 2225/2570/2225 2222/2579/2222
f 2409/2577/2409 2487/2578/2487 2324/2575/2324
f 2398/2576/2398 2327/2574/2327 2641/2571/2641
f 2324/2575/2324 366/2486/366 2327/2574/2327
f 2375/2572/2375 2272/2569/2272 2311/2573/2311
f 2641/2571/2641 2300/2567/2300 2375/2572/2375
f 2269/2565/2269 2225/2570/2225 2311/2573/2311
f 366/2486/366 2223/2568/2223 2327/2574/2327
f 2311/2573/2311 2272/2569/2272 2269/2565/2269
f 2300/2567/2300 2272/2569/2272 2375/2572/2375
f 2641/2571/2641 2223/2568/2223 2300/2567/2300
f 2225/2570/2225 2269/2565/2269 2292/2566/2292
f 2223/2568/2223 366/2486/366 368/2488/368
f 2269/2565/2269 2272/2569/2272 2278/2484/2278
f 2300/2567/2300 2278/2484/2278 2272/2569/2272
f 2223/2568/2223 2207/2485/2207 2300/2567/2300
f 2300/2567/2300 2207/2485/2207 2278/2484/2278
f 2280/2483/2280 2292/2566/2292 2269/2565/2269
f 393/2476/393 377/2472/377 349/2474/349
f 2269/2565/2269 2278/2484/2278 2280/2483/2280
f 638/2564/638 2552/2519/2552 2364/2517/2364
f 638/2564/638 2632/2524/2632 2552/2519/2552
f 2632/2524/2632 2551/2520/2551 2552/2519/2552
f 2216/2477/2216 411/2480/411 1102/2468/1102
f 2326/2470/2326 2212/2634/2212 2634/2471/2634
f 2282/2666/2282 2212/2634/2212 2210/2463/2210
f 2210/2463/2210 2366/2462/2366 2282/2666/2282
f 2366/2462/2366 2213/2465/2213 2282/2666/2282
f 349/2474/349 401/2481/401 411/2480/411
f 2242/2475/2242 2493/2479/2493 2203/2478/2203
f 401/2481/401 349/2474/349 431/2473/431
f 411/2480/411 2493/2479/2493 349/2474/349
f 2216/2477/2216 2493/2479/2493 411/2480/411
f 2216/2477/2216 1102/2468/1102 2141/2467/2141
f 2493/2479/2493 2242/2475/2242 349/2474/349
f 2493/2479/2493 2216/2477/2216 2203/2478/2203
f 2216/2477/2216 2141/2467/2141 2203/2478/2203
f 349/2474/349 2242/2475/2242 393/2476/393
f 197/2523/197 196/2563/196 198/2527/198
f 255/2559/255 1146/2560/1146 196/2563/196
f 199/2552/199 196/2563/196 197/2523/197
f 255/2559/255 2393/2543/2393 256/2542/256
f 196/2563/196 1146/2560/1146 198/2527/198
f 377/2472/377 431/2473/431 349/2474/349
f 199/2552/199 197/2523/197 200/2522/200
f 1156/2562/1156 233/2528/233 256/2542/256
f 200/2522/200 2476/2554/2476 199/2552/199
f 198/2527/198 1146/2560/1146 1147/2525/1147
f 199/2552/199 2393/2543/2393 196/2563/196
f 2393/2543/2393 255/2559/255 196/2563/196
f 254/2561/254 1156/2562/1156 256/2542/256
f 1147/2525/1147 1146/2560/1146 255/2559/255
f 233/2528/233 1147/2525/1147 255/2559/255
f 255/2559/255 256/2542/256 233/2528/233
f 195/2555/195 2476/2554/2476 194/2558/194
f 194/2558/194 1321/2549/1321 195/2555/195
f 2444/2557/2444 194/2558/194 2476/2554/2476
f 1321/2549/1321 2394/2547/2394 195/2555/195
f 633/2546/633 1321/2549/1321 194/2558/194
f 194/2558/194 2229/2551/2229 633/2546/633
f 2394/2547/2394 199/2552/199 195/2555/195
f 2444/2557/2444 2351/2556/2351 2229/2551/2229
f 2444/2557/2444 2229/2551/2229 194/2558/194
f 2477/2553/2477 2444/2557/2444 2476/2554/2476
f 2238/2541/2238 2229/2551/2229 2351/2556/2351
f 1321/2549/1321 633/2546/633 1322/2548/1322
f 195/2555/195 199/2552/199 2476/2554/2476
f 267/2544/267 2394/2547/2394 2653/2550/2653
f 2653/2550/2653 2394/2547/2394 1321/2549/1321
f 2238/2541/2238 2284/2540/2284 633/2546/633
f 2477/2553/2477 2476/2554/2476 200/2522/200
f 2394/2547/2394 2393/2543/2393 199/2552/199
f 633/2546/633 2229/2551/2229 2238/2541/2238
f 1321/2549/1321 1322/2548/1322 2653/2550/2653
f 2372/2545/2372 1322/2548/1322 633/2546/633
f 267/2544/267 2393/2543/2393 2394/2547/2394
f 2372/2545/2372 633/2546/633 2284/2540/2284
f 256/2542/256 2393/2543/2393 267/2544/267
f 2684/2539/2684 2284/2540/2284 2238/2541/2238
f 2366/2462/2366 2385/2466/2385 2213/2465/2213
f 2385/2466/2385 2366/2462/2366 2353/2464/2353
f 2635/2469/2635 2326/2470/2326 2634/2471/2634
f 1102/2468/1102 2213/2465/2213 2141/2467/2141
f 2213/2465/2213 2385/2466/2385 2141/2467/2141
f 2366/2462/2366 2210/2463/2210 2353/2464/2353
f 1147/2525/1147 2681/2537/2681 232/2536/232
f 241/2538/241 2681/2537/2681 234/2534/234
f 2612/2526/2612 1147/2525/1147 232/2536/232
f 1258/2533/1258 1176/2521/1176 2551/2520/2551
f 2681/2537/2681 1147/2525/1147 234/2534/234
f 1261/2530/1261 1258/2533/1258 197/2523/197
f 228/2531/228 2612/2526/2612 232/2536/232
f 213/2532/213 228/2531/228 1142/2535/1142
f 213/2532/213 198/2527/198 2612/2526/2612
f 235/2529/235 234/2534/234 1147/2525/1147
f 2632/2524/2632 197/2523/197 2551/2520/2551
f 2551/2520/2551 197/2523/197 1258/2533/1258
f 198/2527/198 213/2532/213 1261/2530/1261
f 228/2531/228 213/2532/213 2612/2526/2612
f 198/2527/198 1261/2530/1261 197/2523/197
f 233/2528/233 235/2529/235 1147/2525/1147
f 1147/2525/1147 2612/2526/2612 198/2527/198
f 200/2522/200 197/2523/197 2632/2524/2632
f 1176/2521/1176 2334/2518/2334 2551/2520/2551
f 2334/2518/2334 2552/2519/2552 2551/2520/2551
f 2364/2517/2364 2552/2519/2552 2334/2518/2334
f 2665/2516/2665 2364/2517/2364 2334/2518/2334
f 2666/2515/2666 2364/2517/2364 2665/2516/2665
f 2697/2514/2697 2666/2515/2666 2665/2516/2665
f 274/2667/274 2408/2587/2408 2504/2589/2504
f 2697/2514/2697 2587/2658/2587 203/2668/203
f 277/2457/277 2185/2669/2185 281/2670/281
f 206/2671/206 1134/2672/1134 205/2673/205
f 207/2674/207 209/2675/209 210/2601/210
f 2405/2676/2405 281/2670/281 2185/2669/2185
f 2666/2515/2666 2697/2514/2697 205/2673/205
f 2405/2676/2405 2185/2669/2185 273/2677/273
f 205/2673/205 203/2668/203 206/2671/206
f 276/2456/276 155/2458/155 275/2678/275
f 209/2675/209 207/2674/207 1134/2672/1134
f 275/2678/275 2185/2669/2185 276/2456/276
f 274/2667/274 2504/2589/2504 209/2675/209
f 274/2667/274 273/2677/273 275/2678/275
f 2504/2589/2504 210/2601/210 209/2675/209
f 275/2678/275 2408/2587/2408 274/2667/274
f 2697/2514/2697 203/2668/203 205/2673/205
f 273/2677/273 274/2667/274 1134/2672/1134
f 2488/2493/2488 275/2678/275 155/2458/155
f 2488/2493/2488 2408/2587/2408 275/2678/275
f 1134/2672/1134 2405/2676/2405 273/2677/273
f 377/2472/377 2139/2512/2139 431/2473/431
f 276/2456/276 2185/2669/2185 277/2457/277
f 273/2677/273 2185/2669/2185 275/2678/275
f 1134/2672/1134 207/2674/207 205/2673/205
f 206/2671/206 2405/2676/2405 1134/2672/1134
f 2666/2515/2666 205/2673/205 207/2674/207
f 2666/2515/2666 207/2674/207 210/2601/210
f 1134/2672/1134 274/2667/274 209/2675/209
f 2139/2512/2139 377/2472/377 394/2513/394
f 159/2459/159 160/2455/160 1368/2461/1368
f 159/2459/159 1368/2461/1368 155/2458/155
f 9/2460/9 1368/2461/1368 160/2455/160
f 159/2459/159 276/2456/276 160/2455/160
f 155/2458/155 276/2456/276 159/2459/159
f 160/2455/160 276/2456/276 277/2457/277
f 1486/3208/1486 2088/3207/2088 2083/2805/2083
f 1481/3001/1481 1444/3015/1444 298/3203/298
f 298/3203/298 2083/2805/2083 2161/2807/2161
f 424/2852/424 425/2846/425 400/2871/400
f 400/2871/400 425/2846/425 416/2991/416
f 400/2871/400 416/2991/416 399/2994/399
f 400/2871/400 399/2994/399 1701/2867/1701
f 455/2707/455 486/2746/486 487/2769/487
f 487/2769/487 591/3090/591 455/2707/455
f 591/3090/591 590/3089/590 455/2707/455
f 590/3089/590 435/3093/435 455/2707/455
f 435/3093/435 24/2702/24 455/2707/455
f 1481/3001/1481 298/3203/298 980/3000/980
f 1444/3015/1444 1486/3208/1486 298/3203/298
f 1943/2963/1943 477/2900/477 478/2956/478
f 75/2835/75 60/2959/60 62/2836/62
f 60/2959/60 63/2944/63 64/2946/64
f 1182/2954/1182 1184/2917/1184 350/2896/350
f 18/2842/18 22/2841/22 16/2975/16
f 24/2702/24 19/2974/19 405/2701/405
f 1861/2971/1861 475/2901/475 1728/2968/1728
f 17/2978/17 408/2979/408 18/2842/18
f 1613/2972/1613 1618/2969/1618 1617/2973/1617
f 358/2986/358 375/2947/375 357/2948/357
f 1194/2952/1194 437/2951/437 438/2987/438
f 587/2882/587 449/2850/449 1188/2985/1188
f 419/2958/419 422/2980/422 1179/2964/1179
f 453/2965/453 451/2984/451 1697/2983/1697
f 1812/2857/1812 1808/2878/1808 450/2858/450
f 422/2980/422 423/2989/423 1179/2964/1179
f 621/2859/621 595/2865/595 1812/2857/1812
f 587/2882/587 75/2835/75 588/2834/588
f 448/2879/448 27/2873/27 26/2848/26
f 23/2866/23 22/2841/22 26/2848/26
f 30/2877/30 28/2868/28 29/2872/29
f 449/2850/449 587/2882/587 588/2834/588
f 398/2854/398 400/2871/400 23/2866/23
f 1183/2855/1183 398/2854/398 396/2881/396
f 602/2837/602 595/2865/595 570/2860/570
f 451/2984/451 587/2882/587 1188/2985/1188
f 426/2921/426 1694/2884/1694 1698/2883/1698
f 1699/2922/1699 567/2990/567 418/2923/418
f 424/2852/424 1183/2855/1183 1356/2847/1356
f 24/2702/24 436/2993/436 19/2974/19
f 602/2837/602 1352/2851/1352 595/2865/595
f 392/2874/392 397/2845/397 380/2870/380
f 602/2837/602 588/2834/588 589/2844/589
f 419/2958/419 474/2981/474 1675/2938/1675
f 445/2942/445 440/2932/440 72/2935/72
f 28/2868/28 396/2881/396 398/2854/398
f 448/2879/448 26/2848/26 450/2858/450
f 380/2870/380 397/2845/397 1136/2864/1136
f 21/2892/21 405/2701/405 17/2978/17
f 433/2853/433 408/2979/408 436/2993/436
f 23/2866/23 400/2871/400 1701/2867/1701
f 449/2850/449 433/2853/433 1188/2985/1188
f 1345/2876/1345 1660/2875/1660 468/2880/468
f 1808/2878/1808 448/2879/448 450/2858/450
f 29/2872/29 27/2873/27 30/2877/30
f 1618/2969/1618 1728/2968/1728 1617/2973/1617
f 16/2975/16 404/2887/404 21/2892/21
f 29/2872/29 23/2866/23 26/2848/26
f 2458/2903/2458 2542/2905/2542 1665/2910/1665
f 1666/2908/1666 2458/2903/2458 1848/2909/1848
f 598/2950/598 1369/2929/1369 452/2966/452
f 602/2837/602 558/2843/558 600/2838/600
f 66/2833/66 558/2843/558 588/2834/588
f 570/2860/570 601/2856/601 602/2837/602
f 1345/2876/1345 386/2869/386 1660/2875/1660
f 1675/2938/1675 1695/2885/1695 1694/2884/1694
f 2542/2905/2542 2458/2903/2458 1905/2906/1905
f 2458/2903/2458 1666/2908/1666 201/2904/201
f 428/2862/428 450/2858/450 427/2840/427
f 1660/2875/1660 386/2869/386 1136/2864/1136
f 392/2874/392 425/2846/425 397/2845/397
f 27/2873/27 29/2872/29 26/2848/26
f 23/2866/23 29/2872/29 28/2868/28
f 428/2862/428 427/2840/427 18/2842/18
f 1341/2988/1341 1342/2898/1342 1887/2897/1887
f 424/2852/424 400/2871/400 398/2854/398
f 1136/2864/1136 386/2869/386 380/2870/380
f 2388/2902/2388 1905/2906/1905 2458/2903/2458
f 621/2859/621 450/2858/450 428/2862/428
f 601/2856/601 605/2849/605 588/2834/588
f 398/2854/398 23/2866/23 28/2868/28
f 26/2848/26 427/2840/427 450/2858/450
f 605/2849/605 570/2860/570 429/2861/429
f 2542/2905/2542 1905/2906/1905 1673/2907/1673
f 23/2866/23 1701/2867/1701 22/2841/22
f 18/2842/18 429/2861/429 428/2862/428
f 621/2859/621 428/2862/428 570/2860/570
f 595/2865/595 621/2859/621 570/2860/570
f 66/2833/66 67/2863/67 558/2843/558
f 1356/2847/1356 1136/2864/1136 397/2845/397
f 67/2863/67 600/2838/600 558/2843/558
f 2388/2902/2388 2458/2903/2458 201/2904/201
f 1697/2983/1697 1188/2985/1188 437/2951/437
f 428/2862/428 429/2861/429 570/2860/570
f 1887/2897/1887 1943/2963/1943 423/2989/423
f 567/2990/567 416/2991/416 1341/2988/1341
f 429/2861/429 433/2853/433 605/2849/605
f 570/2860/570 605/2849/605 601/2856/601
f 419/2958/419 1675/2938/1675 426/2921/426
f 1812/2857/1812 450/2858/450 621/2859/621
f 602/2837/602 601/2856/601 588/2834/588
f 1191/2976/1191 1190/2992/1190 432/2961/432
f 1665/2910/1665 1848/2909/1848 2458/2903/2458
f 602/2837/602 589/2844/589 558/2843/558
f 1184/2917/1184 374/2919/374 350/2896/350
f 424/2852/424 398/2854/398 1183/2855/1183
f 433/2853/433 449/2850/449 605/2849/605
f 433/2853/433 438/2987/438 1188/2985/1188
f 21/2892/21 17/2978/17 16/2975/16
f 425/2846/425 424/2852/424 1356/2847/1356
f 602/2837/602 597/2839/597 1352/2851/1352
f 1657/2939/1657 1181/2953/1181 387/2940/387
f 588/2834/588 605/2849/605 449/2850/449
f 427/2840/427 26/2848/26 22/2841/22
f 397/2845/397 425/2846/425 1356/2847/1356
f 588/2834/588 558/2843/558 589/2844/589
f 418/2923/418 422/2980/422 426/2921/426
f 423/2989/423 418/2923/418 567/2990/567
f 427/2840/427 22/2841/22 18/2842/18
f 1626/3197/1626 1631/3196/1631 1637/3195/1637
f 602/2837/602 600/2838/600 597/2839/597
f 1652/3199/1652 800/3202/800 801/3200/801
f 1642/3194/1642 1955/3201/1955 801/3200/801
f 801/3200/801 800/3202/800 1642/3194/1642
f 1645/3179/1645 1642/3194/1642 1644/3181/1644
f 1644/3181/1644 800/3202/800 1673/2907/1673
f 800/3202/800 1644/3181/1644 1642/3194/1642
f 62/2836/62 66/2833/66 75/2835/75
f 1642/3194/1642 1631/3196/1631 1626/3197/1626
f 1673/2907/1673 800/3202/800 1652/3199/1652
f 1642/3194/1642 1626/3197/1626 1955/3201/1955
f 1673/2907/1673 1652/3199/1652 1679/2937/1679
f 1865/3198/1865 1652/3199/1652 801/3200/801
f 1643/3193/1643 1631/3196/1631 1642/3194/1642
f 1626/3197/1626 1637/3195/1637 1630/3175/1630
f 1642/3194/1642 1645/3179/1645 1634/3182/1634
f 1631/3196/1631 1643/3193/1643 1637/3195/1637
f 1637/3195/1637 1577/3191/1577 1630/3175/1630
f 1642/3194/1642 1634/3182/1634 1643/3193/1643
f 1634/3182/1634 1632/3192/1632 1643/3193/1643
f 1548/3173/1548 1630/3175/1630 1577/3191/1577
f 1905/2906/1905 1644/3181/1644 1673/2907/1673
f 453/2965/453 556/2955/556 451/2984/451
f 421/2890/421 1675/2938/1675 474/2981/474
f 354/2899/354 477/2900/477 475/2901/475
f 350/2896/350 1887/2897/1887 1342/2898/1342
f 1726/2893/1726 472/2894/472 355/2895/355
f 405/2701/405 21/2892/21 20/2888/20
f 403/2891/403 21/2892/21 404/2887/404
f 403/2891/403 20/2888/20 21/2892/21
f 406/2713/406 405/2701/405 20/2888/20
f 1770/2889/1770 1769/2714/1769 20/2888/20
f 1770/2889/1770 403/2891/403 1695/2885/1695
f 403/2891/403 1770/2889/1770 20/2888/20
f 66/2833/66 588/2834/588 75/2835/75
f 1695/2885/1695 403/2891/403 404/2887/404
f 1769/2714/1769 1770/2889/1770 421/2890/421
f 20/2888/20 1769/2714/1769 406/2713/406
f 672/2886/672 1695/2885/1695 404/2887/404
f 1698/2883/1698 1695/2885/1695 672/2886/672
f 1698/2883/1698 1694/2884/1694 1695/2885/1695
f 1848/2909/1848 1688/2913/1688 1748/2925/1748
f 475/2901/475 1861/2971/1861 479/2945/479
f 477/2900/477 1943/2963/1943 1659/2970/1659
f 354/2899/354 476/2957/476 477/2900/477
f 1769/2714/1769 421/2890/421 432/2961/432
f 436/2993/436 438/2987/438 433/2853/433
f 438/2987/438 437/2951/437 1188/2985/1188
f 672/2886/672 399/2994/399 1699/2922/1699
f 1656/2967/1656 1728/2968/1728 1618/2969/1618
f 374/2919/374 1658/2977/1658 1887/2897/1887
f 1181/2953/1181 1184/2917/1184 1182/2954/1182
f 811/2764/811 99/2920/99 580/2915/580
f 453/2965/453 452/2966/452 594/2960/594
f 1943/2963/1943 478/2956/478 1179/2964/1179
f 1613/2972/1613 1625/3171/1625 1618/2969/1618
f 1755/2742/1755 1754/2745/1754 1750/3042/1750
f 1750/3042/1750 1763/3217/1763 1756/3043/1756
f 2107/3013/2107 1756/3043/1756 1763/3217/1763
f 2049/2777/2049 2107/3013/2107 1763/3217/1763
f 186/3218/186 351/3011/351 2107/3013/2107
f 186/3218/186 2107/3013/2107 1071/2730/1071
f 351/3011/351 186/3218/186 485/3064/485
f 1754/2745/1754 1763/3217/1763 1750/3042/1750
f 2153/2743/2153 1763/3217/1763 1450/2719/1450
f 1763/3217/1763 2153/2743/2153 2049/2777/2049
f 485/3064/485 186/3218/186 484/3219/484
f 2049/2777/2049 1071/2730/1071 2107/3013/2107
f 1071/2730/1071 162/2732/162 186/3218/186
f 31/2740/31 186/3218/186 162/2732/162
f 1754/2745/1754 1450/2719/1450 1763/3217/1763
f 484/3219/484 186/3218/186 31/2740/31
f 484/3219/484 161/2761/161 485/3064/485
f 31/2740/31 161/2761/161 484/3219/484
f 1692/2982/1692 1613/2972/1613 1617/2973/1617
f 1692/2982/1692 1658/2977/1658 1613/2972/1613
f 1615/3159/1615 1625/3171/1625 1613/2972/1613
f 1658/2977/1658 375/2947/375 1613/2972/1613
f 426/2921/426 1698/2883/1698 1699/2922/1699
f 451/2984/451 556/2955/556 587/2882/587
f 1620/2927/1620 357/2948/357 1657/2939/1657
f 1972/3209/1972 1615/3159/1615 1613/2972/1613
f 567/2990/567 1699/2922/1699 416/2991/416
f 399/2994/399 672/2886/672 16/2975/16
f 453/2965/453 594/2960/594 556/2955/556
f 433/2853/433 429/2861/429 408/2979/408
f 1675/2938/1675 421/2890/421 1695/2885/1695
f 1181/2953/1181 350/2896/350 1342/2898/1342
f 1574/3185/1574 1535/3190/1535 1533/3187/1533
f 2173/3184/2173 2171/3183/2171 2166/3176/2166
f 2166/3176/2166 2100/3096/2100 2173/3184/2173
f 1556/3189/1556 1742/3186/1742 2171/3183/2171
f 1733/3021/1733 1731/3056/1731 1725/2998/1725
f 1601/2683/1601 1727/2686/1727 1725/2998/1725
f 1601/2683/1601 1725/2998/1725 1731/3056/1731
f 352/3018/352 1197/2768/1197 1680/3037/1680
f 1601/2683/1601 1680/3037/1680 1197/2768/1197
f 1731/3056/1731 1680/3037/1680 1601/2683/1601
f 360/3210/360 1972/3209/1972 358/2986/358
f 592/2928/592 445/2942/445 594/2960/594
f 1556/3189/1556 2171/3183/2171 1574/3185/1574
f 1556/3189/1556 1574/3185/1574 1629/3188/1629
f 1650/2916/1650 1655/3211/1655 359/3212/359
f 1646/3177/1646 2166/3176/2166 1742/3186/1742
f 1533/3187/1533 1629/3188/1629 1574/3185/1574
f 359/3212/359 1655/3211/1655 362/3213/362
f 2100/3096/2100 2166/3176/2166 2220/3097/2220
f 2171/3183/2171 1742/3186/1742 2166/3176/2166
f 2171/3183/2171 2173/3184/2173 1574/3185/1574
f 2669/3180/2669 1644/3181/1644 1905/2906/1905
f 18/2842/18 408/2979/408 429/2861/429
f 1613/2972/1613 375/2947/375 358/2986/358
f 19/2974/19 17/2978/17 405/2701/405
f 1905/2906/1905 2388/2902/2388 2669/3180/2669
f 1634/3182/1634 1645/3179/1645 1709/3178/1709
f 1652/3199/1652 1653/3220/1653 1679/2937/1679
f 1653/3220/1653 1652/3199/1652 1865/3198/1865
f 1653/3220/1653 1665/2910/1665 2542/2905/2542
f 1651/2912/1651 1665/2910/1665 1653/3220/1653
f 2542/2905/2542 1679/2937/1679 1653/3220/1653
f 1653/3220/1653 1865/3198/1865 1651/2912/1651
f 1699/2922/1699 399/2994/399 416/2991/416
f 17/2978/17 19/2974/19 408/2979/408
f 418/2923/418 423/2989/423 422/2980/422
f 362/3213/362 1972/3209/1972 360/3210/360
f 1972/3209/1972 1613/2972/1613 358/2986/358
f 360/3210/360 359/3212/359 362/3213/362
f 1727/2686/1727 432/2961/432 1751/2962/1751
f 1651/2912/1651 1710/2911/1710 1665/2910/1665
f 1659/2970/1659 1943/2963/1943 1887/2897/1887
f 1659/2970/1659 1658/2977/1658 1692/2982/1692
f 479/2945/479 1726/2893/1726 355/2895/355
f 594/2960/594 1369/2929/1369 592/2928/592
f 475/2901/475 355/2895/355 354/2899/354
f 444/2949/444 594/2960/594 445/2942/445
f 436/2993/436 408/2979/408 19/2974/19
f 1645/3179/1645 1644/3181/1644 2669/3180/2669
f 16/2975/16 22/2841/22 1701/2867/1701
f 1497/3221/1497 2100/3096/2100 1479/3222/1479
f 444/2949/444 60/2959/60 556/2955/556
f 1479/3222/1479 2100/3096/2100 1635/3098/1635
f 1479/3222/1479 1516/3223/1516 1528/3224/1528
f 1479/3222/1479 1635/3098/1635 1516/3223/1516
f 1586/3225/1586 1497/3221/1497 1534/3226/1534
f 475/2901/475 477/2900/477 1728/2968/1728
f 1709/3178/1709 1645/3179/1645 2669/3180/2669
f 808/2691/808 813/2934/813 810/2763/810
f 1751/2962/1751 432/2961/432 1190/2992/1190
f 1341/2988/1341 1887/2897/1887 567/2990/567
f 1701/2867/1701 399/2994/399 16/2975/16
f 1658/2977/1658 374/2919/374 375/2947/375
f 60/2959/60 64/2946/64 62/2836/62
f 440/2932/440 439/2758/439 441/2914/441
f 60/2959/60 444/2949/444 63/2944/63
f 1663/2924/1663 1620/2927/1620 387/2940/387
f 476/2957/476 472/2894/472 474/2981/474
f 1184/2917/1184 1657/2939/1657 1832/2918/1832
f 59/2926/59 444/2949/444 72/2935/72
f 478/2956/478 476/2957/476 419/2958/419
f 441/2914/441 580/2915/580 73/2931/73
f 453/2965/453 1697/2983/1697 452/2966/452
f 437/2951/437 598/2950/598 452/2966/452
f 75/2835/75 587/2882/587 556/2955/556
f 1832/2918/1832 1657/2939/1657 357/2948/357
f 350/2896/350 1181/2953/1181 1182/2954/1182
f 474/2981/474 419/2958/419 476/2957/476
f 350/2896/350 374/2919/374 1887/2897/1887
f 72/2935/72 444/2949/444 445/2942/445
f 1657/2939/1657 1184/2917/1184 1181/2953/1181
f 598/2950/598 437/2951/437 1194/2952/1194
f 72/2935/72 440/2932/440 73/2931/73
f 672/2886/672 1699/2922/1699 1698/2883/1698
f 2100/3096/2100 1497/3221/1497 1586/3225/1586
f 1688/2913/1688 1848/2909/1848 1710/2911/1710
f 63/2944/63 444/2949/444 59/2926/59
f 375/2947/375 1832/2918/1832 357/2948/357
f 64/2946/64 63/2944/63 76/2943/76
f 592/2928/592 80/2930/80 612/2941/612
f 444/2949/444 556/2955/556 594/2960/594
f 445/2942/445 592/2928/592 612/2941/612
f 475/2901/475 479/2945/479 355/2895/355
f 477/2900/477 1617/2973/1617 1728/2968/1728
f 964/2829/964 1458/2828/1458 2082/2818/2082
f 2082/2818/2082 1521/2794/1521 2086/2827/2086
f 964/2829/964 2082/2818/2082 1473/2832/1473
f 347/2792/347 2082/2818/2082 1458/2828/1458
f 2082/2818/2082 2086/2827/2086 1473/2832/1473
f 472/2894/472 421/2890/421 474/2981/474
f 870/2826/870 2048/2824/2048 1473/2832/1473
f 1658/2977/1658 1659/2970/1659 1887/2897/1887
f 1161/2821/1161 2127/2813/2127 1466/2814/1466
f 1471/2825/1471 2084/2811/2084 2048/2824/2048
f 827/2817/827 2081/2816/2081 976/2820/976
f 870/2826/870 1473/2832/1473 2086/2827/2086
f 594/2960/594 452/2966/452 1369/2929/1369
f 363/2790/363 2087/2803/2087 365/2795/365
f 976/2820/976 2081/2816/2081 1458/2828/1458
f 817/2936/817 813/2934/813 808/2691/808
f 1471/2825/1471 870/2826/870 1470/2798/1470
f 76/2943/76 63/2944/63 59/2926/59
f 1471/2825/1471 2048/2824/2048 870/2826/870
f 2048/2824/2048 2180/2831/2180 1473/2832/1473
f 2086/2827/2086 1521/2794/1521 1470/2798/1470
f 363/2790/363 2161/2807/2161 2087/2803/2087
f 1659/2970/1659 1692/2982/1692 1617/2973/1617
f 478/2956/478 477/2900/477 476/2957/476
f 966/2830/966 976/2820/976 1458/2828/1458
f 99/2920/99 76/2943/76 59/2926/59
f 2180/2831/2180 2048/2824/2048 1161/2821/1161
f 612/2941/612 440/2932/440 445/2942/445
f 1604/2823/1604 1471/2825/1471 1470/2798/1470
f 363/2790/363 968/2797/968 969/2791/969
f 1458/2828/1458 964/2829/964 966/2830/966
f 1620/2927/1620 1657/2939/1657 387/2940/387
f 1688/2913/1688 1620/2927/1620 1663/2924/1663
f 423/2989/423 1943/2963/1943 1179/2964/1179
f 870/2826/870 2086/2827/2086 1470/2798/1470
f 1537/2812/1537 2084/2811/2084 1471/2825/1471
f 1469/2822/1469 1470/2798/1470 1166/2793/1166
f 567/2990/567 1887/2897/1887 423/2989/423
f 16/2975/16 17/2978/17 18/2842/18
f 1610/2995/1610 1597/2996/1597 1730/2997/1730
f 1725/2998/1725 1727/2686/1727 1751/2962/1751
f 2048/2824/2048 2084/2811/2084 2126/2810/2126
f 1161/2821/1161 2048/2824/2048 2126/2810/2126
f 1470/2798/1470 1469/2822/1469 1604/2823/1604
f 1751/2962/1751 1190/2992/1190 1725/2998/1725
f 2087/2803/2087 827/2817/827 2098/2796/2098
f 1441/2802/1441 1466/2814/1466 1465/2801/1465
f 2126/2810/2126 2127/2813/2127 1161/2821/1161
f 983/2999/983 978/2754/978 1164/2753/1164
f 2098/2796/2098 925/2808/925 968/2797/968
f 1164/2753/1164 1452/2681/1452 980/3000/980
f 827/2817/827 976/2820/976 920/2809/920
f 827/2817/827 826/2806/826 2081/2816/2081
f 2087/2803/2087 2161/2807/2161 826/2806/826
f 1481/3001/1481 980/3000/980 1452/2681/1452
f 1481/3001/1481 1452/2681/1452 1443/3002/1443
f 1451/2729/1451 1454/3003/1454 1443/3002/1443
f 1487/3004/1487 1543/3005/1543 1587/3006/1587
f 1587/3006/1587 1480/3007/1480 1487/3004/1487
f 1446/3008/1446 1454/3003/1454 1451/2729/1451
f 1687/3009/1687 1767/3010/1767 351/3011/351
f 1764/3012/1764 2107/3013/2107 351/3011/351
f 980/3000/980 983/2999/983 1164/2753/1164
f 1448/3014/1448 1444/3015/1444 1445/3016/1445
f 1446/3008/1446 1451/2729/1451 482/2728/482
f 1765/3017/1765 351/3011/351 1767/3010/1767
f 1045/2789/1045 983/2999/983 1165/2819/1165
f 352/3018/352 1767/3010/1767 1687/3009/1687
f 351/3011/351 1765/3017/1765 1764/3012/1764
f 1543/3005/1543 1524/3019/1524 1476/3020/1476
f 1191/2976/1191 1726/2893/1726 1733/3021/1733
f 1543/3005/1543 1545/3022/1545 1491/3023/1491
f 2085/3024/2085 1758/3025/1758 1766/3026/1766
f 482/2728/482 1755/2742/1755 338/3027/338
f 1476/3020/1476 1585/3028/1585 1532/3029/1532
f 1596/3030/1596 1510/3031/1510 1572/3032/1572
f 1447/3033/1447 1474/3034/1474 1445/3016/1445
f 1537/2812/1537 1472/2815/1472 2126/2810/2126
f 2067/2804/2067 2127/2813/2127 2126/2810/2126
f 363/2790/363 1165/2819/1165 2161/2807/2161
f 1739/3035/1739 1447/3033/1447 482/2728/482
f 1045/2789/1045 1165/2819/1165 363/2790/363
f 1521/2794/1521 2082/2818/2082 347/2792/347
f 2098/2796/2098 827/2817/827 920/2809/920
f 826/2806/826 827/2817/827 2087/2803/2087
f 2081/2816/2081 826/2806/826 2083/2805/2083
f 2126/2810/2126 1472/2815/1472 2067/2804/2067
f 1465/2801/1465 1466/2814/1466 2127/2813/2127
f 2067/2804/2067 1465/2801/1465 2127/2813/2127
f 2126/2810/2126 2084/2811/2084 1537/2812/1537
f 1745/3036/1745 352/3018/352 1680/3037/1680
f 925/2808/925 2098/2796/2098 920/2809/920
f 2083/2805/2083 826/2806/826 2161/2807/2161
f 1539/3038/1539 1545/3022/1545 1487/3004/1487
f 1502/2799/1502 1465/2801/1465 2067/2804/2067
f 1448/3014/1448 1474/3034/1474 1487/3004/1487
f 343/3039/343 1598/3040/1598 1592/3041/1592
f 2085/3024/2085 1766/3026/1766 1765/3017/1765
f 1447/3033/1447 1446/3008/1446 482/2728/482
f 1750/3042/1750 1756/3043/1756 1766/3026/1766
f 1610/2995/1610 1730/2997/1730 1861/2971/1861
f 1547/3044/1547 1532/3029/1532 1585/3028/1585
f 2098/2796/2098 365/2795/365 2087/2803/2087
f 1550/3045/1550 1596/3030/1596 1572/3032/1572
f 1568/3141/1568 1424/3142/1424 2092/3227/2092
f 1555/3151/1555 1529/3130/1529 1570/3228/1570
f 2092/3227/2092 1529/3130/1529 1555/3151/1555
f 1728/2968/1728 1582/3229/1582 1580/3230/1580
f 1570/3228/1570 1573/3149/1573 1555/3151/1555
f 1561/3154/1561 1612/3231/1612 1571/3232/1571
f 1596/3030/1596 1570/3228/1570 1510/3031/1510
f 1606/3158/1606 1571/3232/1571 1656/2967/1656
f 1612/3231/1612 1573/3149/1573 1607/3233/1607
f 1582/3229/1582 1728/2968/1728 1656/2967/1656
f 1612/3231/1612 1582/3229/1582 1571/3232/1571
f 1529/3130/1529 2092/3227/2092 1424/3142/1424
f 1580/3230/1580 1582/3229/1582 1607/3233/1607
f 1561/3154/1561 1571/3232/1571 1606/3158/1606
f 1570/3228/1570 1596/3030/1596 1607/3233/1607
f 1582/3229/1582 1656/2967/1656 1571/3232/1571
f 1561/3154/1561 1573/3149/1573 1612/3231/1612
f 1596/3030/1596 1559/3051/1559 1607/3233/1607
f 1607/3233/1607 1573/3149/1573 1570/3228/1570
f 1580/3230/1580 1607/3233/1607 1559/3051/1559
f 1555/3151/1555 1568/3141/1568 2092/3227/2092
f 1570/3228/1570 1529/3130/1529 1510/3031/1510
f 1582/3229/1582 1612/3231/1612 1607/3233/1607
f 1559/3051/1559 1610/2995/1610 1580/3230/1580
f 1728/2968/1728 1580/3230/1580 1610/2995/1610
f 2081/2816/2081 2083/2805/2083 2150/3234/2150
f 1458/2828/1458 2150/3234/2150 2090/3235/2090
f 2090/3235/2090 2088/3207/2088 1460/3236/1460
f 2090/3235/2090 1460/3236/1460 1458/2828/1458
f 2150/3234/2150 2083/2805/2083 2088/3207/2088
f 1461/3205/1461 1460/3236/1460 2088/3207/2088
f 347/2792/347 1458/2828/1458 1460/3236/1460
f 2150/3234/2150 2088/3207/2088 2090/3235/2090
f 347/2792/347 1460/3236/1460 1461/3205/1461
f 2081/2816/2081 2150/3234/2150 1458/2828/1458
f 347/2792/347 1461/3205/1461 1166/2793/1166
f 1471/2825/1471 1489/3237/1489 1537/2812/1537
f 1489/3237/1489 1471/2825/1471 1604/2823/1604
f 1604/2823/1604 1508/3238/1508 1489/3237/1489
f 1537/2812/1537 1489/3237/1489 1508/3238/1508
f 1508/3238/1508 1472/2815/1472 1537/2812/1537
f 1604/2823/1604 1469/2822/1469 1508/3238/1508
f 1523/3239/1523 1508/3238/1508 1469/2822/1469
f 1499/3120/1499 1467/3240/1467 1503/3124/1503
f 1540/3241/1540 1523/3239/1523 1503/3124/1503
f 1467/3240/1467 1540/3241/1540 1503/3124/1503
f 1371/3126/1371 1467/3240/1467 1498/3143/1498
f 1508/3238/1508 1523/3239/1523 1540/3241/1540
f 1499/3120/1499 1498/3143/1498 1467/3240/1467
f 1540/3241/1540 1472/2815/1472 1508/3238/1508
f 1511/3112/1511 1469/2822/1469 1167/3204/1167
f 1587/3006/1587 1511/3112/1511 1167/3204/1167
f 1503/3124/1503 1523/3239/1523 1603/3113/1603
f 1511/3112/1511 1523/3239/1523 1469/2822/1469
f 1167/3204/1167 1480/3007/1480 1587/3006/1587
f 1523/3239/1523 1511/3112/1511 1603/3113/1603
f 1440/3242/1440 1441/2802/1441 1462/3243/1462
f 1462/3243/1462 1423/3137/1423 1440/3242/1440
f 2067/2804/2067 1472/2815/1472 1475/3244/1475
f 1370/2800/1370 1441/2802/1441 1465/2801/1465
f 1475/3244/1475 1502/2799/1502 2067/2804/2067
f 1475/3244/1475 1472/2815/1472 1540/3241/1540
f 1462/3243/1462 1370/2800/1370 2121/3245/2121
f 1462/3243/1462 1441/2802/1441 1370/2800/1370
f 1527/3138/1527 1423/3137/1423 1462/3243/1462
f 1502/2799/1502 1475/3244/1475 2121/3245/2121
f 1627/3139/1627 1462/3243/1462 2121/3245/2121
f 1540/3241/1540 1467/3240/1467 1475/3244/1475
f 1462/3243/1462 1627/3139/1627 1527/3138/1527
f 1475/3244/1475 1467/3240/1467 2121/3245/2121
f 1370/2800/1370 1502/2799/1502 2121/3245/2121
f 1627/3139/1627 2121/3245/2121 1371/3126/1371
f 2121/3245/2121 1467/3240/1467 1371/3126/1371
f 1643/3193/1643 1632/3192/1632 1637/3195/1637
f 1632/3192/1632 1600/3246/1600 1629/3188/1629
f 1502/2799/1502 1370/2800/1370 1465/2801/1465
f 1572/3032/1572 1532/3029/1532 1547/3044/1547
f 1629/3188/1629 1600/3246/1600 1556/3189/1556
f 1632/3192/1632 1634/3182/1634 1600/3246/1600
f 365/2795/365 968/2797/968 363/2790/363
f 1166/2793/1166 1470/2798/1470 1521/2794/1521
f 365/2795/365 2098/2796/2098 968/2797/968
f 2420/3247/2420 1556/3189/1556 1600/3246/1600
f 1637/3195/1637 1632/3192/1632 1629/3188/1629
f 347/2792/347 1166/2793/1166 1521/2794/1521
f 1045/2789/1045 363/2790/363 969/2791/969
f 1168/3046/1168 1726/2893/1726 1732/3047/1732
f 1639/3248/1639 1742/3186/1742 1556/3189/1556
f 1557/3048/1557 1491/3023/1491 1539/3038/1539
f 1556/3189/1556 2420/3247/2420 1639/3248/1639
f 2085/3024/2085 1765/3017/1765 1745/3036/1745
f 1542/3049/1542 1539/3038/1539 1474/3034/1474
f 1602/3050/1602 1610/2995/1610 1559/3051/1559
f 1542/3049/1542 1474/3034/1474 1447/3033/1447
f 1474/3034/1474 1448/3014/1448 1445/3016/1445
f 1344/3052/1344 1737/3053/1737 330/3054/330
f 1620/2927/1620 1650/2916/1650 359/3212/359
f 338/3027/338 1344/3052/1344 1739/3035/1739
f 1585/3028/1585 1476/3020/1476 1524/3019/1524
f 2572/3153/2572 1456/3104/1456 1459/3109/1459
f 1456/3104/1456 2572/3153/2572 1418/3100/1418
f 1505/3167/1505 1418/3100/1418 2572/3153/2572
f 1574/3185/1574 1538/3249/1538 1535/3190/1535
f 1579/3250/1579 1418/3100/1418 1505/3167/1505
f 2609/3251/2609 1586/3225/1586 1579/3250/1579
f 2173/3184/2173 1586/3225/1586 2609/3251/2609
f 1535/3190/1535 1538/3249/1538 1536/3166/1536
f 1538/3249/1538 1505/3167/1505 1536/3166/1536
f 1579/3250/1579 1586/3225/1586 1534/3226/1534
f 1574/3185/1574 2609/3251/2609 1538/3249/1538
f 2173/3184/2173 2609/3251/2609 1574/3185/1574
f 1534/3226/1534 1633/3101/1633 1418/3100/1418
f 2609/3251/2609 1579/3250/1579 1538/3249/1538
f 1505/3167/1505 1538/3249/1538 1579/3250/1579
f 2100/3096/2100 1586/3225/1586 2173/3184/2173
f 1418/3100/1418 1579/3250/1579 1534/3226/1534
f 1487/3004/1487 1474/3034/1474 1539/3038/1539
f 2085/3024/2085 1745/3036/1745 1680/3037/1680
f 1454/3003/1454 1481/3001/1481 1443/3002/1443
f 1764/3012/1764 1766/3026/1766 1756/3043/1756
f 1557/3048/1557 1524/3019/1524 1491/3023/1491
f 1547/3044/1547 1585/3028/1585 1557/3048/1557
f 1547/3044/1547 1550/3045/1550 1572/3032/1572
f 1491/3023/1491 1545/3022/1545 1539/3038/1539
f 1480/3007/1480 1448/3014/1448 1487/3004/1487
f 1739/3035/1739 1344/3052/1344 1544/3055/1544
f 1731/3056/1731 2085/3024/2085 1680/3037/1680
f 338/3027/338 1739/3035/1739 482/2728/482
f 1737/3053/1737 1750/3042/1750 1758/3025/1758
f 1764/3012/1764 1765/3017/1765 1766/3026/1766
f 1577/3191/1577 1536/3166/1536 1548/3173/1548
f 1535/3190/1535 1536/3166/1536 1578/3252/1578
f 1533/3187/1533 1535/3190/1535 1578/3252/1578
f 1577/3191/1577 1637/3195/1637 1578/3252/1578
f 1629/3188/1629 1533/3187/1533 1578/3252/1578
f 1578/3252/1578 1536/3166/1536 1577/3191/1577
f 1578/3252/1578 1637/3195/1637 1629/3188/1629
f 360/3210/360 1620/2927/1620 359/3212/359
f 1454/3003/1454 1444/3015/1444 1481/3001/1481
f 1544/3055/1544 1447/3033/1447 1739/3035/1739
f 1546/3057/1546 1557/3048/1557 1551/3058/1551
f 338/3027/338 1737/3053/1737 1344/3052/1344
f 1730/2997/1730 1732/3047/1732 479/2945/479
f 2220/3097/2220 2166/3176/2166 1646/3177/1646
f 1737/3053/1737 1741/3059/1741 1214/3060/1214
f 1592/3041/1592 1542/3049/1542 1544/3055/1544
f 1585/3028/1585 1524/3019/1524 1557/3048/1557
f 479/2945/479 1861/2971/1861 1730/2997/1730
f 1507/3148/1507 1549/3170/1549 1536/3166/1536
f 1563/3174/1563 1564/3156/1564 1918/3155/1918
f 1918/3155/1918 1624/3160/1624 1630/3175/1630
f 1614/3172/1614 1564/3156/1564 1425/3165/1425
f 1554/3164/1554 1628/3168/1628 1614/3172/1614
f 1918/3155/1918 1630/3175/1630 1548/3173/1548
f 1568/3141/1568 1555/3151/1555 1427/3253/1427
f 1430/3128/1430 1568/3141/1568 1427/3253/1427
f 1555/3151/1555 1428/3150/1428 1427/3253/1427
f 1432/3254/1432 1430/3128/1430 1427/3253/1427
f 1562/3162/1562 1432/3254/1432 1427/3253/1427
f 1415/3129/1415 1430/3128/1430 1432/3254/1432
f 1428/3150/1428 1562/3162/1562 1427/3253/1427
f 1432/3254/1432 1562/3162/1562 1415/3129/1415
f 1548/3173/1548 1549/3170/1549 1563/3174/1563
f 1884/3157/1884 1614/3172/1614 1628/3168/1628
f 1606/3158/1606 1605/3169/1605 1560/3163/1560
f 1564/3156/1564 1563/3174/1563 1425/3165/1425
f 1463/3145/1463 1618/2969/1618 1625/3171/1625
f 1563/3174/1563 1918/3155/1918 1548/3173/1548
f 1415/3129/1415 1425/3165/1425 1553/3122/1553
f 1628/3168/1628 1606/3158/1606 1463/3145/1463
f 1563/3174/1563 1549/3170/1549 1457/3161/1457
f 1563/3174/1563 1457/3161/1457 1425/3165/1425
f 2572/3153/2572 1507/3148/1507 1536/3166/1536
f 1463/3145/1463 1606/3158/1606 1656/2967/1656
f 1624/3160/1624 1918/3155/1918 1884/3157/1884
f 1560/3163/1560 1562/3162/1562 1428/3150/1428
f 1606/3158/1606 1628/3168/1628 1605/3169/1605
f 1884/3157/1884 1628/3168/1628 1463/3145/1463
f 1620/2927/1620 360/3210/360 357/2948/357
f 1548/3173/1548 1536/3166/1536 1549/3170/1549
f 1425/3165/1425 1554/3164/1554 1614/3172/1614
f 1415/3129/1415 1554/3164/1554 1425/3165/1425
f 1560/3163/1560 1428/3150/1428 1606/3158/1606
f 1530/3147/1530 1526/3146/1526 1488/3152/1488
f 1564/3156/1564 1614/3172/1614 1884/3157/1884
f 1615/3159/1615 1463/3145/1463 1625/3171/1625
f 1628/3168/1628 1554/3164/1554 1560/3163/1560
f 1615/3159/1615 1884/3157/1884 1463/3145/1463
f 1530/3147/1530 1457/3161/1457 1549/3170/1549
f 1549/3170/1549 1507/3148/1507 1530/3147/1530
f 1433/3116/1433 1488/3152/1488 1459/3109/1459
f 1628/3168/1628 1560/3163/1560 1605/3169/1605
f 358/2986/358 357/2948/357 360/3210/360
f 1868/3214/1868 1651/2912/1651 1865/3198/1865
f 1868/3214/1868 1650/2916/1650 1651/2912/1651
f 807/2690/807 821/2693/821 1064/2767/1064
f 1536/3166/1536 1505/3167/1505 2572/3153/2572
f 832/2774/832 909/2785/909 1064/2767/1064
f 1553/3122/1553 1425/3165/1425 1457/3161/1457
f 1415/3129/1415 1562/3162/1562 1554/3164/1554
f 1282/2687/1282 1292/2723/1292 829/2694/829
f 1562/3162/1562 1560/3163/1560 1554/3164/1554
f 1162/2750/1162 1037/2766/1037 984/2762/984
f 1457/3161/1457 1530/3147/1530 1553/3122/1553
f 1884/3157/1884 1615/3159/1615 1624/3160/1624
f 814/2696/814 818/2788/818 1218/2692/1218
f 488/2780/488 487/2769/487 32/2741/32
f 1606/3158/1606 1428/3150/1428 1561/3154/1561
f 1530/3147/1530 1488/3152/1488 1553/3122/1553
f 1433/3116/1433 1553/3122/1553 1488/3152/1488
f 810/2763/810 1218/2692/1218 808/2691/808
f 821/2693/821 1218/2692/1218 818/2788/818
f 496/2688/496 818/2788/818 1201/2695/1201
f 2156/2720/2156 1450/2719/1450 1754/2745/1754
f 1064/2767/1064 909/2785/909 828/2784/828
f 1507/3148/1507 2572/3153/2572 1526/3146/1526
f 1918/3155/1918 1564/3156/1564 1884/3157/1884
f 821/2693/821 807/2690/807 1218/2692/1218
f 1561/3154/1561 1428/3150/1428 1573/3149/1573
f 494/2697/494 814/2696/814 493/2782/493
f 832/2774/832 1064/2767/1064 100/2770/100
f 1526/3146/1526 2572/3153/2572 1459/3109/1459
f 1759/2776/1759 492/2731/492 1071/2730/1071
f 1201/2695/1201 2058/2775/2058 496/2688/496
f 821/2693/821 829/2694/829 830/2698/830
f 1459/3109/1459 1488/3152/1488 1526/3146/1526
f 486/2746/486 483/2748/483 161/2761/161
f 1573/3149/1573 1428/3150/1428 1555/3151/1555
f 1526/3146/1526 1530/3147/1530 1507/3148/1507
f 78/2759/78 439/2758/439 33/2786/33
f 1656/2967/1656 1618/2969/1618 1463/3145/1463
f 1543/3005/1543 1491/3023/1491 1524/3019/1524
f 2044/2703/2044 908/2716/908 991/2704/991
f 998/2733/998 984/2762/984 1007/2726/1007
f 1121/2771/1121 908/2716/908 2044/2703/2044
f 483/2748/483 486/2746/486 456/2706/456
f 1868/3214/1868 1655/3211/1655 1650/2916/1650
f 1655/3211/1655 2536/3215/2536 1955/3201/1955
f 1741/3059/1741 1737/3053/1737 1758/3025/1758
f 2152/2744/2152 495/2779/495 1772/2756/1772
f 807/2690/807 1064/2767/1064 828/2784/828
f 494/2697/494 493/2782/493 490/2760/490
f 807/2690/807 828/2784/828 808/2691/808
f 2152/2744/2152 1647/2757/1647 2153/2743/2153
f 1865/3198/1865 801/3200/801 2536/3215/2536
f 818/2788/818 496/2688/496 821/2693/821
f 1972/3209/1972 362/3213/362 364/3216/364
f 362/3213/362 1655/3211/1655 1955/3201/1955
f 1759/2776/1759 2058/2775/2058 492/2731/492
f 811/2764/811 493/2782/493 814/2696/814
f 343/3039/343 1544/3055/1544 1344/3052/1344
f 1755/2742/1755 1750/3042/1750 338/3027/338
f 439/2758/439 488/2780/488 33/2786/33
f 492/2731/492 2058/2775/2058 1762/2773/1762
f 1615/3159/1615 364/3216/364 1624/3160/1624
f 2102/2787/2102 988/2735/988 2101/2734/2101
f 1064/2767/1064 830/2698/830 100/2770/100
f 824/2699/824 830/2698/830 1292/2723/1292
f 362/3213/362 1955/3201/1955 1626/3197/1626
f 2152/2744/2152 2097/2778/2097 495/2779/495
f 1745/3036/1745 1765/3017/1765 1767/3010/1767
f 1647/2757/1647 2049/2777/2049 2153/2743/2153
f 31/2740/31 32/2741/32 486/2746/486
f 1630/3175/1630 364/3216/364 362/3213/362
f 1164/2753/1164 481/2679/481 1452/2681/1452
f 1865/3198/1865 2536/3215/2536 1868/3214/1868
f 2170/2752/2170 978/2754/978 2102/2787/2102
f 1762/2773/1762 78/2759/78 492/2731/492
f 1162/2750/1162 1189/2755/1189 841/2751/841
f 1762/2773/1762 2058/2775/2058 490/2760/490
f 1630/3175/1630 362/3213/362 1626/3197/1626
f 2193/2765/2193 1449/2680/1449 1746/2727/1746
f 2085/3024/2085 1731/3056/1731 1741/3059/1741
f 1615/3159/1615 1972/3209/1972 364/3216/364
f 1955/3201/1955 2536/3215/2536 801/3200/801
f 1551/3058/1551 1592/3041/1592 1598/3040/1598
f 1630/3175/1630 1624/3160/1624 364/3216/364
f 984/2762/984 1315/2722/1315 1189/2755/1189
f 33/2786/33 492/2731/492 78/2759/78
f 1292/2723/1292 840/2689/840 1189/2755/1189
f 998/2733/998 1315/2722/1315 984/2762/984
f 1868/3214/1868 2536/3215/2536 1655/3211/1655
f 1315/2722/1315 1278/2738/1278 824/2699/824
f 1675/2938/1675 1694/2884/1694 426/2921/426
f 580/2915/580 59/2926/59 72/2935/72
f 2542/2905/2542 1673/2907/1673 1679/2937/1679
f 813/2934/813 817/2936/817 98/2933/98
f 1697/2983/1697 451/2984/451 1188/2985/1188
f 580/2915/580 72/2935/72 73/2931/73
f 98/2933/98 810/2763/810 813/2934/813
f 100/2770/100 129/2781/129 1063/2718/1063
f 129/2781/129 830/2698/830 823/2700/823
f 1001/2708/1001 1030/2721/1030 991/2704/991
f 824/2699/824 1278/2738/1278 823/2700/823
f 452/2966/452 1697/2983/1697 437/2951/437
f 441/2914/441 73/2931/73 440/2932/440
f 421/2890/421 472/2894/472 432/2961/432
f 1423/3137/1423 1434/3133/1434 1373/3144/1373
f 1547/3044/1547 1546/3057/1546 1595/3061/1595
f 1373/3144/1373 1434/3133/1434 2074/3140/2074
f 2097/2778/2097 1450/2719/1450 2096/2724/2096
f 1498/3143/1498 1490/3127/1490 1371/3126/1371
f 1513/3111/1513 1493/3117/1493 1515/3118/1515
f 808/2691/808 828/2784/828 816/2783/816
f 1553/3122/1553 1504/3123/1504 1415/3129/1415
f 2264/3136/2264 1568/3141/1568 1430/3128/1430
f 1163/2749/1163 496/2688/496 1772/2756/1772
f 1510/3031/1510 1509/3119/1509 1493/3117/1493
f 2096/2724/2096 1450/2719/1450 481/2679/481
f 1529/3130/1529 1424/3142/1424 1525/3131/1525
f 496/2688/496 2058/2775/2058 1772/2756/1772
f 818/2788/818 814/2696/814 1201/2695/1201
f 1547/3044/1547 1595/3061/1595 1602/3050/1602
f 2101/2734/2101 2170/2752/2170 2102/2787/2102
f 33/2786/33 488/2780/488 492/2731/492
f 1201/2695/1201 494/2697/494 2058/2775/2058
f 1430/3128/1430 1436/3134/1436 2264/3136/2264
f 816/2783/816 828/2784/828 909/2785/909
f 1527/3138/1527 1492/3125/1492 1431/3135/1431
f 1424/3142/1424 1490/3127/1490 1498/3143/1498
f 1611/3115/1611 1522/3108/1522 1960/3114/1960
f 1627/3139/1627 1492/3125/1492 1527/3138/1527
f 1424/3142/1424 1492/3125/1492 1490/3127/1490
f 1498/3143/1498 1525/3131/1525 1424/3142/1424
f 1514/3110/1514 1403/3132/1403 1960/3114/1960
f 1572/3032/1572 1493/3117/1493 1532/3029/1532
f 1522/3108/1522 1456/3104/1456 1402/3105/1402
f 495/2779/495 2097/2778/2097 1162/2750/1162
f 343/3039/343 1592/3041/1592 1544/3055/1544
f 1611/3115/1611 1960/3114/1960 1439/3121/1439
f 1163/2749/1163 840/2689/840 496/2688/496
f 2264/3136/2264 1492/3125/1492 1568/3141/1568
f 998/2733/998 1278/2738/1278 1315/2722/1315
f 1510/3031/1510 1525/3131/1525 1509/3119/1509
f 1647/2757/1647 1772/2756/1772 2058/2775/2058
f 1499/3120/1499 1525/3131/1525 1498/3143/1498
f 834/2772/834 1063/2718/1063 129/2781/129
f 1731/3056/1731 1733/3021/1733 1741/3059/1741
f 1568/3141/1568 1492/3125/1492 1424/3142/1424
f 1431/3135/1431 1434/3133/1434 1527/3138/1527
f 1434/3133/1434 1403/3132/1403 2074/3140/2074
f 1740/3062/1740 1726/2893/1726 1168/3046/1168
f 1499/3120/1499 1509/3119/1509 1525/3131/1525
f 1449/2680/1449 2193/2765/2193 1452/2681/1452
f 1434/3133/1434 1431/3135/1431 1439/3121/1439
f 1627/3139/1627 1371/3126/1371 1492/3125/1492
f 1436/3134/1436 1431/3135/1431 2264/3136/2264
f 1423/3137/1423 1527/3138/1527 1434/3133/1434
f 129/2781/129 823/2700/823 834/2772/834
f 490/2760/490 493/2782/493 439/2758/439
f 1512/3107/1512 1513/3111/1513 1515/3118/1515
f 495/2779/495 1162/2750/1162 1163/2749/1163
f 2264/3136/2264 1431/3135/1431 1492/3125/1492
f 1733/3021/1733 1190/2992/1190 1191/2976/1191
f 1439/3121/1439 1431/3135/1431 1436/3134/1436
f 1960/3114/1960 1434/3133/1434 1439/3121/1439
f 1430/3128/1430 1504/3123/1504 1436/3134/1436
f 1499/3120/1499 1503/3124/1503 1515/3118/1515
f 1493/3117/1493 1509/3119/1509 1515/3118/1515
f 1750/3042/1750 1737/3053/1737 338/3027/338
f 1436/3134/1436 1504/3123/1504 1439/3121/1439
f 1960/3114/1960 1403/3132/1403 1434/3133/1434
f 1189/2755/1189 1315/2722/1315 1292/2723/1292
f 1439/3121/1439 1504/3123/1504 1433/3116/1433
f 1529/3130/1529 1525/3131/1525 1510/3031/1510
f 2152/2744/2152 1450/2719/1450 2097/2778/2097
f 1190/2992/1190 1733/3021/1733 1725/2998/1725
f 823/2700/823 1278/2738/1278 831/2747/831
f 1504/3123/1504 1430/3128/1430 1415/3129/1415
f 1492/3125/1492 1371/3126/1371 1490/3127/1490
f 2096/2724/2096 1037/2766/1037 2097/2778/2097
f 1572/3032/1572 1510/3031/1510 1493/3117/1493
f 1559/3051/1559 1550/3045/1550 1602/3050/1602
f 1546/3057/1546 1551/3058/1551 1598/3040/1598
f 1603/3113/1603 1515/3118/1515 1503/3124/1503
f 1001/2708/1001 985/2739/985 1016/2709/1016
f 100/2770/100 830/2698/830 129/2781/129
f 1553/3122/1553 1433/3116/1433 1504/3123/1504
f 1037/2766/1037 1007/2726/1007 984/2762/984
f 1433/3116/1433 1611/3115/1611 1439/3121/1439
f 1459/3109/1459 1522/3108/1522 1611/3115/1611
f 1511/3112/1511 1587/3006/1587 1477/3103/1477
f 1446/3008/1446 1445/3016/1445 1454/3003/1454
f 32/2741/32 492/2731/492 488/2780/488
f 1509/3119/1509 1499/3120/1499 1515/3118/1515
f 1769/2714/1769 1727/2686/1727 409/2715/409
f 985/2739/985 1278/2738/1278 988/2735/988
f 1512/3107/1512 1511/3112/1511 1477/3103/1477
f 1610/2995/1610 1602/3050/1602 1597/2996/1597
f 1029/2710/1029 1011/2736/1011 1030/2721/1030
f 1163/2749/1163 1772/2756/1772 495/2779/495
f 2097/2778/2097 1037/2766/1037 1162/2750/1162
f 1515/3118/1515 1603/3113/1603 1512/3107/1512
f 472/2894/472 1726/2893/1726 1191/2976/1191
f 1513/3111/1513 1532/3029/1532 1493/3117/1493
f 840/2689/840 1163/2749/1163 841/2751/841
f 1542/3049/1542 1447/3033/1447 1544/3055/1544
f 2101/2734/2101 998/2733/998 1007/2726/1007
f 1218/2692/1218 810/2763/810 814/2696/814
f 1759/2776/1759 2049/2777/2049 1647/2757/1647
f 1447/3033/1447 1445/3016/1445 1446/3008/1446
f 480/3063/480 343/3039/343 330/3054/330
f 1402/3105/1402 1514/3110/1514 1960/3114/1960
f 2058/2775/2058 494/2697/494 490/2760/490
f 1545/3022/1545 1543/3005/1543 1487/3004/1487
f 472/2894/472 1191/2976/1191 432/2961/432
f 1611/3115/1611 1433/3116/1433 1459/3109/1459
f 908/2716/908 1063/2718/1063 834/2772/834
f 1402/3105/1402 1960/3114/1960 1522/3108/1522
f 592/2928/592 1369/2929/1369 80/2930/80
f 375/2947/375 374/2919/374 1832/2918/1832
f 1071/2730/1071 2049/2777/2049 1759/2776/1759
f 1647/2757/1647 2058/2775/2058 1759/2776/1759
f 1511/3112/1511 1512/3107/1512 1603/3113/1603
f 834/2772/834 823/2700/823 831/2747/831
f 1597/2996/1597 1602/3050/1602 1595/3061/1595
f 831/2747/831 1278/2738/1278 985/2739/985
f 1513/3111/1513 1476/3020/1476 1532/3029/1532
f 1512/3107/1512 1476/3020/1476 1513/3111/1513
f 2096/2724/2096 481/2679/481 1164/2753/1164
f 2099/2725/2099 2170/2752/2170 2101/2734/2101
f 1733/3021/1733 1740/3062/1740 1741/3059/1741
f 1179/2964/1179 478/2956/478 419/2958/419
f 426/2921/426 422/2980/422 419/2958/419
f 1688/2913/1688 1650/2916/1650 1620/2927/1620
f 1756/3043/1756 2107/3013/2107 1764/3012/1764
f 1402/3105/1402 1421/3106/1421 1514/3110/1514
f 100/2770/100 812/2717/812 832/2774/832
f 1456/3104/1456 1522/3108/1522 1459/3109/1459
f 59/2926/59 580/2915/580 99/2920/99
f 1688/2913/1688 1663/2924/1663 1748/2925/1748
f 426/2921/426 1699/2922/1699 418/2923/418
f 1740/3062/1740 1214/3060/1214 1741/3059/1741
f 1477/3103/1477 1476/3020/1476 1512/3107/1512
f 1762/2773/1762 490/2760/490 78/2759/78
f 1402/3105/1402 1397/3102/1397 1421/3106/1421
f 1456/3104/1456 1397/3102/1397 1402/3105/1402
f 2099/2725/2099 2101/2734/2101 1007/2726/1007
f 1282/2687/1282 840/2689/840 1292/2723/1292
f 480/3063/480 1598/3040/1598 343/3039/343
f 1477/3103/1477 1543/3005/1543 1476/3020/1476
f 99/2920/99 811/2764/811 810/2763/810
f 908/2716/908 834/2772/834 831/2747/831
f 1551/3058/1551 1557/3048/1557 1592/3041/1592
f 1456/3104/1456 1418/3100/1418 1397/3102/1397
f 407/2682/407 1727/2686/1727 1601/2683/1601
f 1121/2771/1121 2044/2703/2044 144/2705/144
f 1063/2718/1063 812/2717/812 100/2770/100
f 1444/3015/1444 1448/3014/1448 1480/3007/1480
f 32/2741/32 487/2769/487 486/2746/486
f 811/2764/811 580/2915/580 493/2782/493
f 1598/3040/1598 1597/2996/1597 1595/3061/1595
f 1543/3005/1543 1477/3103/1477 1587/3006/1587
f 1168/3046/1168 1732/3047/1732 480/3063/480
f 1197/2768/1197 1198/2684/1198 1601/2683/1601
f 1064/2767/1064 821/2693/821 830/2698/830
f 985/2739/985 1001/2708/1001 831/2747/831
f 1418/3100/1418 1633/3101/1633 1397/3102/1397
f 439/2758/439 493/2782/493 441/2914/441
f 1767/3010/1767 352/3018/352 1745/3036/1745
f 1596/3030/1596 1550/3045/1550 1559/3051/1559
f 99/2920/99 810/2763/810 98/2933/98
f 353/3099/353 352/3018/352 1687/3009/1687
f 352/3018/352 353/3099/353 1197/2768/1197
f 2099/2725/2099 2096/2724/2096 1164/2753/1164
f 353/3099/353 1687/3009/1687 161/2761/161
f 1197/2768/1197 353/3099/353 483/2748/483
f 1037/2766/1037 2096/2724/2096 1007/2726/1007
f 353/3099/353 161/2761/161 483/2748/483
f 1451/2729/1451 2193/2765/2193 1746/2727/1746
f 810/2763/810 811/2764/811 814/2696/814
f 161/2761/161 1687/3009/1687 485/3064/485
f 1198/2684/1198 1197/2768/1197 483/2748/483
f 983/2999/983 980/3000/980 1165/2819/1165
f 1597/2996/1597 480/3063/480 1732/3047/1732
f 355/2895/355 472/2894/472 476/2957/476
f 1189/2755/1189 1162/2750/1162 984/2762/984
f 486/2746/486 161/2761/161 31/2740/31
f 1726/2893/1726 1740/3062/1740 1733/3021/1733
f 1750/3042/1750 1766/3026/1766 1758/3025/1758
f 32/2741/32 162/2732/162 492/2731/492
f 829/2694/829 1292/2723/1292 830/2698/830
f 2156/2720/2156 1746/2727/1746 1449/2680/1449
f 1001/2708/1001 991/2704/991 831/2747/831
f 485/3064/485 1687/3009/1687 351/3011/351
f 991/2704/991 1030/2721/1030 144/2705/144
f 1740/3062/1740 1168/3046/1168 1214/3060/1214
f 1444/3015/1444 1454/3003/1454 1445/3016/1445
f 439/2758/439 78/2759/78 490/2760/490
f 1184/2917/1184 1832/2918/1832 374/2919/374
f 2085/3024/2085 1741/3059/1741 1758/3025/1758
f 2170/2752/2170 2099/2725/2099 1164/2753/1164
f 1772/2756/1772 1647/2757/1647 2152/2744/2152
f 1214/3060/1214 480/3063/480 330/3054/330
f 2193/2765/2193 1451/2729/1451 1443/3002/1443
f 1597/2996/1597 1598/3040/1598 480/3063/480
f 1737/3053/1737 1214/3060/1214 330/3054/330
f 1597/2996/1597 1732/3047/1732 1730/2997/1730
f 1650/2916/1650 1688/2913/1688 1651/2912/1651
f 1189/2755/1189 840/2689/840 841/2751/841
f 477/2900/477 1659/2970/1659 1617/2973/1617
f 330/3054/330 343/3039/343 1344/3052/1344
f 16/2975/16 672/2886/672 404/2887/404
f 556/2955/556 60/2959/60 75/2835/75
f 1452/2681/1452 2193/2765/2193 1443/3002/1443
f 1610/2995/1610 1861/2971/1861 1728/2968/1728
f 1539/3038/1539 1592/3041/1592 1557/3048/1557
f 441/2914/441 493/2782/493 580/2915/580
f 1598/3040/1598 1595/3061/1595 1546/3057/1546
f 1732/3047/1732 1726/2893/1726 479/2945/479
f 1550/3045/1550 1547/3044/1547 1602/3050/1602
f 1592/3041/1592 1539/3038/1539 1542/3049/1542
f 1168/3046/1168 480/3063/480 1214/3060/1214
f 1710/2911/1710 1651/2912/1651 1688/2913/1688
f 1546/3057/1546 1547/3044/1547 1557/3048/1557
f 2102/2787/2102 978/2754/978 2105/3065/2105
f 1665/2910/1665 1710/2911/1710 1848/2909/1848
f 496/2688/496 1282/2687/1282 821/2693/821
f 985/2739/985 988/2735/988 2105/3065/2105
f 981/3066/981 2105/3065/2105 978/2754/978
f 981/3066/981 978/2754/978 983/2999/983
f 985/2739/985 2105/3065/2105 993/3067/993
f 981/3066/981 993/3067/993 2105/3065/2105
f 2170/2752/2170 1164/2753/1164 978/2754/978
f 993/3067/993 981/3066/981 1350/3068/1350
f 981/3066/981 1045/2789/1045 973/3069/973
f 1029/2710/1029 1016/2709/1016 1032/2711/1032
f 994/3070/994 995/3071/995 996/3072/996
f 972/3073/972 969/2791/969 968/2797/968
f 981/3066/981 973/3069/973 1350/3068/1350
f 1032/2711/1032 1031/3074/1031 1011/2736/1011
f 997/3075/997 1032/2711/1032 1320/2712/1320
f 969/2791/969 973/3069/973 1045/2789/1045
f 969/2791/969 972/3073/972 973/3069/973
f 973/3069/973 994/3070/994 996/3072/996
f 2110/3076/2110 994/3070/994 972/3073/972
f 1350/3068/1350 973/3069/973 996/3072/996
f 972/3073/972 994/3070/994 973/3069/973
f 1000/3077/1000 1032/2711/1032 997/3075/997
f 1031/3074/1031 1000/3077/1000 995/3071/995
f 1769/2714/1769 432/2961/432 1727/2686/1727
f 1320/2712/1320 1350/3068/1350 997/3075/997
f 1030/2721/1030 1039/2737/1039 144/2705/144
f 996/3072/996 997/3075/997 1350/3068/1350
f 1032/2711/1032 1000/3077/1000 1031/3074/1031
f 25/2685/25 406/2713/406 409/2715/409
f 2102/2787/2102 2105/3065/2105 988/2735/988
f 983/2999/983 1045/2789/1045 981/3066/981
f 25/2685/25 405/2701/405 406/2713/406
f 1163/2749/1163 1162/2750/1162 841/2751/841
f 354/2899/354 355/2895/355 476/2957/476
f 1320/2712/1320 993/3067/993 1350/3068/1350
f 2110/3076/2110 995/3071/995 994/3070/994
f 993/3067/993 1320/2712/1320 985/2739/985
f 996/3072/996 995/3071/995 1000/3077/1000
f 1770/2889/1770 1695/2885/1695 421/2890/421
f 482/2728/482 1746/2727/1746 1755/2742/1755
f 1165/2819/1165 980/3000/980 298/3203/298
f 1469/2822/1469 1166/2793/1166 1167/3204/1167
f 997/3075/997 996/3072/996 1000/3077/1000
f 1011/2736/1011 1029/2710/1029 1032/2711/1032
f 1181/2953/1181 1342/2898/1342 1353/3078/1353
f 387/2940/387 388/3079/388 1663/2924/1663
f 456/2706/456 1198/2684/1198 483/2748/483
f 991/2704/991 908/2716/908 831/2747/831
f 387/2940/387 1181/2953/1181 1186/3080/1186
f 486/2746/486 455/2707/455 456/2706/456
f 1166/2793/1166 1461/3205/1461 1167/3204/1167
f 1461/3205/1461 1480/3007/1480 1167/3204/1167
f 1360/3081/1360 1748/2925/1748 1663/2924/1663
f 1186/3080/1186 392/2874/392 388/3079/388
f 380/2870/380 386/2869/386 1360/3081/1360
f 1755/2742/1755 2156/2720/2156 1754/2745/1754
f 1700/3082/1700 1345/2876/1345 1953/3083/1953
f 387/2940/387 1186/3080/1186 388/3079/388
f 2153/2743/2153 1450/2719/1450 2152/2744/2152
f 1345/2876/1345 1700/3082/1700 391/3084/391
f 1181/2953/1181 1353/3078/1353 1186/3080/1186
f 1746/2727/1746 2156/2720/2156 1755/2742/1755
f 1345/2876/1345 468/2880/468 1953/3083/1953
f 1354/3085/1354 425/2846/425 1353/3078/1353
f 1360/3081/1360 1663/2924/1663 388/3079/388
f 1700/3082/1700 1661/3086/1661 391/3084/391
f 391/3084/391 1748/2925/1748 1360/3081/1360
f 31/2740/31 162/2732/162 32/2741/32
f 1848/2909/1848 1748/2925/1748 1661/3086/1661
f 391/3084/391 386/2869/386 1345/2876/1345
f 1320/2712/1320 1016/2709/1016 985/2739/985
f 24/2702/24 407/2682/407 455/2707/455
f 988/2735/988 1278/2738/1278 998/2733/998
f 407/2682/407 1198/2684/1198 456/2706/456
f 1011/2736/1011 1039/2737/1039 1030/2721/1030
f 1353/3078/1353 1342/2898/1342 1354/3085/1354
f 998/2733/998 2101/2734/2101 988/2735/988
f 1353/3078/1353 425/2846/425 1186/3080/1186
f 1661/3086/1661 1666/2908/1666 1848/2909/1848
f 2456/3087/2456 1700/3082/1700 1682/3088/1682
f 1700/3082/1700 1953/3083/1953 1682/3088/1682
f 2456/3087/2456 1666/2908/1666 1700/3082/1700
f 1700/3082/1700 1666/2908/1666 1661/3086/1661
f 425/2846/425 392/2874/392 1186/3080/1186
f 388/3079/388 380/2870/380 1360/3081/1360
f 1071/2730/1071 492/2731/492 162/2732/162
f 1450/2719/1450 1449/2680/1449 481/2679/481
f 391/3084/391 1360/3081/1360 386/2869/386
f 25/2685/25 407/2682/407 24/2702/24
f 392/2874/392 380/2870/380 388/3079/388
f 1748/2925/1748 391/3084/391 1661/3086/1661
f 416/2991/416 425/2846/425 1354/3085/1354
f 1341/2988/1341 416/2991/416 1354/3085/1354
f 1354/3085/1354 1342/2898/1342 1341/2988/1341
f 1483/3206/1483 1480/3007/1480 2088/3207/2088
f 25/2685/25 409/2715/409 1727/2686/1727
f 1746/2727/1746 482/2728/482 1451/2729/1451
f 2096/2724/2096 2099/2725/2099 1007/2726/1007
f 590/3089/590 591/3090/591 447/3091/447
f 447/3091/447 591/3090/591 489/3092/489
f 489/3092/489 591/3090/591 487/2769/487
f 438/2987/438 435/3093/435 1194/2952/1194
f 1315/2722/1315 824/2699/824 1292/2723/1292
f 1001/2708/1001 1029/2710/1029 1030/2721/1030
f 1449/2680/1449 1450/2719/1450 2156/2720/2156
f 908/2716/908 812/2717/812 1063/2718/1063
f 598/2950/598 447/3091/447 1369/2929/1369
f 435/3093/435 590/3089/590 598/2950/598
f 1369/2929/1369 447/3091/447 491/3094/491
f 24/2702/24 435/3093/435 436/2993/436
f 1194/2952/1194 435/3093/435 598/2950/598
f 79/3095/79 440/2932/440 612/2941/612
f 406/2713/406 1769/2714/1769 409/2715/409
f 489/3092/489 487/2769/487 491/3094/491
f 1032/2711/1032 1016/2709/1016 1320/2712/1320
f 1001/2708/1001 1016/2709/1016 1029/2710/1029
f 456/2706/456 455/2707/455 407/2682/407
f 487/2769/487 488/2780/488 491/3094/491
f 598/2950/598 590/3089/590 447/3091/447
f 2044/2703/2044 991/2704/991 144/2705/144
f 405/2701/405 25/2685/25 24/2702/24
f 1369/2929/1369 491/3094/491 488/2780/488
f 830/2698/830 824/2699/824 823/2700/823
f 1201/2695/1201 814/2696/814 494/2697/494
f 435/3093/435 438/2987/438 436/2993/436
f 821/2693/821 1282/2687/1282 829/2694/829
f 807/2690/807 808/2691/808 1218/2692/1218
f 1282/2687/1282 496/2688/496 840/2689/840
f 79/3095/79 488/2780/488 439/2758/439
f 439/2758/439 440/2932/440 79/3095/79
f 79/3095/79 80/2930/80 488/2780/488
f 447/3091/447 489/3092/489 491/3094/491
f 80/2930/80 1369/2929/1369 488/2780/488
f 25/2685/25 1727/2686/1727 407/2682/407
f 407/2682/407 1601/2683/1601 1198/2684/1198
f 80/2930/80 79/3095/79 612/2941/612
f 481/2679/481 1449/2680/1449 1452/2681/1452
f 1486/3208/1486 2083/2805/2083 298/3203/298
f 1480/3007/1480 1461/3205/1461 2088/3207/2088
f 1486/3208/1486 1480/3007/1480 1483/3206/1483
f 1480/3007/1480 1486/3208/1486 1444/3015/1444
f 1486/3208/1486 1483/3206/1483 2088/3207/2088
f 298/3203/298 2161/2807/2161 1165/2819/1165
f 2100/3096/2100 2220/3097/2220 1635/3098/1635
#5406 polygons

