# https://github.com/mikedh/trimesh
mtllib material.mtl
usemtl Texture
v -0.07137531 -0.17361217 0.01383931
v -0.07184397 -0.17666877 0.01243337
v -0.07184397 -0.17666877 0.01243337
v -0.07036910 -0.17704528 0.01314944
v -0.07036910 -0.17704528 0.01314944
v -0.07036910 -0.17704528 0.01314944
v 0.04142426 -0.07024131 0.02252123
v 0.07181440 -0.08463446 0.01843370
v -0.00810210 -0.09738287 0.00273880
v 0.05910184 -0.08790801 0.01678269
v 0.07594120 -0.08392568 0.01713267
v 0.07594120 -0.08392568 0.01713267
v 0.08044724 -0.08043362 0.02208609
v 0.08044724 -0.08043362 0.02208609
v 0.07756435 -0.08019917 0.02352532
v 0.07438153 -0.08112407 0.02335853
v 0.07768277 -0.08249275 0.01967241
v 0.07768277 -0.08249275 0.01967241
v 0.07711635 -0.08142550 0.02193550
v 0.07354590 -0.08275925 0.02138791
v 0.07051372 -0.08229344 0.02302811
v -0.04599637 -0.08086596 0.00334337
v -0.04982449 -0.08325885 0.00223738
v -0.04905937 -0.08590279 0.00399198
v -0.05249950 -0.08458850 0.00107975
v -0.04954943 -0.07990874 0.00011771
v -0.04866525 -0.08063561 0.00148017
v -0.04507900 -0.08416640 0.00500391
v -0.04049469 -0.08298431 0.00635996
v -0.05430467 -0.08412601 -0.00089174
v -0.05275658 -0.08171069 -0.00163225
v -0.04357179 -0.08739426 0.00627996
v -0.04040156 -0.08937585 0.00758971
v -0.04040156 -0.08937585 0.00758971
v -0.03719678 -0.08442207 0.00765245
v -0.03719678 -0.08442207 0.00765245
v -0.04028869 -0.08590672 0.00686634
v -0.03814165 -0.08686181 0.00768312
v -0.03814165 -0.08686181 0.00768312
v -0.05971135 -0.08508297 -0.00817359
v -0.06075448 -0.08627023 -0.00716263
v -0.06353064 -0.08860523 -0.00729498
v -0.08387441 -0.12704695 -0.00065442
v -0.08293857 -0.12398897 0.00033725
v -0.02877919 -0.10716655 -0.00147006
v -0.08266875 -0.12194556 -0.00131507
v -0.08340477 -0.12607435 0.00328244
v -0.08385815 -0.12643817 0.00157249
v -0.08426252 -0.12829352 -0.00187075
v -0.08424880 -0.12876185 -0.00334943
v -0.08475275 -0.13010392 -0.00108648
v -0.08410264 -0.12732083 -0.00177446
v -0.08509435 -0.13336040 -0.00141932
v -0.08508141 -0.13557841 -0.00050176
v -0.08508141 -0.13557841 -0.00050176
v -0.08300850 -0.12436100 0.00234882
v -0.08260644 -0.12645781 0.00468420
v -0.04952303 -0.11900575 -0.01707537
v -0.08462105 -0.12969253 0.00240094
v -0.08385625 -0.12620673 -0.00211375
v -0.08347304 -0.12621118 -0.00489542
v -0.08366161 -0.12880617 -0.00616106
v -0.08192257 -0.11928005 -0.00175362
v -0.08164293 -0.11817034 -0.00407934
v -0.08229075 -0.12072205 -0.00353113
v -0.08219984 -0.12145178 0.00006936
v -0.08323839 -0.12404195 -0.00219481
v -0.08071452 -0.11585314 -0.00566205
v -0.06681015 -0.09479565 -0.00191380
v -0.06479005 -0.09640284 0.00118034
v 0.02455288 -0.07775748 -0.01484798
v -0.06557081 -0.10087229 0.00269851
v -0.06557081 -0.10087229 0.00269851
v -0.06637743 -0.09622475 -0.00028709
v -0.06723446 -0.09907649 0.00063974
v -0.06723446 -0.09907649 0.00063974
v -0.01363363 -0.07599737 0.01172708
v -0.06226138 -0.09943601 0.00395616
v -0.06226138 -0.09943601 0.00395616
v -0.06194724 -0.10192794 0.00506923
v -0.06194724 -0.10192794 0.00506923
v -0.07122190 -0.10738797 0.00309640
v -0.07214456 -0.10962865 0.00434321
v -0.07036877 -0.10819636 0.00446354
v -0.01553170 -0.09750431 0.00580126
v -0.01553170 -0.09750431 0.00580126
v -0.06548658 -0.09258580 -0.00268245
v -0.06564281 -0.09223395 -0.00384168
v -0.06837266 -0.10226647 0.00156914
v -0.06242203 -0.09652597 0.00276051
v -0.06832492 -0.09803994 -0.00102872
v -0.06832492 -0.09803994 -0.00102872
v -0.06386741 -0.10949739 0.00786411
v -0.06419361 -0.08902168 -0.00800883
v -0.06327337 -0.08951870 -0.00467707
v -0.06235726 -0.08928055 -0.00381320
v -0.06339376 -0.11611873 0.01027997
v -0.08400020 -0.12713382 -0.00287181
v -0.08266435 -0.12262983 -0.00530263
v -0.06848503 -0.10555370 0.00357015
v -0.08511552 -0.13149546 0.00120292
v -0.08521953 -0.13394591 0.00087794
v -0.07963461 -0.11966597 0.00524369
v -0.08189748 -0.12258104 0.00400054
v -0.08124020 -0.11993190 0.00282659
v -0.07580874 -0.11002572 0.00127507
v -0.07367766 -0.10882443 0.00236505
v -0.06199470 -0.11815055 0.01062977
v -0.08183844 -0.12831224 -0.01066713
v -0.08183844 -0.12831224 -0.01066713
v -0.08131774 -0.11955861 -0.00843720
v -0.08044908 -0.11613037 -0.00802199
v -0.08107679 -0.11640716 -0.00313132
v -0.07992160 -0.11349404 -0.00436324
v -0.07141726 -0.09955654 -0.00371875
v -0.07141726 -0.09955654 -0.00371875
v -0.06921089 -0.09683704 -0.00310920
v -0.06921089 -0.09683704 -0.00310920
v -0.07164848 -0.10126915 -0.01209623
v -0.00723364 -0.09980717 -0.00499684
v -0.01143367 -0.10011610 -0.00269806
v -0.01143367 -0.10011610 -0.00269806
v -0.01143367 -0.10011610 -0.00269806
v 0.00039351 -0.09718955 -0.00000964
v 0.00039351 -0.09718955 -0.00000964
v 0.01819581 -0.09447441 0.00466445
v -0.00353013 -0.09856994 -0.00238697
v -0.00353013 -0.09856994 -0.00238697
v -0.06804328 -0.13611941 -0.01591496
v -0.05834619 -0.12411473 -0.01958229
v -0.06037775 -0.12255473 -0.02098976
v -0.05144083 -0.11324571 -0.02212621
v -0.05258517 -0.11034224 -0.02388344
v -0.07214025 -0.16879516 0.00170920
v -0.07214025 -0.16879516 0.00170920
v -0.07214025 -0.16879516 0.00170920
v -0.05551835 -0.10865475 -0.02506673
v -0.05188378 -0.10712825 -0.02496094
v -0.05147702 -0.10358350 -0.02595380
v 0.00693861 -0.09436942 0.00525785
v 0.00521707 -0.09575827 0.00236714
v 0.00683165 -0.09297003 0.00760892
v 0.00247504 -0.09276557 0.00839030
v 0.00247504 -0.09276557 0.00839030
v -0.05985317 -0.11570874 0.01033135
v -0.06106202 -0.11470074 0.01015804
v -0.06519231 -0.11500210 0.00971816
v -0.06519231 -0.11500210 0.00971816
v -0.05092596 -0.12457525 -0.00901834
v -0.06530353 -0.10707176 0.00628612
v -0.06602091 -0.11287894 0.00872286
v -0.05728241 -0.11308198 -0.02397834
v -0.05976260 -0.11199174 -0.02454808
v -0.06513939 -0.13753371 -0.01347588
v -0.06513939 -0.13753371 -0.01347588
v -0.06296641 -0.13424209 -0.01497934
v -0.06296641 -0.13424209 -0.01497934
v -0.07056505 -0.10086779 -0.01355764
v -0.08279053 -0.13873067 -0.00742034
v -0.05874300 -0.11604728 -0.02322700
v -0.06051023 -0.11915914 -0.02237209
v -0.07635006 -0.15656370 -0.00224697
v -0.06386549 -0.11857784 -0.02292721
v -0.06386549 -0.11857784 -0.02292721
v -0.05598323 -0.11570367 -0.02274301
v -0.05733954 -0.12005300 -0.02116629
v -0.06291663 -0.12287365 -0.02140349
v -0.06291663 -0.12287365 -0.02140349
v -0.06422021 -0.12137207 -0.02215722
v -0.06422021 -0.12137207 -0.02215722
v -0.06422021 -0.12137207 -0.02215722
v -0.00379648 -0.09342167 0.00821160
v -0.00094504 -0.09493440 0.00491688
v -0.00094504 -0.09493440 0.00491688
v -0.07259456 -0.17780212 0.00806244
v -0.07225800 -0.17781058 0.01015519
v 0.00150470 -0.09590793 0.00316411
v 0.00150470 -0.09590793 0.00316411
v -0.07177266 -0.10567243 -0.01719339
v -0.07177266 -0.10567243 -0.01719339
v 0.02057938 -0.09309591 0.00734301
v 0.01876056 -0.09202589 0.01009247
v 0.06324302 -0.08765740 0.01577276
v 0.06321191 -0.08859696 0.01330082
v 0.05862278 -0.08949536 0.01289935
v 0.06092104 -0.08857047 0.01472515
v 0.06515352 -0.08616907 0.01830257
v -0.01563872 -0.09347109 0.00964582
v -0.01563872 -0.09347109 0.00964582
v -0.01709073 -0.09275406 0.01027914
v -0.01709073 -0.09275406 0.01027914
v 0.07063699 -0.08077803 0.02498700
v 0.08242105 -0.07596222 0.02219122
v 0.08398081 -0.07702458 0.02086245
v 0.08379396 -0.07934082 0.01893291
v 0.08180114 -0.08089364 0.01940143
v 0.08106432 -0.07712509 0.02335654
v 0.07927945 -0.07844327 0.02414727
v 0.07927945 -0.07844327 0.02414727
v -0.05829749 -0.08394204 -0.00771755
v -0.06140512 -0.08605316 -0.00899857
v -0.08164168 -0.11881207 -0.00591252
v -0.08230880 -0.12370293 -0.00810620
v -0.08460368 -0.13113745 -0.00336724
v -0.08306605 -0.13079831 -0.00836163
v -0.08306605 -0.13079831 -0.00836163
v -0.08439669 -0.13341426 -0.00502246
v -0.08439669 -0.13341426 -0.00502246
v -0.06583786 -0.13380406 -0.01652660
v -0.06256329 -0.13626175 -0.01302934
v -0.06392200 -0.10219340 0.00433301
v -0.06504448 -0.10410245 0.00469287
v -0.07492688 -0.17374526 0.00281667
v -0.07421730 -0.17318214 0.00258171
v -0.06728265 -0.11061338 0.00723279
v -0.08384947 -0.13679828 -0.00618426
v -0.07878535 -0.11185134 -0.00427207
v -0.07798123 -0.11081697 -0.00429025
v -0.08259814 -0.12789083 0.00523229
v -0.07405243 -0.10319924 -0.00533917
v -0.07576541 -0.10609762 -0.00372466
v -0.08465251 -0.13701099 -0.00311852
v -0.08465251 -0.13701099 -0.00311852
v -0.08465251 -0.13701099 -0.00311852
v -0.08366979 -0.13439726 -0.00708721
v -0.07428297 -0.16626193 0.01031013
v -0.07553577 -0.10544977 -0.00528335
v -0.07518487 -0.10663028 -0.00151014
v -0.06040197 -0.08503793 -0.00956716
v -0.06094865 -0.13641892 -0.01141050
v -0.08142699 -0.12279558 -0.01061496
v -0.08202408 -0.12605668 -0.00992064
v -0.08202408 -0.12605668 -0.00992064
v -0.08202408 -0.12605668 -0.00992064
v -0.06625183 -0.13622263 -0.01502646
v -0.08171598 -0.13024022 -0.01102197
v -0.08171598 -0.13024022 -0.01102197
v 0.07229684 -0.08578797 0.01506848
v 0.07609703 -0.08450274 0.01473940
v 0.07609703 -0.08450274 0.01473940
v 0.07169762 -0.06664231 0.00549039
v 0.06954494 -0.06525625 0.00549592
v 0.06470435 -0.06389055 0.00895765
v 0.06729043 -0.06521870 0.01111089
v 0.06362105 -0.06360067 0.01207925
v 0.06803259 -0.06473487 0.00744597
v 0.07020691 -0.06610602 0.00947165
v -0.01012420 -0.06672599 0.00580783
v -0.01012420 -0.06672599 0.00580783
v -0.00803542 -0.06789909 0.00806449
v 0.06852049 -0.06768685 0.02096284
v 0.06852049 -0.06768685 0.02096284
v 0.02677399 -0.06292790 0.01437826
v 0.02677399 -0.06292790 0.01437826
v 0.07232621 -0.06820878 0.02053644
v 0.07112343 -0.07026658 0.02233538
v 0.07112343 -0.07026658 0.02233538
v 0.07508754 -0.06854735 0.02016516
v 0.02078444 -0.07675992 -0.01612345
v 0.07714471 -0.06967963 0.02060956
v 0.07662159 -0.06825314 0.01902517
v 0.06180093 -0.06630527 0.02143259
v 0.05951669 -0.06821545 0.02286095
v 0.06415675 -0.06349589 0.01529570
v 0.05703497 -0.06565034 0.02156804
v 0.03979090 -0.06422307 0.01835887
v 0.03979090 -0.06422307 0.01835887
v 0.03579020 -0.06088921 0.01423031
v 0.03555489 -0.06291340 0.01644469
v 0.04274724 -0.06010782 0.01329064
v -0.03624297 -0.11308449 -0.01100331
v 0.04333061 -0.06112197 0.01520785
v 0.04054854 -0.05909567 0.01144928
v 0.05772244 -0.06351729 0.01952632
v -0.06957217 -0.15491081 0.00824211
v -0.07016210 -0.15242111 0.00808200
v 0.04893403 -0.06056648 0.01513389
v 0.01893617 -0.07858502 -0.01635970
v 0.05492469 -0.06346715 0.01956714
v 0.06158982 -0.06300499 0.01629126
v 0.06158982 -0.06300499 0.01629126
v 0.04082852 -0.06235331 0.01653537
v 0.03433825 -0.06640864 0.01894575
v 0.03193748 -0.06577309 0.01785373
v 0.05991129 -0.06202438 0.01523614
v 0.05991129 -0.06202438 0.01523614
v 0.05728330 -0.06050200 0.00835943
v 0.05728330 -0.06050200 0.00835943
v 0.05568985 -0.06049347 0.01276873
v 0.05568985 -0.06049347 0.01276873
v 0.05566877 -0.06012741 0.01055055
v 0.05566877 -0.06012741 0.01055055
v -0.00739257 -0.06984872 0.01011412
v 0.05145153 -0.05906501 0.01094805
v 0.04948004 -0.05954914 0.01255952
v 0.05294147 -0.05996079 0.01285309
v 0.02579904 -0.08006068 -0.01400626
v 0.05490988 -0.06075877 0.01515023
v 0.05490988 -0.06075877 0.01515023
v 0.05490988 -0.06075877 0.01515023
v 0.05349594 -0.06173895 0.01730755
v 0.05060908 -0.06348012 0.01912913
v 0.04644007 -0.06211684 0.01686360
v 0.04644007 -0.06211684 0.01686360
v -0.00733358 -0.08825733 0.01313042
v 0.03111201 -0.06160399 0.01389525
v 0.01944608 -0.06331384 0.01265437
v 0.02646597 -0.06095452 0.01205433
v 0.03129144 -0.05964504 0.01097210
v 0.01310480 -0.06044950 0.00012713
v 0.01624684 -0.05985384 0.00284051
v 0.03648849 -0.05909246 0.01157641
v 0.05785247 -0.06152492 0.00276047
v 0.05695700 -0.06087989 0.00445977
v 0.05695700 -0.06087989 0.00445977
v 0.06148333 -0.06265775 0.00833181
v 0.06017892 -0.06201918 0.00572702
v 0.05573288 -0.06150468 0.00192056
v 0.06233710 -0.06415044 -0.00000325
v 0.03620481 -0.06112488 0.00022356
v 0.03690983 -0.06340734 -0.00643296
v 0.05041610 -0.06171526 0.01688147
v 0.05041610 -0.06171526 0.01688147
v 0.05860065 -0.06393642 -0.00153651
v 0.05860065 -0.06393642 -0.00153651
v 0.05627143 -0.06292256 -0.00062132
v 0.06068189 -0.06514314 -0.00259609
v 0.06068189 -0.06514314 -0.00259609
v 0.02276536 -0.08662029 0.01715567
v 0.05816103 -0.06227364 0.00108599
v 0.06298249 -0.06326189 0.00297503
v 0.01700349 -0.06016196 0.00059460
v 0.01820575 -0.06090260 -0.00194103
v 0.01820575 -0.06090260 -0.00194103
v 0.03962172 -0.06038243 0.01380884
v 0.01720995 -0.06563548 -0.01238323
v 0.06957439 -0.07841466 0.02648303
v 0.07772335 -0.07256308 0.02307451
v 0.07876728 -0.07138934 0.02161626
v 0.08037904 -0.07363188 0.02251546
v 0.07979731 -0.07607418 0.02383096
v 0.07673083 -0.07660207 0.02493310
v 0.07673083 -0.07660207 0.02493310
v 0.07341968 -0.07673462 0.02620837
v 0.06738640 -0.08016502 0.02577477
v 0.06542946 -0.08247072 0.02426783
v 0.07491025 -0.07478304 0.02588286
v 0.07491025 -0.07478304 0.02588286
v 0.06430968 -0.08033259 0.02590523
v 0.06600840 -0.07893975 0.02643371
v 0.02903912 -0.09264281 0.00751741
v 0.06222639 -0.08536516 0.02109025
v 0.06826849 -0.08403645 0.02120077
v 0.04274791 -0.08086286 0.02371316
v 0.03170029 -0.08954862 0.01514362
v 0.03170029 -0.08954862 0.01514362
v -0.01982336 -0.08888441 -0.02456850
v -0.02615760 -0.08644962 -0.02633210
v -0.02615760 -0.08644962 -0.02633210
v -0.02615760 -0.08644962 -0.02633210
v -0.01585703 -0.08858131 -0.02361908
v -0.01675078 -0.09075136 -0.02297803
v -0.01234927 -0.08737002 -0.02290363
v -0.01331296 -0.08453803 -0.02413173
v -0.01331296 -0.08453803 -0.02413173
v -0.01331296 -0.08453803 -0.02413173
v -0.01200834 -0.09051537 -0.02173065
v -0.01547508 -0.09119681 -0.02234358
v -0.01917339 -0.09236979 -0.02294792
v -0.01917339 -0.09236979 -0.02294792
v -0.05419796 -0.09220746 -0.02433694
v 0.01250820 -0.08635925 0.01649911
v 0.04897184 -0.08739917 0.01934190
v 0.01758122 -0.08634745 0.01686716
v 0.01758122 -0.08634745 0.01686716
v 0.01243826 -0.08898465 0.01424162
v 0.01243826 -0.08898465 0.01424162
v -0.00034803 -0.08721224 0.01464353
v -0.00034803 -0.08721224 0.01464353
v -0.00796290 -0.09049454 0.01155145
v 0.01416957 -0.09147566 0.01067396
v 0.01996470 -0.08968042 0.01368717
v 0.07961553 -0.08291884 0.01674626
v 0.02625944 -0.09217597 0.00986753
v 0.02271187 -0.09179818 0.01033680
v 0.02463129 -0.09291992 0.00721730
v 0.02768016 -0.09304458 -0.00274207
v -0.00949245 -0.09584359 0.00541258
v -0.01249792 -0.09854376 0.00185512
v -0.01249792 -0.09854376 0.00185512
v -0.00810479 -0.09897059 -0.00070948
v -0.00810479 -0.09897059 -0.00070948
v -0.00323359 -0.08809928 0.01365577
v -0.00286926 -0.08926718 0.01275404
v 0.04491655 -0.08894689 0.01616358
v 0.04294756 -0.08766665 0.01791461
v 0.03377344 -0.09280404 0.00793354
v 0.03677018 -0.09165090 0.01112062
v 0.04868279 -0.08961461 0.01517421
v -0.07211663 -0.15399815 -0.00238824
v -0.07211663 -0.15399815 -0.00238824
v -0.07211663 -0.15399815 -0.00238824
v 0.05342736 -0.08979752 0.01395162
v -0.07390420 -0.15340384 -0.00322006
v 0.06712177 -0.08766473 0.00465211
v 0.06712177 -0.08766473 0.00465211
v 0.06784014 -0.08795976 0.01179257
v 0.03771913 -0.08783253 0.01777873
v 0.04206883 -0.08535345 0.02110121
v 0.06744703 -0.08680222 0.01551539
v -0.05062469 -0.08167574 -0.01311434
v 0.00723687 -0.08928556 0.01386574
v 0.00723687 -0.08928556 0.01386574
v 0.00924346 -0.08771473 0.01553635
v 0.00770543 -0.09129930 0.01118137
v 0.05403921 -0.09085170 0.00978179
v 0.04300497 -0.09039993 0.01304002
v 0.04300497 -0.09039993 0.01304002
v 0.03256220 -0.08689170 0.01893488
v 0.04136513 -0.08902968 0.01560272
v -0.05478295 -0.08471737 -0.01470271
v 0.04915560 -0.08320259 0.02406893
v 0.04887511 -0.08479088 0.02263657
v 0.04312751 -0.08302978 0.02301958
v 0.05384501 -0.08485550 0.02263263
v -0.04958281 -0.08149058 -0.01500284
v 0.02417074 -0.08535019 0.01889927
v 0.02570608 -0.08848682 0.01556715
v 0.05614590 -0.08635776 0.02037709
v -0.04544041 -0.09128384 -0.02685312
v 0.05314152 -0.08841596 0.01721535
v 0.06219107 -0.08519120 -0.00034307
v -0.03495691 -0.07257865 0.00065154
v -0.05873813 -0.08412265 -0.00971750
v -0.05661696 -0.08236094 -0.00774330
v -0.05708768 -0.08288907 -0.00729288
v -0.04315089 -0.07534416 -0.00584971
v -0.04491468 -0.07626425 -0.00640696
v 0.08314747 -0.08067951 0.01667591
v -0.03098439 -0.06990610 -0.00143445
v -0.03105621 -0.06984157 -0.00354862
v -0.02580100 -0.06812038 -0.00207725
v -0.02831593 -0.06880463 -0.00284655
v 0.08485590 -0.07814991 0.01776768
v -0.02423170 -0.06773041 -0.00500675
v -0.05702903 -0.09697729 -0.02600213
v -0.02595655 -0.06855027 -0.00741010
v -0.05611087 -0.09810425 -0.02654858
v 0.08410700 -0.07363487 0.01796329
v 0.08412996 -0.07513820 0.02006172
v 0.08479549 -0.07463088 0.01671480
v 0.07801319 -0.08406647 0.01336609
v 0.08083530 -0.08253651 0.01525415
v 0.08324070 -0.07910316 0.02075765
v 0.08440226 -0.07793636 0.01943656
v 0.06963426 -0.08841348 0.00943282
v -0.03490783 -0.07193322 -0.00093010
v -0.03332215 -0.07096364 -0.00254532
v 0.06138434 -0.08995189 0.00949303
v 0.06252682 -0.08701246 0.00131922
v 0.06417118 -0.08990288 0.00634210
v 0.06654585 -0.08900988 0.00848272
v -0.02689332 -0.07390922 0.00591020
v 0.06041946 -0.09062163 0.00620602
v 0.04804110 -0.09111314 0.01124312
v 0.04804110 -0.09111314 0.01124312
v 0.05771718 -0.09096598 0.00536205
v 0.05234465 -0.09155018 0.00657127
v 0.05234465 -0.09155018 0.00657127
v 0.04803107 -0.09188651 0.00757334
v 0.04803107 -0.09188651 0.00757334
v -0.02316234 -0.07362042 0.00697549
v -0.02997146 -0.07099835 0.00255528
v -0.02843657 -0.07218887 0.00445098
v 0.05093969 -0.09135410 0.00248665
v 0.04513970 -0.08474090 -0.00650794
v -0.02064163 -0.07170900 0.00653657
v -0.03014636 -0.07397663 0.00514499
v 0.06498073 -0.08606779 0.00210680
v 0.06356852 -0.08777515 0.00296182
v 0.06356852 -0.08777515 0.00296182
v 0.03657118 -0.09315653 0.00533106
v -0.03260974 -0.08370515 0.00888161
v -0.03260974 -0.08370515 0.00888161
v -0.03260974 -0.08370515 0.00888161
v -0.02955704 -0.07575593 0.00631065
v -0.03589708 -0.08167748 0.00743511
v -0.04232184 -0.07829119 0.00385620
v -0.03841720 -0.07903454 0.00579537
v 0.05859643 -0.08551048 -0.00160709
v 0.05859643 -0.08551048 -0.00160709
v 0.04845272 -0.09062357 -0.00137048
v -0.04797547 -0.07887819 0.00078588
v -0.04677967 -0.07901818 0.00180973
v -0.05115773 -0.08197501 0.00029289
v -0.05118135 -0.08075415 -0.00094486
v -0.05484282 -0.08266214 -0.00341412
v -0.05216468 -0.08636189 0.00252882
v -0.05151940 -0.08065212 -0.00188641
v 0.05479686 -0.08413605 -0.00359837
v 0.05919930 -0.08276729 -0.00270442
v 0.05919930 -0.08276729 -0.00270442
v 0.03344800 -0.09310980 -0.00107127
v 0.05553268 -0.08103327 -0.00472529
v 0.05553268 -0.08103327 -0.00472529
v 0.05191609 -0.08684086 -0.00349704
v 0.05226034 -0.08906317 -0.00155470
v -0.03904932 -0.07612654 0.00366886
v 0.05523950 -0.08950667 0.00040104
v -0.04239965 -0.07497723 0.00101975
v -0.04382428 -0.07584842 -0.00167742
v 0.04596675 -0.06081475 0.01486589
v -0.04845191 -0.07724882 -0.00167377
v -0.04270006 -0.07499606 -0.00022423
v -0.04097789 -0.07439252 0.00000263
v -0.03430434 -0.07930429 0.00682841
v -0.03370995 -0.07593983 0.00511354
v -0.04421883 -0.07565672 0.00037841
v -0.04696195 -0.08775433 0.00539819
v -0.04983653 -0.09007183 0.00544278
v -0.05241926 -0.08929645 0.00416955
v 0.02226837 -0.07449211 -0.01554781
v 0.05997312 -0.08725965 0.00002108
v 0.05997312 -0.08725965 0.00002108
v -0.05047894 -0.07856812 -0.00347467
v -0.05538757 -0.08916263 0.00278180
v 0.05849468 -0.08873525 0.00085161
v -0.05688802 -0.08707100 -0.00073166
v -0.05473729 -0.08660976 0.00095632
v -0.05868356 -0.08982802 0.00044505
v -0.05696452 -0.08872778 0.00101975
v -0.06472573 -0.08998267 -0.00606835
v -0.06457225 -0.09086866 -0.00395367
v -0.06583595 -0.09185798 -0.00484716
v 0.06047941 -0.06341945 0.01787870
v 0.06016229 -0.06258568 0.01657522
v -0.06452089 -0.09344365 -0.00063885
v -0.06369074 -0.09117774 -0.00220382
v 0.02533864 -0.08582208 -0.01208893
v -0.05946200 -0.08749296 -0.00289284
v -0.04358604 -0.09120569 0.00733443
v -0.04358604 -0.09120569 0.00733443
v -0.05756822 -0.09201335 0.00337483
v -0.04699975 -0.09146173 0.00657563
v -0.06021275 -0.09211881 0.00156558
v -0.06034821 -0.09005683 -0.00020823
v -0.06078368 -0.09167942 0.00055293
v 0.01552760 -0.09562662 -0.00365899
v -0.05737351 -0.08505341 -0.00329608
v -0.05663879 -0.08352682 -0.00477187
v -0.03203453 -0.08790857 0.01006446
v -0.03203453 -0.08790857 0.01006446
v 0.03894901 -0.07335363 -0.01168937
v -0.03178516 -0.08592183 0.00976035
v -0.03178516 -0.08592183 0.00976035
v -0.02569899 -0.08976199 0.01134501
v -0.02593846 -0.09310860 0.01050411
v -0.01944551 -0.09201806 0.01093058
v -0.01944551 -0.09201806 0.01093058
v -0.02437744 -0.09050912 0.01121116
v -0.02093078 -0.08908650 0.01172910
v -0.02093078 -0.08908650 0.01172910
v -0.02239594 -0.08709560 0.01181768
v 0.03267528 -0.07388287 -0.01334610
v -0.01916707 -0.08600803 0.01235069
v -0.01916707 -0.08600803 0.01235069
v -0.01825107 -0.07479142 0.00966002
v -0.01825107 -0.07479142 0.00966002
v -0.01594804 -0.08942450 0.01202454
v -0.01706131 -0.07652394 0.01083349
v -0.02180146 -0.08462279 0.01179120
v -0.02180146 -0.08462279 0.01179120
v -0.04728550 -0.07750370 -0.00444394
v 0.05157460 -0.08057303 -0.00601748
v 0.05157460 -0.08057303 -0.00601748
v -0.04597607 -0.07678083 -0.00249597
v -0.04243731 -0.07514320 -0.00780207
v -0.04415721 -0.07572649 -0.00409562
v -0.04109545 -0.07424557 -0.00526949
v -0.04216205 -0.07510016 -0.00281648
v -0.04444017 -0.07632939 -0.00906331
v -0.04805602 -0.07979106 -0.01271253
v -0.05951848 -0.09106677 -0.01847645
v -0.05514596 -0.08557641 -0.01717499
v -0.05684366 -0.08342117 -0.00634457
v -0.05946798 -0.08447686 -0.00865823
v -0.05932973 -0.08368005 -0.00886233
v -0.05838256 -0.08470518 -0.00608896
v -0.05945556 -0.08638366 -0.00485143
v -0.06203026 -0.08808094 -0.00567912
v -0.05944317 -0.08687942 -0.00393538
v -0.06553779 -0.09042190 -0.00792235
v -0.06014946 -0.08761855 -0.00412666
v -0.06325541 -0.08778153 -0.00875653
v -0.06678958 -0.09229669 -0.00615278
v -0.06666528 -0.09233194 -0.00805503
v -0.06337272 -0.09249149 -0.01347095
v -0.06656665 -0.09422554 -0.01100029
v -0.08342297 -0.12529008 -0.00346974
v -0.08388589 -0.13797276 0.00264045
v -0.08388589 -0.13797276 0.00264045
v -0.08121749 -0.11740625 -0.00107004
v -0.08025790 -0.11476590 -0.00139885
v -0.07973725 -0.11551698 0.00097372
v -0.08074639 -0.11708298 0.00023715
v -0.08056268 -0.11783648 0.00181328
v -0.08453435 -0.13824026 -0.00080744
v -0.07734373 -0.11231464 0.00182776
v -0.07859086 -0.11428531 0.00187022
v -0.07574864 -0.11150724 0.00294194
v -0.08422778 -0.12798971 0.00237455
v -0.08228177 -0.12196165 0.00196037
v -0.08284507 -0.14043000 0.00222509
v -0.08284507 -0.14043000 0.00222509
v -0.08515375 -0.13340286 0.00291669
v 0.03453933 -0.07338224 -0.01293743
v -0.08492561 -0.13617057 0.00157411
v -0.08492561 -0.13617057 0.00157411
v -0.07899166 -0.11434979 0.00094442
v -0.08393196 -0.12840183 0.00348979
v -0.08353736 -0.12922423 0.00468973
v -0.08468898 -0.12888039 0.00109818
v -0.07935290 -0.14969998 0.00120503
v -0.07773460 -0.15378560 0.00281930
v -0.07839222 -0.15207982 0.00213867
v -0.07839222 -0.15207982 0.00213867
v -0.07839222 -0.15207982 0.00213867
v -0.07839222 -0.15207982 0.00213867
v -0.07868095 -0.15157554 0.00017029
v -0.07868095 -0.15157554 0.00017029
v -0.08094101 -0.14353245 0.00263473
v -0.08098349 -0.14598805 -0.00243088
v -0.08098349 -0.14598805 -0.00243088
v -0.08239556 -0.14327391 -0.00220174
v -0.08239556 -0.14327391 -0.00220174
v -0.07697406 -0.14489721 0.00531726
v -0.07697406 -0.14489721 0.00531726
v -0.07982322 -0.14305692 0.00395405
v -0.07982322 -0.14305692 0.00395405
v -0.07900061 -0.14612485 0.00358281
v -0.07900061 -0.14612485 0.00358281
v -0.07900061 -0.14612485 0.00358281
v -0.06625926 -0.16238191 0.00355785
v -0.08331754 -0.14135072 -0.00081649
v -0.08331754 -0.14135072 -0.00081649
v -0.08331754 -0.14135072 -0.00081649
v -0.07997317 -0.14830616 -0.00182266
v -0.07997317 -0.14830616 -0.00182266
v 0.04236720 -0.07867216 -0.00955128
v -0.08015138 -0.14830957 -0.00046355
v -0.08316915 -0.14020467 -0.00534931
v -0.08360691 -0.14057923 -0.00274527
v -0.08360691 -0.14057923 -0.00274527
v -0.07712539 -0.15297518 -0.00187492
v -0.07787819 -0.15128381 -0.00154397
v -0.07717793 -0.15277695 0.00398666
v -0.07717793 -0.15277695 0.00398666
v -0.07881956 -0.14901276 0.00279411
v -0.07881956 -0.14901276 0.00279411
v -0.07881956 -0.14901276 0.00279411
v -0.07534245 -0.14140987 0.00657450
v -0.06930344 -0.10104874 0.00002270
v -0.07455536 -0.10764842 0.00016983
v -0.07317499 -0.10655910 0.00073276
v -0.07120799 -0.10475562 0.00106115
v -0.07453997 -0.13853815 0.00761654
v -0.07950807 -0.11710361 0.00336539
v -0.07733609 -0.11398032 0.00358472
v -0.07705697 -0.10943874 -0.00169729
v -0.07868765 -0.11163593 -0.00280582
v -0.07699616 -0.11067146 0.00016638
v -0.07310369 -0.10486681 -0.00078490
v -0.07089443 -0.10111725 -0.00148638
v -0.07593618 -0.10881855 -0.00038716
v -0.07196882 -0.11126306 0.00551973
v 0.03812502 -0.08020875 -0.01053520
v -0.07348432 -0.10327470 -0.00292101
v -0.06218416 -0.09347790 0.00124863
v -0.07448731 -0.11226577 0.00488674
v -0.05981550 -0.09928353 0.00487890
v -0.06343697 -0.10362762 0.00541779
v 0.03046184 -0.09160162 0.01075738
v -0.04279286 -0.11400250 0.00032226
v -0.03753644 -0.11145555 -0.00018162
v -0.04368867 -0.11103780 0.00498101
v -0.03724457 -0.08865452 0.00833710
v 0.06520358 -0.07666051 -0.00278005
v -0.03220343 -0.10791079 0.00085166
v -0.03220343 -0.10791079 0.00085166
v -0.04026503 -0.07482319 0.00174274
v -0.03164794 -0.09598260 0.00964872
v -0.03206450 -0.09300798 0.01005763
v -0.05305257 -0.09324316 0.00550725
v 0.07292139 -0.07538883 0.02598486
v -0.01759176 -0.09569740 0.00816932
v -0.01759176 -0.09569740 0.00816932
v -0.03611543 -0.10889707 0.00243227
v -0.03611543 -0.10889707 0.00243227
v -0.03201763 -0.10603203 0.00358062
v -0.03333651 -0.10425095 0.00590110
v -0.04077254 -0.11137854 0.00269103
v -0.03821384 -0.10790190 0.00488565
v -0.03821384 -0.10790190 0.00488565
v -0.03810933 -0.10522357 0.00705069
v -0.03810933 -0.10522357 0.00705069
v -0.03810933 -0.10522357 0.00705069
v -0.04233997 -0.10782546 0.00689907
v -0.06708226 -0.09351681 -0.00383414
v -0.03152238 -0.10013437 0.00837347
v -0.03297612 -0.10966179 -0.00171187
v -0.03297612 -0.10966179 -0.00171187
v -0.05484210 -0.12443944 0.00544425
v 0.02950985 -0.06236608 -0.00495389
v -0.02723615 -0.09869038 0.00837797
v -0.02739404 -0.10270058 0.00498505
v -0.05995760 -0.09334525 0.00266785
v -0.05886893 -0.09564285 0.00421469
v -0.05847182 -0.09743955 0.00483412
v -0.05817577 -0.08686373 -0.00230412
v -0.05868397 -0.08651625 -0.00343130
v -0.06238668 -0.08983006 -0.00248456
v 0.04807804 -0.07445182 -0.00874580
v -0.06210802 -0.09116898 -0.00087833
v -0.05119578 -0.09742727 0.00693418
v -0.05119578 -0.09742727 0.00693418
v -0.06336151 -0.10494786 0.00615439
v -0.05704113 -0.10229212 0.00682105
v -0.05704113 -0.10229212 0.00682105
v -0.05704113 -0.10229212 0.00682105
v -0.05888267 -0.08849236 -0.00119416
v 0.03630938 -0.07388871 -0.01273966
v -0.05950385 -0.10181513 0.00598708
v -0.05950385 -0.10181513 0.00598708
v -0.05950385 -0.10181513 0.00598708
v -0.05584573 -0.09443251 0.00488720
v -0.05640464 -0.09808051 0.00571735
v -0.06043442 -0.10593129 0.00753397
v -0.06043442 -0.10593129 0.00753397
v 0.03968564 -0.06965484 -0.01152099
v -0.05545097 -0.09195021 0.00424918
v -0.05669511 -0.12611178 0.00687557
v 0.01045870 -0.07465854 -0.01916105
v -0.06682210 -0.11897784 0.01038687
v -0.06682210 -0.11897784 0.01038687
v 0.04896271 -0.08864155 -0.00314560
v -0.06447360 -0.11961760 0.01075625
v -0.07271598 -0.14216835 0.00722828
v -0.06332572 -0.09006187 -0.00341419
v -0.06167026 -0.10385977 0.00608941
v -0.04499450 -0.11677932 -0.00135708
v -0.07070938 -0.10982490 0.00534621
v -0.05720390 -0.12252768 0.00866063
v -0.04788189 -0.11345224 0.00574487
v -0.04561881 -0.11400442 0.00344967
v -0.04573018 -0.10722356 0.00830958
v -0.04998609 -0.11142620 0.00837265
v -0.04981716 -0.09378920 0.00639480
v -0.02992687 -0.09749953 0.00921826
v -0.02229448 -0.09902831 0.00660745
v -0.02543794 -0.08705534 0.01140153
v -0.02250542 -0.09631354 0.00858291
v 0.06690978 -0.06494644 0.01910918
v -0.02281519 -0.09449540 0.00990197
v -0.02595912 -0.09617662 0.00943911
v -0.03479069 -0.09673990 0.00945178
v -0.03487515 -0.09958092 0.00885832
v -0.03487515 -0.09958092 0.00885832
v -0.04224834 -0.10331009 0.00897192
v -0.04224834 -0.10331009 0.00897192
v -0.05593688 -0.10436571 0.00773228
v -0.05593688 -0.10436571 0.00773228
v 0.07111294 -0.06734502 0.00294682
v -0.05011668 -0.10904550 0.00867529
v -0.05322582 -0.10496620 0.00819369
v -0.05707922 -0.10802932 0.00879328
v -0.05707922 -0.10802932 0.00879328
v 0.07498456 -0.06696758 0.01484686
v 0.07340739 -0.06677792 0.01362747
v -0.02914174 -0.08895980 0.01087308
v -0.03295487 -0.09030949 0.00996404
v -0.03295487 -0.09030949 0.00996404
v -0.05086835 -0.10533500 0.00834532
v -0.05777409 -0.11239342 0.00957904
v -0.05777409 -0.11239342 0.00957904
v -0.05329362 -0.10881978 0.00910579
v -0.04989031 -0.10676626 0.00859166
v -0.05815268 -0.11576919 0.01014930
v -0.04786044 -0.10341700 0.00844995
v -0.04773597 -0.09928044 0.00820221
v -0.04773597 -0.09928044 0.00820221
v -0.03760399 -0.10293087 0.00842820
v -0.03760399 -0.10293087 0.00842820
v -0.04082712 -0.10481543 0.00833675
v -0.04082712 -0.10481543 0.00833675
v -0.04103960 -0.09997047 0.00936306
v -0.03906244 -0.10155553 0.00908790
v -0.06111980 -0.12162480 0.01097472
v -0.05444196 -0.11346240 0.00922876
v -0.05444196 -0.11346240 0.00922876
v -0.06665423 -0.13621114 0.00987147
v -0.05908472 -0.12725043 0.00847120
v -0.06773829 -0.14287674 0.00870970
v -0.06857214 -0.13909000 0.00907710
v -0.07206635 -0.13926948 0.00813087
v -0.06899963 -0.13464085 0.00985860
v -0.07401595 -0.13448182 0.00877434
v -0.02954006 -0.10134979 0.00711902
v 0.02449259 -0.06876603 -0.01398749
v -0.06681835 -0.12888406 0.01081673
v -0.07088063 -0.14307667 0.00786796
v -0.04475034 -0.10328091 0.00893460
v -0.04475034 -0.10328091 0.00893460
v -0.06351754 -0.12167213 0.01112747
v -0.07278642 -0.10128160 -0.00427414
v -0.07009871 -0.12685009 0.01029469
v -0.06637332 -0.12355024 0.01106145
v -0.07061879 -0.13127443 0.00986405
v -0.07113759 -0.12065779 0.00959668
v -0.04517049 -0.07794478 0.00220404
v -0.07482947 -0.12406057 0.00864811
v -0.03773402 -0.11414113 -0.01236658
v -0.07280816 -0.11334098 0.00643433
v -0.07239689 -0.14761426 -0.00701221
v 0.07148374 -0.08778748 0.00794763
v 0.07148374 -0.08778748 0.00794763
v -0.05994690 -0.11800386 0.01038467
v -0.07745098 -0.12544188 0.00772530
v -0.06906083 -0.12271867 0.01044134
v -0.06906083 -0.12271867 0.01044134
v -0.07987258 -0.12712533 0.00689814
v -0.08147678 -0.11935864 0.00065022
v -0.08023947 -0.12348657 0.00610239
v -0.07747235 -0.12320751 0.00753601
v -0.07160206 -0.12429972 0.00978344
v -0.07160206 -0.12429972 0.00978344
v -0.08140906 -0.13114644 0.00673051
v -0.08182510 -0.13431249 0.00619522
v -0.08238990 -0.12913561 0.00578654
v -0.07869914 -0.11274127 -0.00003663
v -0.08436987 -0.13589282 0.00381469
v -0.08205923 -0.13948798 0.00409977
v -0.08205923 -0.13948798 0.00409977
v -0.08205923 -0.13948798 0.00409977
v -0.08205923 -0.13948798 0.00409977
v -0.06850408 -0.11647999 0.00941382
v -0.07070164 -0.11448059 0.00794171
v -0.07192493 -0.11792798 0.00879076
v -0.07441599 -0.11580868 0.00685341
v -0.07408058 -0.11772089 0.00790120
v -0.07718626 -0.11937593 0.00699385
v -0.07482349 -0.11443006 0.00597004
v -0.07532351 -0.11432885 -0.01888994
v -0.07532351 -0.11432885 -0.01888994
v -0.08392083 -0.13253873 0.00525310
v -0.07388508 -0.14457074 0.00667791
v -0.07886022 -0.14099676 0.00547284
v -0.08058290 -0.11984261 0.00404038
v -0.07977600 -0.14629726 0.00248506
v -0.08283396 -0.13599333 0.00511461
v -0.08460149 -0.13090701 0.00341388
v -0.08092097 -0.13738196 0.00580057
v -0.08092097 -0.13738196 0.00580057
v 0.04976047 -0.08410379 -0.00540522
v 0.04785670 -0.08661699 -0.00476014
v -0.07653028 -0.16131983 0.00553434
v 0.04411687 -0.08740848 -0.00544520
v -0.07565984 -0.16958223 0.00877770
v -0.07565984 -0.16958223 0.00877770
v -0.07648160 -0.16785338 0.00638934
v -0.07648160 -0.16785338 0.00638934
v -0.07363126 -0.17546241 0.01054546
v -0.07362492 -0.17626128 0.00832780
v -0.07454289 -0.17269152 0.01048589
v -0.07454289 -0.17269152 0.01048589
v -0.07453741 -0.17385138 0.00913194
v -0.07417915 -0.17500847 0.00890423
v -0.07560694 -0.17190325 0.00757700
v -0.06647302 -0.15285167 0.00692486
v -0.06593896 -0.15583014 0.00639125
v -0.00561957 -0.09254416 -0.01823494
v -0.00561957 -0.09254416 -0.01823494
v -0.00561957 -0.09254416 -0.01823494
v 0.02386462 -0.09019703 -0.00948092
v -0.07721497 -0.15430114 -0.00025417
v -0.07698686 -0.15962393 -0.00098484
v -0.07698686 -0.15962393 -0.00098484
v -0.07698692 -0.16202936 0.00216827
v -0.07712245 -0.15929511 0.00037318
v -0.07712245 -0.15929511 0.00037318
v -0.07683884 -0.15662413 -0.00024633
v -0.07693129 -0.15747528 -0.00095800
v -0.07662258 -0.16286766 0.00446566
v -0.07662258 -0.16286766 0.00446566
v -0.07690150 -0.15532075 -0.00143723
v -0.07635996 -0.15911616 0.00553646
v -0.07681215 -0.15765673 0.00414630
v -0.07681215 -0.15765673 0.00414630
v -0.07686380 -0.16013202 0.00374679
v -0.07686380 -0.16013202 0.00374679
v 0.04589371 -0.08375993 0.02297354
v -0.07669920 -0.16709336 0.00409095
v -0.07638981 -0.16327302 0.00627948
v -0.07662463 -0.16607342 0.00045641
v -0.07696143 -0.16564869 0.00165616
v -0.07696143 -0.16564869 0.00165616
v -0.07655031 -0.16990281 0.00262245
v -0.08051657 -0.14629770 0.00124599
v 0.00734520 -0.09624338 -0.00774143
v -0.06643097 -0.14453352 -0.00801918
v -0.07012794 -0.14673829 -0.00772214
v -0.01643231 -0.10294092 -0.00935383
v -0.06771145 -0.14689309 -0.00645714
v -0.06771145 -0.14689309 -0.00645714
v -0.07684971 -0.15353429 -0.00265516
v -0.00200235 -0.09230641 -0.01671078
v -0.00200235 -0.09230641 -0.01671078
v -0.08082541 -0.13262650 -0.01235146
v -0.08082541 -0.13262650 -0.01235146
v -0.07045711 -0.13712924 -0.01591845
v -0.07879403 -0.14130196 -0.01063405
v -0.07879403 -0.14130196 -0.01063405
v -0.07734478 -0.14278017 -0.01060379
v -0.07734478 -0.14278017 -0.01060379
v -0.07734478 -0.14278017 -0.01060379
v -0.07571331 -0.14456126 -0.00952910
v -0.07571331 -0.14456126 -0.00952910
v -0.08189256 -0.13485827 -0.01026979
v 0.00049496 -0.08932749 -0.01744689
v -0.07514691 -0.11153816 -0.01785956
v -0.07084793 -0.14482915 -0.00989397
v -0.07084793 -0.14482915 -0.00989397
v -0.06827728 -0.14355313 -0.01014682
v -0.06827728 -0.14355313 -0.01014682
v -0.06827728 -0.14355313 -0.01014682
v -0.07873759 -0.14747845 -0.00514337
v -0.08192766 -0.14057149 -0.00752844
v -0.08330565 -0.13553684 -0.00761299
v -0.08060411 -0.12934130 -0.01291537
v -0.07892927 -0.13140508 -0.01485770
v -0.07311197 -0.14020269 -0.01404436
v -0.07514882 -0.13891702 -0.01448859
v -0.08124421 -0.13847692 -0.00987592
v -0.07899763 -0.13535208 -0.01383614
v -0.07899763 -0.13535208 -0.01383614
v -0.08125925 -0.14293491 -0.00651340
v 0.01189894 -0.09517558 -0.00786627
v -0.08214463 -0.14324421 -0.00401540
v -0.08214463 -0.14324421 -0.00401540
v -0.08258472 -0.13664858 -0.00867347
v -0.04563595 -0.11824973 -0.01425366
v -0.08260315 -0.13383424 -0.00930216
v -0.07914729 -0.11340888 -0.00935340
v -0.07973655 -0.11602315 -0.01131416
v -0.07952847 -0.11346237 -0.00686189
v 0.03848294 -0.09272037 0.00744456
v -0.07527305 -0.14181085 -0.01220286
v -0.08048494 -0.12144842 -0.01297084
v -0.07837766 -0.11351560 -0.01323463
v -0.07981599 -0.12203680 -0.01443896
v -0.07935452 -0.12818819 -0.01473339
v -0.08044133 -0.12576694 -0.01326739
v -0.08044133 -0.12576694 -0.01326739
v -0.08044133 -0.12576694 -0.01326739
v -0.04112909 -0.11565445 -0.00740115
v -0.07849149 -0.11265561 -0.01144172
v -0.07848860 -0.11509684 -0.01457686
v -0.07744454 -0.11029626 -0.01130111
v -0.07985263 -0.11806234 -0.01302364
v 0.03031293 -0.09315704 -0.00086473
v -0.07660553 -0.11189698 -0.01579371
v -0.07742360 -0.11125666 -0.01353818
v -0.07916375 -0.11947623 -0.01548368
v -0.07635622 -0.10878412 -0.01277836
v 0.01392488 -0.08816054 -0.01421315
v -0.07531957 -0.10742206 -0.01403920
v -0.07550830 -0.10672625 -0.01205598
v -0.07684576 -0.10837037 -0.01024758
v -0.07838626 -0.11115580 -0.00799667
v -0.07725062 -0.10920577 -0.00380814
v -0.01591577 -0.06572005 -0.00135361
v -0.01824194 -0.06652355 -0.00232859
v -0.07760937 -0.10943055 -0.00528981
v -0.07863821 -0.11132758 -0.00561606
v 0.03067305 -0.09156522 -0.00498759
v -0.07580348 -0.10659137 -0.01023895
v 0.03354849 -0.09339168 0.00035019
v -0.07058654 -0.09864350 -0.00832745
v -0.07120612 -0.09921407 -0.00619130
v -0.07120612 -0.09921407 -0.00619130
v -0.07470719 -0.10483209 -0.01033809
v -0.06991634 -0.09724223 -0.00530571
v -0.06847645 -0.09480707 -0.00514997
v -0.07283787 -0.10315429 -0.01256644
v -0.07283787 -0.10315429 -0.01256644
v -0.07116016 -0.09887405 -0.00494081
v -0.06826790 -0.09467220 -0.00712854
v -0.07257647 -0.10083744 -0.00535358
v -0.07275703 -0.10102504 -0.00653265
v -0.07275703 -0.10102504 -0.00653265
v -0.07186232 -0.09997149 -0.00471941
v -0.07186232 -0.09997149 -0.00471941
v -0.06811394 -0.09532960 -0.00900503
v -0.05901355 -0.13087361 0.00639130
v -0.00639307 -0.09577692 -0.01620511
v -0.06883185 -0.09742037 -0.01033318
v -0.00397290 -0.09656591 -0.01394159
v -0.06917513 -0.09982277 -0.01499168
v -0.06777803 -0.09836775 -0.01484878
v 0.01907386 -0.09513658 -0.00109432
v -0.05310892 -0.09554814 -0.02696744
v -0.05279055 -0.09757206 -0.02697329
v -0.07182196 -0.10023516 -0.00790485
v -0.06813185 -0.09763438 -0.01211672
v -0.06943602 -0.09903876 -0.01268874
v -0.06911275 -0.10118451 -0.01672732
v -0.07280416 -0.10235447 -0.01064346
v -0.07280416 -0.10235447 -0.01064346
v 0.01280747 -0.09617259 -0.00150298
v -0.07032245 -0.10152846 -0.01468009
v 0.00921389 -0.09604864 0.00067713
v -0.00828853 -0.10058804 -0.00761475
v -0.00833985 -0.10052229 -0.00951157
v 0.01768689 -0.09527093 0.00185486
v -0.01035653 -0.10139935 -0.00866594
v -0.06617918 -0.09525236 -0.01274896
v -0.06524859 -0.09457537 -0.01343622
v 0.00610238 -0.09473591 -0.01081599
v 0.00992992 -0.09463844 0.00390082
v -0.01569112 -0.10110153 -0.00095335
v -0.01569112 -0.10110153 -0.00095335
v -0.02402584 -0.10526364 -0.00330113
v 0.04807051 -0.09202807 0.00266472
v -0.01542526 -0.10228538 -0.00567341
v -0.02905543 -0.10868599 -0.00653405
v -0.02905543 -0.10868599 -0.00653405
v -0.02905543 -0.10868599 -0.00653405
v -0.03060597 -0.10879380 -0.00268288
v -0.07278106 -0.13006751 0.00933774
v -0.04725854 -0.11927341 -0.00269119
v -0.02602308 -0.10636684 -0.00331598
v -0.04202410 -0.11578044 -0.00587232
v -0.04425208 -0.11726203 -0.00439998
v 0.04825864 -0.09178164 0.00088270
v -0.07523987 -0.10488109 -0.00718323
v -0.00400082 -0.09743054 0.00170512
v -0.07634544 -0.13072238 0.00845550
v -0.07634544 -0.13072238 0.00845550
v 0.04447166 -0.09268331 0.00138437
v -0.06303511 -0.14440319 -0.00396816
v -0.06420562 -0.14622485 -0.00342591
v -0.07925872 -0.14331266 -0.00856218
v -0.07925872 -0.14331266 -0.00856218
v -0.07722285 -0.13981803 -0.01288254
v -0.07801774 -0.13783375 -0.01345992
v -0.07758471 -0.14575927 -0.00754287
v -0.01375931 -0.10223030 -0.00811922
v -0.01870491 -0.10322312 -0.00883562
v -0.05943112 -0.13654393 -0.00917759
v -0.07795182 -0.10982999 -0.00655167
v -0.03977406 -0.08993165 -0.02714618
v -0.05397126 -0.12621650 -0.01556154
v -0.05479226 -0.12921546 -0.01342308
v -0.05282704 -0.12729199 -0.01274935
v -0.06612995 -0.14037553 -0.01174996
v -0.06612995 -0.14037553 -0.01174996
v -0.05744588 -0.13281959 -0.01201785
v -0.05744588 -0.13281959 -0.01201785
v -0.05723826 -0.13441475 -0.00888407
v -0.05919615 -0.13178084 -0.01472507
v -0.05919615 -0.13178084 -0.01472507
v -0.06040539 -0.13425523 -0.01340384
v -0.05050798 -0.12157524 -0.01527206
v -0.05216264 -0.12430659 -0.01473499
v -0.04348482 -0.11757744 -0.00768817
v -0.04109755 -0.11475845 -0.00294141
v 0.02238871 -0.09434535 0.00319914
v -0.02054261 -0.10390370 -0.00380527
v -0.02054261 -0.10390370 -0.00380527
v -0.02003685 -0.10371822 -0.00562418
v 0.02725515 -0.09355123 0.00165478
v 0.02477731 -0.09385221 -0.00098886
v 0.04253674 -0.09210028 0.00908788
v -0.07134658 -0.16328935 0.00035691
v -0.02730250 -0.10780988 -0.00957224
v -0.02730250 -0.10780988 -0.00957224
v -0.02086107 -0.10383530 -0.00739896
v -0.03279897 -0.11087777 -0.00671499
v -0.02884665 -0.10720579 -0.01540429
v -0.02884665 -0.10720579 -0.01540429
v -0.03117975 -0.11038964 -0.00913617
v -0.02131960 -0.10423167 -0.00931778
v -0.03516875 -0.11217988 -0.00587551
v -0.00353225 -0.09908906 -0.00570140
v -0.00015638 -0.09829448 -0.00420123
v -0.00015638 -0.09829448 -0.00420123
v -0.03226400 -0.11015963 -0.01398745
v -0.06418416 -0.13011198 -0.01808961
v -0.06418416 -0.13011198 -0.01808961
v -0.06276954 -0.12582034 -0.02008003
v -0.06276954 -0.12582034 -0.02008003
v -0.06088333 -0.12731745 -0.01867659
v -0.06085959 -0.12943713 -0.01742759
v -0.06089975 -0.13126983 -0.01604030
v -0.06089975 -0.13126983 -0.01604030
v -0.04949976 -0.12141077 -0.01327890
v -0.05780763 -0.11867642 0.00981896
v -0.02494075 -0.10568733 -0.00492075
v -0.02494075 -0.10568733 -0.00492075
v -0.07171571 -0.10314076 -0.01508545
v -0.07171571 -0.10314076 -0.01508545
v -0.07330755 -0.10230128 -0.00812312
v -0.07330755 -0.10230128 -0.00812312
v -0.04206472 -0.10406365 -0.02363721
v -0.04304032 -0.10774773 -0.02223263
v -0.07648812 -0.15631557 0.00498672
v -0.03851079 -0.10454402 -0.02212012
v 0.04885729 -0.09193161 0.00442937
v 0.04243462 -0.09298897 0.00464934
v -0.05442139 -0.13034501 -0.01133034
v -0.05490596 -0.10330154 -0.02615180
v -0.05572487 -0.10576185 -0.02578529
v -0.05366341 -0.11713810 -0.02126955
v -0.05344226 -0.10056514 -0.02666248
v -0.05344226 -0.10056514 -0.02666248
v 0.02183521 -0.09443437 -0.00251678
v 0.03982350 -0.09328035 0.00078073
v -0.04314477 -0.11744109 -0.01369937
v -0.03809522 -0.10142469 -0.02353740
v -0.05611443 -0.10159009 -0.02620161
v -0.05611443 -0.10159009 -0.02620161
v -0.04338165 -0.10082215 -0.02517519
v -0.04762851 -0.10568177 -0.02450435
v -0.03707691 -0.10923351 -0.01854223
v 0.03037023 -0.09240861 -0.00326680
v -0.04338953 -0.11355048 -0.01863571
v -0.04669448 -0.11270597 -0.02064537
v -0.03888864 -0.10748169 -0.02055967
v -0.03854102 -0.11278611 -0.01655839
v -0.05548282 -0.13241702 -0.00973214
v -0.05548282 -0.13241702 -0.00973214
v -0.02296356 -0.09831014 -0.02085944
v -0.02263743 -0.09598598 -0.02226796
v -0.03168239 -0.09631235 -0.02435862
v -0.03381595 -0.09303410 -0.02595862
v -0.03542858 -0.09582608 -0.02537802
v -0.02842915 -0.09865624 -0.02263166
v -0.02842915 -0.09865624 -0.02263166
v -0.04533181 -0.11869736 -0.01228379
v -0.03357330 -0.10190634 -0.02186576
v -0.02330142 -0.09082813 -0.02458985
v -0.01802228 -0.10210483 -0.00205599
v -0.01802228 -0.10210483 -0.00205599
v -0.02035395 -0.10190834 0.00026420
v 0.01005138 -0.09230883 0.00869189
v 0.01001030 -0.09309327 0.00643968
v -0.02559580 -0.09471270 -0.02362556
v -0.02559580 -0.09471270 -0.02362556
v -0.02559580 -0.09471270 -0.02362556
v -0.04750983 -0.10265049 -0.02555108
v 0.00981169 -0.08898256 -0.01469972
v 0.01111960 -0.09021112 -0.01354710
v -0.00910815 -0.09853083 -0.01482955
v 0.02756067 -0.09331560 0.00446750
v -0.01535564 -0.09849408 -0.01762934
v -0.03856964 -0.09540530 -0.02599320
v -0.03755232 -0.09828786 -0.02478146
v -0.01847861 -0.09590818 -0.02080781
v -0.03393243 -0.09931981 -0.02341521
v -0.02829952 -0.09252462 -0.02514661
v -0.02829952 -0.09252462 -0.02514661
v -0.06066472 -0.14040387 -0.00305045
v 0.04583359 -0.09255008 0.00328466
v -0.01141479 -0.09746905 -0.01703221
v 0.03237304 -0.09323345 0.00502870
v -0.04291134 -0.09505243 -0.02674733
v -0.04291134 -0.09505243 -0.02674733
v 0.03601770 -0.09341030 0.00242372
v -0.04563971 -0.09769457 -0.02648918
v -0.04563971 -0.09769457 -0.02648918
v -0.04758704 -0.10056273 -0.02619483
v -0.05766950 -0.09968761 -0.02598845
v -0.05766950 -0.09968761 -0.02598845
v -0.05943612 -0.09885983 -0.02518915
v 0.04655183 -0.08976327 -0.00307402
v -0.05772319 -0.10458955 -0.02591374
v -0.06092528 -0.10168099 -0.02510796
v -0.06092528 -0.10168099 -0.02510796
v -0.06208330 -0.09954329 -0.02398216
v -0.06161590 -0.11148255 0.00924694
v -0.06161590 -0.11148255 0.00924694
v 0.00846750 -0.09462024 -0.01014592
v 0.00846750 -0.09462024 -0.01014592
v -0.04988677 -0.09854742 -0.02683736
v -0.04988677 -0.09854742 -0.02683736
v -0.01987802 -0.10285395 -0.00227793
v -0.01987802 -0.10285395 -0.00227793
v -0.06150505 -0.09556761 -0.02134017
v 0.00247875 -0.09752917 -0.00614972
v 0.00247875 -0.09752917 -0.00614972
v 0.00247875 -0.09752917 -0.00614972
v -0.05729298 -0.09274731 -0.02275001
v -0.06209550 -0.09726424 -0.02273651
v -0.07477069 -0.15765043 -0.00193688
v -0.07477069 -0.15765043 -0.00193688
v -0.05948664 -0.09496444 -0.02298453
v -0.06440806 -0.09517900 -0.01575505
v -0.06654249 -0.09930982 -0.01957237
v 0.02786904 -0.09238577 -0.00431263
v 0.03725404 -0.09010987 -0.00545600
v -0.06471308 -0.09693004 -0.01911618
v 0.04636803 -0.08847545 -0.00418188
v 0.02764383 -0.09072041 -0.00728809
v -0.07031803 -0.10347679 -0.01713639
v 0.01283630 -0.09383746 -0.00973267
v -0.06459795 -0.09863488 -0.02140374
v -0.06323570 -0.10219418 -0.02396329
v -0.06510600 -0.10401192 -0.02304128
v -0.06510600 -0.10401192 -0.02304128
v -0.06437280 -0.10159958 -0.02300018
v -0.06562588 -0.10166460 -0.02200566
v -0.06473316 -0.09624279 -0.01733895
v 0.01413604 -0.09033038 -0.01261896
v 0.01413604 -0.09033038 -0.01261896
v -0.06580909 -0.10330348 -0.02231388
v -0.06869667 -0.10230408 -0.01876312
v -0.07839599 -0.11679034 -0.01604317
v -0.06581183 -0.14775496 -0.00395864
v -0.07781631 -0.10993004 -0.00944774
v 0.02583514 -0.09219202 -0.00604475
v -0.07273231 -0.11078867 -0.01964880
v -0.07273231 -0.11078867 -0.01964880
v -0.06327144 -0.09425953 -0.01758300
v -0.06644366 -0.15014818 -0.00206858
v 0.02113995 -0.09355528 -0.00647995
v 0.01103750 -0.08622088 -0.01592489
v -0.06928197 -0.10689719 -0.02073067
v -0.06928197 -0.10689719 -0.02073067
v 0.00547961 -0.09683386 -0.00439101
v -0.06976802 -0.11488486 -0.02243764
v -0.05194319 -0.12674309 -0.01017130
v 0.00814726 -0.09665705 -0.00243550
v -0.06740135 -0.10188894 -0.02012377
v -0.07035243 -0.11085834 -0.02150056
v -0.06276793 -0.11125609 -0.02454832
v -0.05882141 -0.10804454 -0.02532641
v -0.04966433 -0.11698353 -0.01907468
v -0.05067932 -0.11547061 -0.02064451
v 0.00405647 -0.09550770 -0.01033337
v 0.00405647 -0.09550770 -0.01033337
v 0.00405647 -0.09550770 -0.01033337
v -0.04826329 -0.10988986 -0.02284561
v -0.02165025 -0.10332719 -0.01469440
v -0.06538493 -0.11082620 -0.02396977
v -0.06538493 -0.11082620 -0.02396977
v -0.06339397 -0.11511052 -0.02376025
v 0.00370374 -0.09686812 -0.00807425
v 0.00370374 -0.09686812 -0.00807425
v 0.00541644 -0.09685158 -0.00626631
v -0.06848791 -0.10382012 -0.02008618
v -0.06999820 -0.10498586 -0.01891101
v -0.06677077 -0.10515145 -0.02212844
v -0.06677077 -0.10515145 -0.02212844
v -0.06701029 -0.10336968 -0.02115602
v -0.06685672 -0.17911694 0.00913603
v -0.06685672 -0.17911694 0.00913603
v -0.00544877 -0.09993550 -0.00771525
v -0.07628924 -0.10701361 -0.00826244
v -0.00145002 -0.09459221 -0.01452519
v -0.06307643 -0.09348718 -0.01609009
v -0.07344656 -0.10902299 -0.01788067
v -0.07158753 -0.10734816 -0.01878565
v -0.07158753 -0.10734816 -0.01878565
v -0.07158753 -0.10734816 -0.01878565
v -0.04056139 -0.11244325 -0.01806977
v -0.04095248 -0.11569237 -0.01508836
v 0.00683159 -0.08849484 -0.01562926
v 0.00683159 -0.08849484 -0.01562926
v -0.03560553 -0.11252267 -0.00850119
v -0.07756331 -0.11285290 -0.01441922
v -0.05951169 -0.09694449 -0.02441948
v -0.07330504 -0.11433820 -0.02052163
v -0.06746001 -0.17336088 0.00552070
v -0.07766756 -0.11799743 -0.01752100
v -0.07766756 -0.11799743 -0.01752100
v -0.07559185 -0.11782773 -0.01962622
v 0.00372726 -0.08769102 -0.01698009
v -0.07702851 -0.11436273 -0.01704556
v -0.07828756 -0.11146598 -0.00985378
v -0.03090935 -0.10992375 -0.01162801
v -0.03369981 -0.11145954 -0.01117496
v -0.00283483 -0.08921517 -0.01897497
v -0.08100325 -0.12033048 -0.01079187
v -0.00083474 -0.09624263 -0.01222221
v -0.07726914 -0.13095016 -0.01657461
v -0.06447705 -0.14460934 -0.00630398
v -0.07067107 -0.14176788 -0.01259289
v -0.06809075 -0.13925000 -0.01378183
v -0.05830761 -0.12923457 -0.01631043
v -0.07156514 -0.10208261 -0.01351684
v -0.07118600 -0.10023096 -0.01000404
v -0.07164677 -0.14614365 -0.00867345
v -0.05482944 -0.12091550 -0.01956254
v -0.05537777 -0.12454931 -0.01788229
v -0.07795405 -0.12609538 -0.01668959
v -0.07795405 -0.12609538 -0.01668959
v 0.00215894 -0.09439623 -0.01282123
v -0.07334470 -0.13038055 -0.01886432
v -0.06182194 -0.08679887 -0.01043773
v -0.07036141 -0.13188727 -0.01868080
v -0.06784297 -0.13321217 -0.01767443
v -0.07526553 -0.12984354 -0.01819236
v -0.06768985 -0.11324368 -0.02312496
v -0.06832061 -0.11166570 -0.02283142
v -0.07308481 -0.11772157 -0.02128026
v -0.07112785 -0.11408203 -0.02175828
v 0.00591972 -0.09354714 -0.01213533
v 0.00591972 -0.09354714 -0.01213533
v -0.06069799 -0.11577670 -0.02356203
v -0.07209670 -0.12004502 -0.02173650
v -0.00994490 -0.09422803 -0.01891853
v -0.00994490 -0.09422803 -0.01891853
v -0.07399294 -0.12087286 -0.02085179
v -0.06709919 -0.11521198 -0.02323904
v -0.06709919 -0.11521198 -0.02323904
v -0.00723580 -0.09006533 -0.02013803
v -0.00723580 -0.09006533 -0.02013803
v -0.00588378 -0.09859808 -0.01257019
v -0.03647828 -0.11225337 -0.00340027
v -0.00635550 -0.09744903 -0.01424606
v 0.01543855 -0.08532667 -0.01547917
v 0.01337533 -0.08367880 -0.01654053
v 0.04956311 -0.06166176 -0.00003203
v 0.04766200 -0.06255876 -0.00227477
v 0.01709139 -0.08896359 -0.01262027
v 0.01709139 -0.08896359 -0.01262027
v -0.02527991 -0.10542249 -0.00162813
v -0.02595736 -0.10415181 0.00130458
v 0.05487762 -0.09108708 0.00408686
v 0.05487762 -0.09108708 0.00408686
v -0.00542720 -0.09552593 0.00467668
v -0.00450895 -0.09138095 0.01087686
v -0.01449699 -0.10002729 -0.01588906
v 0.00781628 -0.09101377 -0.01376252
v 0.00282841 -0.09155983 -0.01499807
v 0.00282841 -0.09155983 -0.01499807
v 0.00282841 -0.09155983 -0.01499807
v 0.05803506 -0.07898896 -0.00461054
v 0.05803506 -0.07898896 -0.00461054
v 0.05803506 -0.07898896 -0.00461054
v -0.06921750 -0.11910102 -0.02256343
v 0.05423314 -0.07790124 -0.00631407
v 0.01065196 -0.08374158 -0.01696847
v 0.00908003 -0.08255681 -0.01753210
v 0.00908003 -0.08255681 -0.01753210
v -0.06662360 -0.17735734 0.01248756
v -0.06837971 -0.17719816 0.01335868
v -0.06837971 -0.17719816 0.01335868
v -0.06704818 -0.17859455 0.01120302
v 0.06664915 -0.08938399 0.00675503
v 0.06653972 -0.08934508 0.00559446
v 0.06430608 -0.08924837 0.00430600
v 0.06195905 -0.09021181 0.00466818
v 0.04074302 -0.08285687 -0.00884945
v 0.04634352 -0.08097212 -0.00751377
v 0.01104449 -0.09232832 -0.01184150
v 0.01104449 -0.09232832 -0.01184150
v 0.05729629 -0.09011795 0.00228349
v 0.05729629 -0.09011795 0.00228349
v -0.07046142 -0.11753320 -0.02237246
v 0.07549886 -0.08582411 0.01097761
v 0.01614515 -0.09333508 0.00732443
v -0.07251742 -0.10513547 -0.01564319
v -0.07251742 -0.10513547 -0.01564319
v 0.01404247 -0.09492134 0.00336858
v 0.01270484 -0.09348969 0.00562345
v -0.07587230 -0.17197104 0.00545232
v -0.07527666 -0.17319998 0.00419776
v -0.00540783 -0.08784204 0.01357112
v -0.07472140 -0.17387415 0.00704307
v 0.02425775 -0.09348714 -0.00392254
v -0.07909519 -0.14965102 -0.00132621
v -0.07909519 -0.14965102 -0.00132621
v -0.01921071 -0.09420777 0.00965923
v 0.00442663 -0.08523461 -0.01787360
v 0.01082573 -0.07681343 -0.01892167
v 0.01082573 -0.07681343 -0.01892167
v 0.02618946 -0.09058637 0.01275521
v 0.07542311 -0.07040213 0.02177568
v 0.04469540 -0.06428288 0.01915204
v 0.04469540 -0.06428288 0.01915204
v -0.02540124 -0.07663831 0.00790840
v -0.02540124 -0.07663831 0.00790840
v -0.02540124 -0.07663831 0.00790840
v 0.05463250 -0.09056589 0.00180466
v 0.03128805 -0.06392687 0.01637469
v 0.03618976 -0.08842453 -0.00722815
v 0.01087983 -0.07904745 -0.01847606
v 0.01087983 -0.07904745 -0.01847606
v 0.00907279 -0.08077097 -0.01823455
v 0.06313933 -0.06333432 0.01684910
v 0.00727549 -0.08527301 -0.01717065
v 0.00727549 -0.08527301 -0.01717065
v 0.00727549 -0.08527301 -0.01717065
v -0.00543699 -0.08638654 0.01355632
v 0.00560901 -0.08283690 -0.01832106
v 0.00560901 -0.08283690 -0.01832106
v 0.06220363 -0.06314634 0.01011591
v 0.05945783 -0.06190516 0.01170408
v 0.03115810 -0.09333855 0.00202169
v 0.03597574 -0.06522872 0.01854300
v 0.03597574 -0.06522872 0.01854300
v 0.05972817 -0.06205286 0.00314640
v 0.05972817 -0.06205286 0.00314640
v 0.05354042 -0.06012899 0.00381896
v 0.02949853 -0.06016570 0.01153379
v 0.04431907 -0.06062778 0.01428872
v 0.04520320 -0.06035149 0.01341102
v -0.08395346 -0.13931242 0.00099454
v 0.05732856 -0.06073920 0.00641153
v 0.05732856 -0.06073920 0.00641153
v 0.05417270 -0.06447744 -0.00354868
v -0.00454817 -0.08699805 -0.02054073
v 0.05284222 -0.06517939 0.02109859
v -0.02923902 -0.08971958 -0.02619257
v -0.02923902 -0.08971958 -0.02619257
v -0.03312920 -0.08911614 -0.02672868
v -0.03312920 -0.08911614 -0.02672868
v -0.06414546 -0.09381063 -0.01434204
v -0.06501371 -0.09356005 -0.01278918
v -0.05994412 -0.09311382 -0.02057610
v -0.05708522 -0.09480219 -0.02466768
v -0.04393837 -0.08906805 -0.02666446
v -0.04461242 -0.08732042 -0.02544219
v -0.04816193 -0.07927620 -0.01036324
v -0.01457558 -0.09344389 -0.02092774
v -0.01457558 -0.09344389 -0.02092774
v -0.03487493 -0.08665446 0.00888469
v -0.07729060 -0.10905135 -0.00810767
v -0.07304923 -0.14450216 -0.01023664
v -0.07304923 -0.14450216 -0.01023664
v -0.06486730 -0.14850624 -0.00149775
v -0.06312679 -0.14559114 -0.00174533
v -0.07071798 -0.12243585 -0.02183434
v -0.07071798 -0.12243585 -0.02183434
v 0.06719812 -0.06556343 0.01524539
v -0.06943830 -0.12506446 -0.02119888
v -0.06612863 -0.12473447 -0.02100921
v -0.04190831 -0.07485908 -0.00120135
v -0.01070756 -0.10123590 -0.00627972
v -0.03328480 -0.07219045 0.00185586
v -0.03390753 -0.07223708 0.00091955
v -0.03216609 -0.08077967 0.00813733
v -0.03216609 -0.08077967 0.00813733
v -0.03371330 -0.07153902 0.00039550
v -0.05288295 -0.12889812 -0.01032413
v -0.03177937 -0.07298546 0.00395088
v -0.04646642 -0.11620554 -0.01779798
v -0.05841020 -0.09079344 0.00204606
v -0.06561486 -0.09549435 -0.01423523
v -0.05117427 -0.07944570 -0.00477760
v -0.04956437 -0.07886161 -0.00528737
v -0.02178675 -0.10124437 0.00384351
v -0.01903728 -0.09932234 0.00505791
v -0.05783743 -0.08867720 -0.00019802
v -0.06603102 -0.14702071 0.00714099
v -0.06603102 -0.14702071 0.00714099
v -0.06824028 -0.15139388 0.00772504
v -0.05604527 -0.08237132 -0.00640036
v -0.05586620 -0.08262371 -0.00521775
v -0.06678473 -0.16830708 0.00464772
v -0.06616755 -0.16941572 0.00560023
v -0.06697397 -0.09339578 -0.00910677
v -0.06791341 -0.14982912 -0.00380485
v -0.07784366 -0.15462658 0.00165593
v -0.07784366 -0.15462658 0.00165593
v -0.07649007 -0.16755750 0.00090649
v -0.07649007 -0.16755750 0.00090649
v -0.08042637 -0.14562628 -0.00461810
v -0.08042637 -0.14562628 -0.00461810
v -0.08042637 -0.14562628 -0.00461810
v -0.07725898 -0.15693782 0.00096874
v -0.07725898 -0.15693782 0.00096874
v -0.07938734 -0.14854705 -0.00297474
v -0.07692277 -0.11611124 0.00544814
v -0.06303104 -0.13172599 -0.01667000
v -0.06303104 -0.13172599 -0.01667000
v -0.06303104 -0.13172599 -0.01667000
v -0.05500560 -0.13125951 -0.00357084
v -0.07020955 -0.16744339 0.00226357
v -0.07020955 -0.16744339 0.00226357
v -0.05483408 -0.12974622 -0.00104215
v -0.07927547 -0.11808369 -0.01450787
v -0.05032506 -0.08109074 -0.01110573
v -0.07285944 -0.15240847 -0.00330871
v -0.06023256 -0.13883663 -0.00613578
v -0.05870500 -0.13651897 -0.00734681
v -0.06940716 -0.09711077 -0.00785302
v -0.04449498 -0.09989166 0.00921095
v -0.04449498 -0.09989166 0.00921095
v -0.07657977 -0.16909172 0.00501818
v -0.07692599 -0.12740507 0.00814616
v -0.07459057 -0.12049612 0.00839810
v -0.07385658 -0.12728681 0.00917921
v -0.07385658 -0.12728681 0.00917921
v -0.07016517 -0.11139013 0.00644671
v -0.04349852 -0.11687730 -0.01521917
v -0.04540621 -0.11713970 -0.01596848
v -0.04259465 -0.11520896 -0.01691586
v -0.06863023 -0.10874321 0.00547537
v -0.08042807 -0.14101657 -0.00922034
v -0.07788523 -0.13752707 0.00701064
v -0.07905686 -0.12985118 0.00760049
v -0.00317344 -0.08701960 0.01409750
v 0.01276241 -0.08448844 0.01776074
v -0.07723736 -0.15552741 0.00342294
v -0.07723736 -0.15552741 0.00342294
v -0.06725067 -0.16381309 0.01129026
v -0.06725067 -0.16381309 0.01129026
v -0.06621473 -0.16666631 0.01182478
v -0.06621473 -0.16666631 0.01182478
v -0.06596409 -0.16314326 0.00953903
v -0.06596409 -0.16314326 0.00953903
v -0.06596409 -0.16314326 0.00953903
v 0.01094916 -0.08336097 0.01781534
v -0.07707577 -0.15729549 0.00265149
v -0.08002849 -0.13588394 0.00662649
v -0.08002849 -0.13588394 0.00662649
v -0.07894961 -0.13356529 0.00751378
v -0.07894961 -0.13356529 0.00751378
v -0.07660615 -0.16527930 0.00530665
v -0.07660615 -0.16527930 0.00530665
v -0.07602677 -0.16545461 0.00749405
v -0.07611326 -0.16747258 0.00794664
v -0.06983961 -0.16990520 0.00294596
v -0.07314722 -0.15632892 -0.00190574
v -0.07314722 -0.15632892 -0.00190574
v -0.07956142 -0.14505594 -0.00657812
v -0.07956142 -0.14505594 -0.00657812
v -0.07186560 -0.15869023 -0.00090314
v -0.07424304 -0.12917541 -0.01889379
v -0.07621363 -0.16972486 0.00665080
v -0.06531156 -0.15202197 0.00195521
v -0.06531156 -0.15202197 0.00195521
v -0.07639828 -0.17048944 0.00549629
v -0.07717213 -0.16214725 0.00028993
v -0.06573636 -0.17753381 0.01003325
v -0.07735312 -0.15912633 0.00200349
v -0.07336160 -0.12333945 -0.02085860
v -0.07336160 -0.12333945 -0.02085860
v -0.07680545 -0.16492092 0.00336074
v -0.07680545 -0.16492092 0.00336074
v -0.07680545 -0.16492092 0.00336074
v 0.06688170 -0.06537297 0.01379552
v -0.06799076 -0.16353781 0.01210446
v 0.06608079 -0.06459606 0.01505536
v 0.06555063 -0.06449416 0.01341990
v -0.07357933 -0.13576976 -0.01662278
v -0.07794198 -0.12878560 -0.01627813
v -0.07649818 -0.12687119 -0.01799831
v -0.07649818 -0.12687119 -0.01799831
v -0.06592350 -0.15785928 0.00409924
v -0.06576255 -0.15961027 0.00633246
v -0.07205579 -0.12590940 -0.02054581
v -0.07656933 -0.10724804 -0.00550459
v -0.08121045 -0.13582959 -0.01105624
v 0.03590247 -0.09321124 -0.00046221
v -0.07339070 -0.17277952 0.00260343
v -0.07380224 -0.17412066 0.00290284
v -0.07533260 -0.12341742 -0.01978290
v -0.07533260 -0.12341742 -0.01978290
v -0.07880770 -0.12480854 -0.01583309
v -0.07880770 -0.12480854 -0.01583309
v -0.06730502 -0.12133443 -0.02228838
v -0.06730502 -0.12133443 -0.02228838
v -0.06553476 -0.16982859 0.00713368
v -0.06549301 -0.17223456 0.00718716
v -0.06695770 -0.09842642 -0.01691451
v -0.07197123 -0.17443306 0.00332800
v -0.06623129 -0.11779126 -0.02299170
v -0.06623129 -0.11779126 -0.02299170
v -0.05224003 -0.12155975 -0.01752033
v -0.06741678 -0.09632549 -0.01194786
v -0.07433831 -0.12693872 -0.01949068
v -0.01878334 -0.10283872 -0.00676877
v 0.08127779 -0.08176894 0.01382196
v -0.06760530 -0.17065996 0.00451264
v -0.01668096 -0.10230146 -0.00729879
v -0.05805487 -0.12685007 -0.01780840
v -0.05617859 -0.12726884 -0.01652635
v -0.07462195 -0.17069846 0.01102182
v -0.07362875 -0.16977025 0.01194885
v -0.06723829 -0.09723372 -0.01340042
v -0.06235892 -0.13989711 -0.00849332
v -0.06380095 -0.13881504 -0.01138146
v -0.07013586 -0.16095414 0.01103106
v -0.07638757 -0.16401918 -0.00029465
v -0.07673954 -0.16176649 -0.00077810
v -0.07897050 -0.12187209 -0.01604507
v -0.07897050 -0.12187209 -0.01604507
v -0.07923025 -0.13906731 -0.01184386
v -0.07923025 -0.13906731 -0.01184386
v -0.03374847 -0.10945013 -0.01649559
v 0.03175789 -0.08497675 0.02102043
v -0.03180823 -0.10599556 -0.01862141
v -0.06965400 -0.17994769 0.00946284
v -0.02939445 -0.10606956 -0.01734086
v -0.02939445 -0.10606956 -0.01734086
v 0.01938914 -0.09295335 -0.00825617
v -0.05633545 -0.12938192 -0.01485617
v 0.07282408 -0.08519791 0.00719265
v -0.07087794 -0.12845938 -0.01997917
v -0.04159551 -0.09735680 -0.02601510
v -0.07572031 -0.10926567 -0.01495478
v -0.03895466 -0.11408257 -0.00621807
v -0.04794829 -0.11904817 -0.01529121
v 0.03360079 -0.09246372 -0.00253050
v -0.07564639 -0.15479417 0.00586792
v -0.06618603 -0.09686165 -0.01552497
v -0.07371978 -0.10726567 -0.01608427
v -0.07504680 -0.10970243 -0.01667484
v -0.07409318 -0.10514087 -0.01384535
v -0.07562544 -0.15797950 0.00700704
v -0.06605078 -0.10068350 -0.02112407
v 0.06886798 -0.06569426 0.00336704
v 0.06759916 -0.06644327 0.00054030
v 0.04843010 -0.06633195 0.02160638
v -0.07650859 -0.13695262 -0.01495070
v -0.07449430 -0.17492009 0.00378310
v -0.07534828 -0.12036370 -0.02003941
v -0.07317878 -0.17709798 0.00552548
v -0.07372287 -0.17637923 0.00439439
v -0.07387982 -0.17557905 0.00574176
v 0.02274023 -0.08771580 -0.01196345
v 0.02274023 -0.08771580 -0.01196345
v 0.05357406 -0.05949745 0.01109334
v 0.02246399 -0.09205579 -0.00812941
v -0.01440149 -0.09640733 -0.01898752
v -0.07458188 -0.15575407 0.00712324
v 0.01972553 -0.08464528 -0.01448436
v 0.01773614 -0.08687084 -0.01386807
v 0.04699294 -0.06017252 0.01334183
v -0.04310457 -0.11771487 -0.01102773
v 0.01658745 -0.09427651 -0.00780933
v 0.01774851 -0.09159702 -0.01042316
v -0.03795373 -0.07450427 0.00226047
v -0.03582962 -0.07345560 0.00195842
v -0.06576627 -0.17540053 0.01290973
v -0.05213707 -0.08301709 -0.01460126
v -0.01924477 -0.07316107 0.00821959
v -0.06688879 -0.12911590 -0.01942632
v 0.06954736 -0.08805474 0.00621113
v -0.06875033 -0.12782318 -0.02019526
v -0.06863322 -0.16211610 0.01098490
v -0.06427859 -0.09973406 -0.02242136
v -0.07706580 -0.10855445 -0.00661497
v -0.05391248 -0.10152318 0.00706904
v -0.05391248 -0.10152318 0.00706904
v -0.03424504 -0.07385758 0.00326590
v -0.03615941 -0.07483052 0.00334084
v -0.08157883 -0.12666209 0.00575143
v -0.03055541 -0.07829987 0.00730980
v -0.03055541 -0.07829987 0.00730980
v -0.06748030 -0.17409476 0.01473804
v -0.06837064 -0.17538372 0.01476475
v -0.07073551 -0.17759001 0.00622985
v -0.02465632 -0.07194776 0.00514365
v -0.07182840 -0.17778481 0.00672995
v -0.05217288 -0.11829553 -0.01988198
v -0.00071875 -0.09640466 0.00254737
v -0.06859479 -0.16623251 0.00288323
v -0.06778832 -0.16432091 0.00271700
v -0.06688008 -0.16646223 0.00396887
v -0.06688008 -0.16646223 0.00396887
v 0.00366262 -0.09445943 0.00536173
v 0.08217991 -0.07813627 0.02267391
v -0.06095821 -0.08892120 -0.00262093
v -0.03006676 -0.08347415 -0.02684075
v -0.03161826 -0.08111308 -0.02474209
v -0.06613023 -0.17173428 0.00599978
v -0.02333989 -0.07992087 -0.02566179
v -0.02333989 -0.07992087 -0.02566179
v -0.01080642 -0.08063886 -0.02364792
v -0.01918933 -0.07896471 -0.02561920
v -0.06895666 -0.17931159 0.01081568
v -0.06895666 -0.17931159 0.01081568
v -0.06856868 -0.18000001 0.00886664
v -0.01235779 -0.08113029 -0.02424166
v -0.01811947 -0.08487391 -0.02527762
v -0.01811947 -0.08487391 -0.02527762
v -0.06504504 -0.17268149 0.00856703
v -0.06504504 -0.17268149 0.00856703
v -0.02239704 -0.08358603 -0.02573171
v -0.00944961 -0.07471015 -0.02231014
v -0.06567159 -0.15549544 0.00481258
v -0.06555063 -0.15302373 0.00535449
v -0.07578792 -0.16303243 0.00786043
v -0.01142886 -0.07537148 -0.02288524
v 0.00162334 -0.08594054 -0.01855848
v -0.00286430 -0.08343319 -0.02112696
v -0.00658779 -0.07776874 -0.02292095
v -0.01503531 -0.07823404 -0.02466233
v -0.01503531 -0.07823404 -0.02466233
v 0.00555035 -0.07517748 -0.02050690
v 0.00555035 -0.07517748 -0.02050690
v -0.01370627 -0.07661090 -0.02369133
v -0.01655716 -0.07793858 -0.02492234
v -0.01162233 -0.07706042 -0.02353832
v -0.00760425 -0.07487532 -0.02241842
v -0.01139388 -0.07909753 -0.02397717
v -0.01427645 -0.07468348 -0.02234258
v -0.01427645 -0.07468348 -0.02234258
v -0.01758102 -0.07879080 -0.02530123
v -0.07341268 -0.16093963 0.00969192
v -0.01652787 -0.07934739 -0.02532604
v -0.00951087 -0.07803049 -0.02351701
v -0.01742528 -0.07574111 -0.02291714
v -0.02042736 -0.07812274 -0.02497441
v -0.02042736 -0.07812274 -0.02497441
v -0.07489292 -0.16101157 0.00852116
v -0.07006251 -0.17968294 0.00841511
v -0.06946319 -0.17806494 0.00668611
v -0.06928872 -0.17929927 0.00754296
v 0.02762322 -0.08233034 0.02178473
v 0.02762322 -0.08233034 0.02178473
v 0.02762322 -0.08233034 0.02178473
v -0.01358088 -0.07939252 -0.02447150
v -0.01319473 -0.07801425 -0.02409453
v 0.00474387 -0.07423215 -0.02049956
v 0.00474387 -0.07423215 -0.02049956
v -0.07478877 -0.17205796 0.00237717
v -0.07375733 -0.16755852 0.01144673
v -0.07475387 -0.16884492 0.01059207
v -0.02630494 -0.07472074 -0.01785331
v -0.07403541 -0.16376599 -0.00019319
v -0.07560371 -0.16045381 -0.00120790
v -0.07560371 -0.16045381 -0.00120790
v -0.01302335 -0.07254329 -0.01962543
v -0.02432651 -0.08168358 -0.02586098
v -0.00514323 -0.08058482 -0.02241275
v -0.00514323 -0.08058482 -0.02241275
v -0.01589505 -0.07670018 -0.02395245
v -0.01589505 -0.07670018 -0.02395245
v -0.01589505 -0.07670018 -0.02395245
v 0.03770471 -0.07859392 0.02323072
v -0.02564495 -0.08054307 -0.02584445
v -0.02564495 -0.08054307 -0.02584445
v -0.03249320 -0.07931428 -0.02193050
v -0.02485993 -0.07227668 -0.01493109
v -0.00407197 -0.07812063 -0.02243396
v -0.00407197 -0.07812063 -0.02243396
v -0.02960694 -0.07625484 -0.01905973
v -0.03152805 -0.07515358 -0.01672378
v -0.00841259 -0.08579195 -0.02213301
v -0.00841259 -0.08579195 -0.02213301
v -0.00841259 -0.08579195 -0.02213301
v -0.02747537 -0.07628289 -0.02024590
v -0.02622559 -0.07775972 -0.02354650
v -0.02808331 -0.07558414 -0.01897990
v -0.02233501 -0.07444184 -0.01996436
v -0.02360275 -0.07823879 -0.02479998
v -0.00553334 -0.07397174 -0.02172277
v -0.02585236 -0.07667709 -0.02187277
v -0.01852228 -0.08082086 -0.02532764
v -0.02547014 -0.08368653 -0.02616085
v -0.02350168 -0.07632701 -0.02225092
v -0.02671443 -0.08242740 -0.02636884
v -0.02671443 -0.08242740 -0.02636884
v -0.02831327 -0.08434173 -0.02670169
v -0.02831327 -0.08434173 -0.02670169
v -0.02831327 -0.08434173 -0.02670169
v -0.06809908 -0.15504790 0.00790534
v -0.05573046 -0.08943274 -0.01993386
v -0.05248589 -0.08898270 -0.02279346
v -0.05254769 -0.08626486 -0.02053647
v -0.05421669 -0.08632856 -0.01914827
v -0.05255972 -0.08456021 -0.01844071
v -0.05055369 -0.08667228 -0.02213566
v -0.05826194 -0.08942070 -0.01783596
v -0.06032870 -0.08980927 -0.01566663
v -0.05565663 -0.08759494 -0.01871228
v -0.05755458 -0.09066758 -0.02026619
v 0.04572303 -0.08025356 0.02423369
v -0.05430549 -0.08820070 -0.02055280
v 0.04674506 -0.08171807 0.02409636
v -0.01668556 -0.07399233 -0.02085474
v -0.02233311 -0.07174790 -0.01534403
v -0.04720392 -0.09420081 -0.02680295
v -0.01955737 -0.07372627 -0.01982132
v -0.04748948 -0.09195290 -0.02655892
v -0.04662119 -0.08990626 -0.02607678
v -0.02853885 -0.08182424 -0.02643842
v -0.03168570 -0.07152330 -0.01107107
v -0.02255222 -0.08720086 -0.02551581
v -0.02255222 -0.08720086 -0.02551581
v -0.03062892 -0.08505510 -0.02698372
v -0.02973671 -0.08680319 -0.02667682
v -0.02973671 -0.08680319 -0.02667682
v -0.03411234 -0.08246707 -0.02558808
v -0.06226376 -0.13147157 0.00905850
v -0.04135826 -0.08672001 -0.02619727
v -0.04114107 -0.08875948 -0.02699071
v -0.03842917 -0.08788122 -0.02691573
v -0.03508121 -0.08536471 -0.02690492
v -0.03934304 -0.09209709 -0.02684333
v -0.03934304 -0.09209709 -0.02684333
v -0.05049570 -0.08474683 -0.02046765
v -0.03331209 -0.08381071 -0.02675598
v -0.04331138 -0.08280447 -0.02156274
v -0.04359331 -0.08397764 -0.02325596
v -0.06189730 -0.14299855 -0.00023305
v -0.00206943 -0.07049946 -0.01812962
v -0.00206943 -0.07049946 -0.01812962
v -0.00206943 -0.07049946 -0.01812962
v -0.04873585 -0.08836005 -0.02424479
v -0.05519897 -0.09046086 -0.02178185
v -0.00329069 -0.07470086 -0.02213331
v -0.00329069 -0.07470086 -0.02213331
v -0.04960597 -0.09021071 -0.02500176
v -0.01618399 -0.10218522 -0.00336999
v -0.01816333 -0.10269749 -0.00464653
v -0.05109116 -0.09082810 -0.02485535
v -0.04804030 -0.08500417 -0.02209610
v -0.02120746 -0.07317986 -0.01844997
v -0.03812923 -0.08673058 -0.02680729
v -0.03178742 -0.08019742 -0.02361386
v -0.04639228 -0.08292305 -0.02046094
v -0.02954475 -0.07920972 -0.02347696
v -0.03970140 -0.08061743 -0.02131639
v -0.00355668 -0.07650364 -0.02252498
v -0.00355668 -0.07650364 -0.02252498
v 0.06053309 -0.08170310 0.02587169
v -0.07439615 -0.15121061 0.00645923
v -0.00550679 -0.07123873 -0.01848300
v -0.00550679 -0.07123873 -0.01848300
v -0.03355663 -0.08079755 -0.02377141
v -0.03617802 -0.08132267 -0.02409993
v 0.01178062 -0.06400044 -0.00912096
v 0.05644056 -0.07872900 0.02614449
v -0.03158228 -0.08399902 -0.02706450
v -0.03729854 -0.08292669 -0.02530844
v -0.02483074 -0.07545829 -0.02008850
v -0.01364410 -0.07096269 -0.01681582
v 0.01401235 -0.06375457 -0.00798521
v -0.01852356 -0.07172816 -0.01625080
v -0.03791895 -0.08569133 -0.02672809
v -0.03768517 -0.08044388 -0.02245073
v -0.03764378 -0.07892278 -0.02005905
v -0.04240378 -0.08495052 -0.02486216
v -0.04154162 -0.08315065 -0.02365639
v -0.04108548 -0.08177439 -0.02226997
v -0.01812468 -0.07747207 -0.02448637
v -0.01812468 -0.07747207 -0.02448637
v -0.03904485 -0.08194758 -0.02368864
v 0.00042502 -0.06993782 -0.01763667
v 0.00042502 -0.06993782 -0.01763667
v 0.00042502 -0.06993782 -0.01763667
v -0.05284667 -0.12859586 -0.00791878
v -0.07707222 -0.14917575 0.00479613
v -0.07707222 -0.14917575 0.00479613
v -0.07577541 -0.15186862 0.00548631
v -0.07577541 -0.15186862 0.00548631
v -0.06933530 -0.17604796 0.01445418
v -0.04343781 -0.09046034 -0.02727167
v -0.01914804 -0.07504792 -0.02171452
v -0.03904628 -0.08462065 -0.02593682
v -0.04500952 -0.08250309 -0.02038826
v -0.03541611 -0.07978443 -0.02220933
v -0.01939440 -0.07256962 -0.01793555
v -0.02736255 -0.07960257 -0.02513769
v -0.00031738 -0.07084239 -0.01860006
v -0.00031738 -0.07084239 -0.01860006
v -0.03453152 -0.07821430 -0.02006072
v -0.02072610 -0.07220850 -0.01659833
v -0.02346432 -0.10533213 -0.00839649
v -0.04193640 -0.08105330 -0.02020758
v -0.01174786 -0.06805035 -0.01091283
v -0.00890201 -0.07174434 -0.01897752
v -0.00890201 -0.07174434 -0.01897752
v -0.01274348 -0.06881814 -0.01257418
v -0.01597087 -0.06995684 -0.01435516
v -0.03670774 -0.08668265 -0.02685436
v -0.01177657 -0.06967406 -0.01455663
v -0.04821496 -0.08308502 -0.01999208
v -0.03614990 -0.08406994 -0.02634387
v -0.04804461 -0.11609042 0.00329749
v -0.05008507 -0.08340199 -0.01862583
v -0.04561346 -0.08390793 -0.02187029
v -0.05098753 -0.08297949 -0.01669999
v -0.04715692 -0.08373661 -0.02124649
v -0.04563438 -0.08004694 -0.01654853
v -0.04341533 -0.07997761 -0.01734936
v -0.02012540 -0.06944887 -0.01231478
v -0.01995979 -0.07083615 -0.01471379
v -0.04139096 -0.07815132 -0.01681370
v -0.04686629 -0.08067776 -0.01692575
v -0.08163755 -0.14476773 -0.00068023
v -0.02342058 -0.07333151 -0.01756142
v -0.02772303 -0.07353165 -0.01542096
v -0.03265092 -0.07707299 -0.01859567
v -0.00599179 -0.06573459 -0.00829589
v -0.04611236 -0.08143287 -0.01867433
v 0.06314277 -0.07428324 0.02505969
v -0.04043711 -0.07666753 -0.01507417
v -0.02986934 -0.07375299 -0.01545482
v -0.03353697 -0.07480813 -0.01510305
v -0.02884475 -0.07489637 -0.01736889
v -0.02254177 -0.07061030 -0.01332868
v -0.02501558 -0.07090213 -0.01267535
v -0.02676153 -0.10688572 -0.00506166
v -0.02676153 -0.10688572 -0.00506166
v -0.02887947 -0.10780009 -0.00387849
v -0.00105089 -0.06399234 -0.00687050
v -0.03013759 -0.07786793 -0.02070071
v -0.05742177 -0.13496733 -0.00377816
v -0.03600382 -0.07714529 -0.01797868
v -0.03467699 -0.07412449 -0.01355922
v -0.04074293 -0.07926223 -0.01884714
v -0.03438056 -0.07598840 -0.01624234
v -0.00928704 -0.06796420 -0.01175453
v 0.06194384 -0.07613905 0.02627434
v 0.06589568 -0.07720652 0.02727166
v -0.01728867 -0.06826019 -0.01104940
v -0.01394918 -0.06803468 -0.01085942
v -0.01052099 -0.07079736 -0.01708374
v -0.03906229 -0.07536595 -0.01308735
v -0.08230884 -0.14260136 0.00096352
v -0.08230884 -0.14260136 0.00096352
v -0.03687732 -0.07461282 -0.01295513
v -0.01533220 -0.10189264 -0.01371092
v -0.05404483 -0.11689207 0.00811594
v -0.05404483 -0.11689207 0.00811594
v -0.04395020 -0.08148023 -0.01963614
v -0.00724289 -0.07026013 -0.01640770
v -0.04572640 -0.08562382 -0.02377637
v 0.00910929 -0.06482343 -0.01040556
v -0.00064079 -0.07505884 -0.02159033
v 0.00025111 -0.07303186 -0.02057066
v 0.00262884 -0.06884219 -0.01685092
v 0.00262884 -0.06884219 -0.01685092
v -0.04845882 -0.08164597 -0.01737501
v 0.01645965 -0.06974585 -0.01656616
v 0.00590168 -0.06755760 -0.01574831
v -0.04482104 -0.07902092 -0.01550657
v -0.03901117 -0.07763696 -0.01724817
v -0.04495484 -0.07767135 -0.01337724
v -0.04684008 -0.07990175 -0.01522083
v -0.00435032 -0.06295708 -0.00204853
v -0.00747318 -0.06474742 -0.00556857
v -0.00747318 -0.06474742 -0.00556857
v -0.05445261 -0.08138610 -0.00535672
v -0.04288800 -0.07763933 -0.01510793
v -0.03983116 -0.08347747 -0.02481057
v -0.03950497 -0.08725787 -0.02680257
v -0.03044570 -0.07309046 -0.01455612
v -0.03208444 -0.07321329 -0.01400842
v -0.03740769 -0.07612566 -0.01518867
v -0.07493616 -0.15525602 -0.00286917
v 0.01257030 -0.06228248 0.00843531
v -0.04182164 -0.07603043 -0.01267646
v -0.02099272 -0.07536010 -0.02150766
v -0.03529413 -0.07518288 -0.01443126
v -0.03362744 -0.07097422 -0.00594289
v -0.02685032 -0.07167356 -0.01345521
v -0.02928475 -0.06987201 -0.00825103
v 0.00673731 -0.06509055 -0.00943432
v 0.00673731 -0.06509055 -0.00943432
v -0.03743535 -0.07255471 -0.00656166
v -0.03511296 -0.07194141 -0.00888247
v -0.06190684 -0.14214303 -0.00519130
v -0.02767829 -0.06913099 0.00041474
v -0.07499032 -0.14769368 -0.00678417
v -0.07699488 -0.14867434 -0.00531928
v -0.07571286 -0.15201535 -0.00397354
v -0.02561816 -0.06914910 -0.00934139
v -0.03240256 -0.07093763 -0.00842282
v -0.01877305 -0.06699838 -0.00598664
v -0.02967979 -0.08082844 -0.02540702
v -0.02930548 -0.07210153 -0.01366937
v -0.01056547 -0.06656384 -0.00879856
v -0.02117115 -0.06821787 -0.00868145
v -0.01526875 -0.06618436 -0.00575156
v -0.01094114 -0.06544281 -0.00606558
v -0.01039430 -0.07360201 -0.02148647
v -0.01039430 -0.07360201 -0.02148647
v -0.00978450 -0.06455597 -0.00341143
v -0.00978450 -0.06455597 -0.00341143
v -0.00018332 -0.06879272 -0.01611552
v -0.00018332 -0.06879272 -0.01611552
v -0.00581083 -0.06295112 0.00037227
v -0.01517555 -0.06683724 -0.00806996
v 0.00369152 -0.06204386 0.00205309
v -0.00339270 -0.06480090 -0.00737241
v -0.00339270 -0.06480090 -0.00737241
v 0.00083431 -0.06224682 -0.00130077
v -0.00052415 -0.06290243 -0.00433825
v -0.01518340 -0.06567086 -0.00337018
v -0.01318030 -0.06571886 -0.00539493
v -0.01361774 -0.06469986 -0.00026989
v -0.01142573 -0.06447398 -0.00127209
v -0.00003065 -0.06668686 -0.01146008
v -0.00003065 -0.06668686 -0.01146008
v -0.00003065 -0.06668686 -0.01146008
v -0.06292833 -0.08991305 -0.01194961
v -0.04150629 -0.11061481 -0.01976888
v 0.00100146 -0.06213944 0.00327677
v -0.02395610 -0.06816322 -0.00057790
v -0.02076390 -0.06794751 0.00062490
v -0.01711323 -0.06640696 -0.00056614
v -0.01773477 -0.06701680 0.00063116
v -0.00710862 -0.07276268 -0.02065557
v -0.02315957 -0.06758373 -0.00269939
v -0.03481585 -0.07299011 -0.01177542
v -0.03142156 -0.07080001 0.00061790
v -0.03593219 -0.07205277 -0.00308255
v -0.03857939 -0.07280581 -0.00362936
v -0.02126283 -0.07494920 0.00831506
v -0.02126283 -0.07494920 0.00831506
v -0.01845585 -0.07013416 0.00617468
v -0.00330839 -0.06855504 0.01022130
v -0.02628563 -0.07034797 0.00338240
v -0.00541094 -0.06496046 0.00575418
v -0.01761072 -0.06759859 0.00251249
v -0.01373972 -0.06881382 0.00687485
v -0.01373972 -0.06881382 0.00687485
v 0.00548724 -0.06196960 0.00532910
v 0.00743376 -0.06185773 0.00604344
v 0.02911813 -0.08093704 0.02224818
v 0.01966417 -0.06000811 0.00815664
v 0.01966417 -0.06000811 0.00815664
v 0.02299811 -0.06048625 0.01023640
v 0.02299811 -0.06048625 0.01023640
v 0.02334565 -0.05967114 0.00852521
v -0.01523895 -0.06552113 0.00053975
v -0.00473374 -0.06668898 0.00790336
v -0.04603697 -0.07649421 -0.00078857
v 0.00770106 -0.07441548 0.01619747
v 0.00339058 -0.06201414 0.00465116
v -0.01218379 -0.07397538 0.01133949
v -0.01623451 -0.06631956 0.00063975
v -0.05534514 -0.08210098 -0.00730627
v 0.01887887 -0.06780837 0.01642332
v -0.01278530 -0.07240451 0.01052651
v -0.01278530 -0.07240451 0.01052651
v 0.00478748 -0.06199490 0.00428166
v 0.00645403 -0.06169421 0.00421285
v 0.00757754 -0.06120379 0.00151849
v -0.00079609 -0.06221538 0.00097088
v -0.05821670 -0.08265065 -0.00844114
v -0.02299727 -0.06887953 0.00231568
v -0.01508357 -0.07435431 0.01093321
v 0.00468816 -0.07078220 0.01471986
v 0.01342492 -0.08252956 0.01843288
v -0.03666134 -0.07220904 -0.00472976
v -0.00887236 -0.07376523 0.01252234
v -0.04586991 -0.07623733 0.00039516
v -0.04707989 -0.07719859 0.00071827
v -0.00763223 -0.07288542 0.01252510
v -0.00763223 -0.07288542 0.01252510
v -0.05970873 -0.09099595 0.00101384
v -0.04523061 -0.07629678 0.00143222
v -0.04275829 -0.07617661 0.00221052
v -0.01615134 -0.07116270 0.00834191
v -0.04256315 -0.08086123 0.00495517
v -0.01685822 -0.08370391 0.01276829
v -0.00786253 -0.08588044 0.01321698
v -0.01044907 -0.08589836 0.01309874
v -0.01578398 -0.07879924 0.01197914
v -0.01364722 -0.08327627 0.01308546
v -0.01143908 -0.08132108 0.01308868
v -0.01971150 -0.07933053 0.01050624
v -0.00824012 -0.06368016 -0.00041990
v -0.00824012 -0.06368016 -0.00041990
v -0.02011502 -0.06836356 0.00248350
v 0.01409894 -0.06014561 0.00500282
v 0.00415972 -0.06558802 -0.00964689
v 0.00415972 -0.06558802 -0.00964689
v -0.01722477 -0.09978127 0.00290480
v -0.01391386 -0.09144405 0.01092959
v -0.01480616 -0.08616554 0.01281271
v -0.02083980 -0.07707682 0.00940803
v 0.04773581 -0.07737438 0.02499620
v -0.01459856 -0.08107122 0.01280770
v -0.01837941 -0.08149485 0.01183463
v -0.01173693 -0.08406467 0.01312902
v -0.00756733 -0.08748854 0.01274202
v -0.02303892 -0.08193748 0.01063237
v -0.02303892 -0.08193748 0.01063237
v -0.02334307 -0.07923056 0.00951933
v -0.02334307 -0.07923056 0.00951933
v -0.02801230 -0.08099195 0.00907478
v -0.05262516 -0.08025169 -0.00512109
v -0.04760470 -0.07819229 -0.00771836
v -0.05257444 -0.08046668 -0.00319937
v -0.03921062 -0.07401603 -0.00989993
v 0.00223455 -0.06345709 -0.00664870
v -0.04380867 -0.07639543 -0.01127994
v -0.05356537 -0.08139904 -0.00704738
v -0.04607333 -0.07766122 -0.01077288
v -0.05080937 -0.07997467 -0.00690797
v 0.00296887 -0.06456733 -0.00844256
v 0.02009283 -0.06200622 -0.00423033
v 0.01750929 -0.06242006 -0.00542896
v 0.01750929 -0.06242006 -0.00542896
v -0.05331616 -0.08325014 -0.01240347
v 0.01159056 -0.06042358 0.00285110
v -0.05327376 -0.08403727 -0.01627779
v -0.04979520 -0.08021046 -0.00898984
v -0.05256780 -0.08192569 -0.00942081
v -0.00205294 -0.06571817 -0.00929866
v -0.00205294 -0.06571817 -0.00929866
v 0.00838403 -0.06383838 -0.00777597
v 0.00838403 -0.06383838 -0.00777597
v 0.01195006 -0.06280350 -0.00640244
v 0.01195006 -0.06280350 -0.00640244
v -0.05621315 -0.08275691 -0.00844488
v -0.05700202 -0.08776910 -0.01735511
v -0.00210383 -0.06567610 0.00788280
v -0.02207470 -0.07031837 0.00458885
v 0.00172080 -0.06452450 0.00796219
v -0.05693962 -0.08561791 -0.01300854
v -0.05190964 -0.07952976 -0.00407959
v 0.01793409 -0.06163400 -0.00384447
v 0.02161634 -0.06003432 0.00164387
v 0.02161634 -0.06003432 0.00164387
v -0.05881347 -0.08739587 -0.01480112
v -0.05701766 -0.08660389 -0.01545089
v -0.05862614 -0.08595597 -0.01185209
v 0.02505541 -0.06102942 -0.00131636
v -0.05511214 -0.08380887 -0.01090725
v -0.06318612 -0.08844911 -0.01088802
v 0.01807098 -0.05974973 0.00576102
v 0.02149792 -0.05968076 0.00480131
v 0.02149792 -0.05968076 0.00480131
v -0.06462517 -0.08934020 -0.00880964
v -0.05996408 -0.08745565 -0.01320936
v -0.05842220 -0.08503674 -0.01073178
v -0.05717979 -0.08386860 -0.00962811
v -0.05706185 -0.08461483 -0.01088828
v -0.05727184 -0.08308247 -0.00879061
v 0.01367395 -0.06217612 -0.00505885
v -0.05040744 -0.07945894 -0.00164664
v -0.04883813 -0.07853200 -0.00027672
v 0.03202655 -0.06215023 -0.00316536
v -0.06418262 -0.09185871 -0.01207253
v -0.06804212 -0.15185983 -0.00191462
v 0.01375605 -0.06609192 -0.01350982
v -0.05301972 -0.12269313 0.00387264
v -0.05301972 -0.12269313 0.00387264
v -0.00536666 -0.08043391 0.01386833
v 0.00892334 -0.08104262 0.01727485
v -0.04653180 -0.11636489 0.00142610
v -0.05186712 -0.12423446 -0.00071466
v -0.05186712 -0.12423446 -0.00071466
v -0.05092939 -0.12116286 0.00176524
v -0.05501762 -0.12942237 0.00138142
v 0.03494124 -0.08375614 0.02208806
v 0.03234367 -0.08288382 0.02242147
v -0.05377666 -0.12765045 0.00000397
v -0.06197247 -0.14329464 -0.00270623
v 0.01908778 -0.06464119 -0.01021418
v -0.05250729 -0.12383099 0.00217700
v -0.05250729 -0.12383099 0.00217700
v -0.04876310 -0.11535051 0.00450755
v -0.05114843 -0.11640117 0.00597508
v -0.05627045 -0.12831707 0.00547002
v -0.06400427 -0.14846461 0.00336430
v -0.06387541 -0.14807024 0.00120058
v -0.05885919 -0.13360510 0.00410224
v -0.06164629 -0.14044314 0.00169516
v -0.06333937 -0.14458926 0.00286929
v 0.01669556 -0.06344600 -0.00785034
v 0.01669556 -0.06344600 -0.00785034
v -0.03481170 -0.08938301 0.00929410
v -0.05054181 -0.10211909 0.00776549
v -0.05009961 -0.11689217 0.00433419
v -0.05394515 -0.12179287 0.00536546
v -0.05394515 -0.12179287 0.00536546
v 0.02796267 -0.06043632 0.00200721
v -0.04678052 -0.11080480 0.00713892
v 0.02503096 -0.08387050 0.02035130
v 0.02503096 -0.08387050 0.02035130
v -0.07387814 -0.16740075 0.00030789
v -0.07480363 -0.16745614 0.00068645
v -0.07480363 -0.16745614 0.00068645
v 0.01555759 -0.08326051 0.01877972
v 0.00901682 -0.06247397 -0.00480218
v -0.04492760 -0.09392016 0.00797621
v -0.04492760 -0.09392016 0.00797621
v -0.05422316 -0.12666738 0.00325348
v -0.07396627 -0.16992521 0.00167451
v -0.05682135 -0.13077558 0.00328880
v -0.04746375 -0.09543647 0.00763602
v -0.04746375 -0.09543647 0.00763602
v -0.04746375 -0.09543647 0.00763602
v -0.00272641 -0.08276491 0.01472261
v -0.01018081 -0.08849986 0.01260570
v -0.03664083 -0.09165159 0.00899985
v -0.03664083 -0.09165159 0.00899985
v -0.04142050 -0.09367956 0.00851633
v -0.03744695 -0.09876773 0.00923118
v -0.03744695 -0.09876773 0.00923118
v 0.01536950 -0.07555480 0.01860691
v 0.03831487 -0.08060562 0.02332905
v 0.05603450 -0.07344686 0.02571451
v 0.00498326 -0.06188023 -0.00077743
v -0.02788925 -0.08511437 0.01061230
v 0.01480730 -0.06268478 -0.00622797
v 0.01480730 -0.06268478 -0.00622797
v -0.05048947 -0.11384024 0.00746331
v -0.05236566 -0.11386977 0.00840967
v -0.06638290 -0.13907456 0.00922805
v 0.03336506 -0.06154418 -0.00096337
v -0.04471929 -0.09661214 0.00882189
v -0.04183542 -0.09734439 0.00928426
v -0.03779950 -0.09580829 0.00926023
v -0.03779950 -0.09580829 0.00926023
v 0.02692559 -0.06191410 -0.00489692
v -0.03287378 -0.07088608 -0.00074880
v -0.05549386 -0.12642188 0.00540794
v -0.06410495 -0.14305463 0.00541941
v 0.02043334 -0.06330336 -0.00693356
v 0.02043334 -0.06330336 -0.00693356
v 0.02043334 -0.06330336 -0.00693356
v -0.06475911 -0.13594196 0.00931274
v 0.00333835 -0.08516193 0.01655269
v -0.06205145 -0.13904522 0.00519389
v -0.06317471 -0.13611557 0.00831056
v 0.01999181 -0.06809644 -0.01474868
v 0.01999181 -0.06809644 -0.01474868
v -0.06793190 -0.14711416 0.00809335
v -0.06793190 -0.14711416 0.00809335
v -0.06483631 -0.14072795 0.00795325
v 0.01860916 -0.06921245 -0.01590756
v -0.06650773 -0.14452446 0.00817870
v -0.06253316 -0.13784207 0.00706064
v -0.06324004 -0.14022688 0.00647530
v -0.06368992 -0.12899654 0.01095512
v -0.01860144 -0.06871915 0.00425909
v -0.04764528 -0.10612723 0.00848812
v -0.05674567 -0.13245748 -0.00010155
v -0.05832199 -0.13416469 0.00197565
v -0.06076495 -0.12563509 0.01038315
v -0.06382506 -0.12514741 0.01130396
v -0.06475297 -0.14861399 0.00502243
v -0.06475297 -0.14861399 0.00502243
v -0.07441448 -0.15352937 0.00663149
v -0.07441448 -0.15352937 0.00663149
v -0.07276502 -0.15042698 0.00730913
v -0.07460485 -0.14809178 0.00657917
v -0.07460485 -0.14809178 0.00657917
v -0.07460485 -0.14809178 0.00657917
v -0.06940564 -0.14954697 0.00808074
v -0.07223184 -0.14606819 0.00743899
v -0.07223184 -0.14606819 0.00743899
v -0.07551906 -0.15011151 0.00584445
v -0.07551906 -0.15011151 0.00584445
v -0.07551906 -0.15011151 0.00584445
v -0.04222645 -0.07545939 -0.01008744
v -0.07110754 -0.15509389 0.00840452
v -0.07323485 -0.15250122 0.00713200
v -0.07392500 -0.15812755 0.00844614
v -0.01955274 -0.06704888 -0.00104740
v -0.07012715 -0.14664733 0.00818199
v -0.07012715 -0.14664733 0.00818199
v -0.07601081 -0.16099245 0.00697471
v -0.02187740 -0.06736618 -0.00133676
v -0.07017195 -0.15710838 0.00908173
v -0.07295992 -0.15521442 0.00789814
v -0.07295992 -0.15521442 0.00789814
v 0.01067077 -0.06582720 -0.01352202
v -0.07218086 -0.14822004 0.00762678
v 0.01164581 -0.06507150 -0.01160268
v 0.01164581 -0.06507150 -0.01160268
v 0.01026463 -0.06169577 0.00686022
v -0.00875360 -0.07914954 0.01330870
v -0.07149174 -0.17872950 0.00832269
v -0.07560915 -0.16713367 0.00909472
v 0.00597253 -0.06583285 -0.01183725
v 0.00597253 -0.06583285 -0.01183725
v -0.07498626 -0.16415452 0.00901568
v 0.05962245 -0.07339933 0.02501513
v 0.05850523 -0.07549661 0.02600671
v -0.07119177 -0.17051531 0.01324214
v -0.07119177 -0.17051531 0.01324214
v -0.07276216 -0.16552724 0.01122499
v -0.02725091 -0.07035565 -0.01122446
v -0.07045597 -0.17850362 0.00735061
v 0.07370546 -0.07492452 0.02566341
v -0.03796667 -0.07326704 -0.00017089
v -0.07317980 -0.17698621 0.00677780
v 0.00928757 -0.06537541 -0.01230683
v 0.00928757 -0.06537541 -0.01230683
v -0.06981274 -0.17463749 0.01472206
v -0.07449505 -0.16984350 0.01121805
v -0.06893251 -0.15697975 0.00856255
v -0.07175165 -0.16239021 0.01112363
v -0.07184818 -0.15267194 0.00781798
v 0.00997958 -0.06708010 -0.01538016
v -0.06907082 -0.16911248 0.01333712
v -0.06907082 -0.16911248 0.01333712
v -0.07421688 -0.16245315 0.00942636
v -0.06760263 -0.17007328 0.01377587
v -0.06553087 -0.13262496 0.01021841
v -0.06942099 -0.16348120 0.01258218
v -0.00766361 -0.06353742 0.00168388
v -0.00644932 -0.06377659 0.00327939
v -0.07089125 -0.16533516 0.01233085
v 0.04214526 -0.07821498 0.02395253
v -0.01303714 -0.06530223 0.00205462
v -0.07349027 -0.16359797 0.01012061
v -0.06918391 -0.16630886 0.01339703
v -0.06677652 -0.16839141 0.01314812
v -0.07080931 -0.17607302 0.01413056
v -0.06750405 -0.16560759 0.01294223
v -0.06750405 -0.16560759 0.01294223
v -0.06750405 -0.16560759 0.01294223
v -0.07326531 -0.17206829 0.01256173
v -0.07326531 -0.17206829 0.01256173
v -0.07326531 -0.17206829 0.01256173
v -0.06713354 -0.17542543 0.01428559
v -0.06713354 -0.17542543 0.01428559
v -0.07060238 -0.17834063 0.01201363
v -0.07060238 -0.17834063 0.01201363
v -0.06925991 -0.15930589 0.00969535
v -0.06925991 -0.15930589 0.00969535
v -0.06873725 -0.17356696 0.01481720
v -0.06635337 -0.17368814 0.01415078
v -0.06635337 -0.17368814 0.01415078
v -0.06797643 -0.16797665 0.01344537
v -0.06797643 -0.16797665 0.01344537
v -0.02342974 -0.06963343 -0.01107912
v -0.06466487 -0.17355133 0.01083704
v -0.01376849 -0.10167959 -0.00449871
v -0.06485713 -0.17610779 0.01106672
v -0.06573273 -0.17734368 0.01168205
v -0.06566522 -0.17091432 0.01271196
v -0.06566522 -0.17091432 0.01271196
v -0.07040922 -0.16769844 0.01285545
v -0.07071710 -0.17942053 0.01000437
v -0.06799266 -0.17857517 0.00756612
v -0.07208202 -0.17151783 0.00240957
v -0.07208202 -0.17151783 0.00240957
v -0.02454217 -0.10516798 -0.01403563
v -0.06751149 -0.16121512 0.01011734
v -0.06751149 -0.16121512 0.01011734
v -0.06996503 -0.17296614 0.01414881
v -0.06896941 -0.17145533 0.01400773
v -0.07003923 -0.17713056 0.00558419
v -0.06775438 -0.17966992 0.01009696
v -0.06775438 -0.17966992 0.01009696
v -0.06774136 -0.15947905 0.00110181
v -0.06802942 -0.15362545 -0.00049183
v -0.06802942 -0.15362545 -0.00049183
v -0.06670541 -0.15777870 0.00219009
v -0.06713557 -0.15814871 0.00830408
v -0.06676519 -0.16298715 0.00299191
v -0.06672331 -0.15400918 0.00106964
v -0.06672331 -0.15400918 0.00106964
v -0.06827830 -0.17627541 0.00598298
v -0.06827830 -0.17627541 0.00598298
v 0.00506200 -0.07549540 0.01609887
v -0.07029765 -0.17575123 0.00452398
v -0.04042105 -0.07410131 -0.00214750
v -0.07188956 -0.17686178 0.00453739
v -0.06980388 -0.16515378 0.00145736
v -0.07322025 -0.17557606 0.00344678
v -0.07253817 -0.16640804 0.00064453
v -0.06669318 -0.15187304 -0.00064054
v -0.06572577 -0.15040494 -0.00091415
v -0.06789036 -0.16171946 0.00151638
v -0.06978956 -0.16007098 -0.00006085
v -0.06918053 -0.16303300 0.00112427
v -0.01629436 -0.07292195 0.00967640
v -0.01629436 -0.07292195 0.00967640
v 0.00258575 -0.06672442 -0.01281079
v -0.02017533 -0.06707175 -0.00385382
v -0.07198516 -0.16094810 -0.00043121
v -0.06989275 -0.15370372 -0.00166877
v -0.06989275 -0.15370372 -0.00166877
v -0.06859389 -0.15630345 0.00021427
v -0.07167772 -0.15849078 0.00965294
v -0.07167772 -0.15849078 0.00965294
v -0.02033868 -0.07658537 -0.02322886
v 0.00253355 -0.06764939 -0.01491618
v 0.00253355 -0.06764939 -0.01491618
v 0.00253355 -0.06764939 -0.01491618
v -0.07102035 -0.14996923 0.00800312
v -0.07287106 -0.17463488 0.01276871
v -0.07287106 -0.17463488 0.01276871
v -0.07373413 -0.15974645 -0.00103410
v -0.07348271 -0.17154279 0.00210179
v -0.07356160 -0.16810988 0.00074964
v -0.07356160 -0.16810988 0.00074964
v -0.06529453 -0.17543232 0.00924791
v -0.07201380 -0.16768850 0.01221832
v -0.07757089 -0.15067509 -0.00338803
v -0.06949178 -0.17320751 0.00393939
v -0.06949178 -0.17320751 0.00393939
v -0.06544995 -0.16542286 0.00727364
v -0.06544995 -0.16542286 0.00727364
v -0.02901180 -0.06914350 -0.00537516
v -0.06509344 -0.16731331 0.01030981
v -0.06509344 -0.16731331 0.01030981
v -0.06509344 -0.16731331 0.01030981
v -0.01900465 -0.09974220 -0.01781536
v -0.07573014 -0.16592324 0.00026479
v 0.00656436 -0.07908657 -0.01957874
v 0.00656436 -0.07908657 -0.01957874
v 0.02353434 -0.07006908 -0.01441415
v -0.02548473 -0.10641729 -0.00661191
v 0.02345310 -0.07317355 -0.01494389
v -0.05183732 -0.11945529 0.00440003
v -0.06583741 -0.16729029 0.00545932
v -0.04664346 -0.11969817 -0.00590993
v -0.05137173 -0.12470669 -0.00555850
v -0.04799603 -0.11861517 0.00017513
v -0.04928455 -0.11805695 0.00260272
v -0.05323752 -0.12781853 -0.00397661
v -0.05323752 -0.12781853 -0.00397661
v -0.00609898 -0.07693069 0.01374210
v 0.01659713 -0.08176791 -0.01643155
v -0.05920628 -0.13780139 -0.00366487
v -0.06147661 -0.13418167 0.00730830
v -0.06058661 -0.13547204 0.00552125
v -0.05196845 -0.12643925 -0.00736827
v -0.05854291 -0.13670816 -0.00554800
v -0.05564529 -0.13300972 -0.00674077
v -0.05522987 -0.12276440 0.00667089
v -0.05396088 -0.11977560 0.00665982
v -0.05396088 -0.11977560 0.00665982
v -0.06055182 -0.13719637 0.00303778
v -0.06486069 -0.15158721 0.00365033
v -0.06486069 -0.15158721 0.00365033
v -0.01163732 -0.07788257 0.01260056
v -0.06670931 -0.16097740 0.00249909
v 0.02101096 -0.08139227 -0.01506388
v 0.00876473 -0.07199635 -0.01862503
v -0.07093349 -0.15641864 -0.00115825
v -0.06951965 -0.15159753 -0.00325761
v -0.00822257 -0.07537989 0.01315757
v -0.07141490 -0.15206123 -0.00342430
v -0.07141490 -0.15206123 -0.00342430
v 0.00449946 -0.07296126 0.01538749
v -0.07032936 -0.14962924 -0.00519774
v -0.07032936 -0.14962924 -0.00519774
v -0.05949055 -0.13758108 -0.00047580
v 0.01854262 -0.07069434 -0.01612749
v 0.01854262 -0.07069434 -0.01612749
v -0.06260978 -0.14079740 0.00346406
v -0.06589252 -0.15481179 0.00302786
v 0.00263959 -0.07459876 0.01534385
v -0.07321287 -0.15072574 -0.00449248
v 0.01533268 -0.07106823 -0.01709579
v 0.01533268 -0.07106823 -0.01709579
v -0.06544273 -0.15093835 0.00037469
v -0.06532191 -0.14219839 -0.00950540
v -0.05393402 -0.13057736 -0.00890718
v -0.05393402 -0.13057736 -0.00890718
v 0.01441365 -0.07238348 -0.01789207
v 0.01441365 -0.07238348 -0.01789207
v 0.01441365 -0.07238348 -0.01789207
v -0.06821059 -0.16798220 0.00355423
v -0.06821059 -0.16798220 0.00355423
v -0.04944539 -0.12188539 -0.00430568
v 0.00679077 -0.08299323 0.01717773
v 0.00472920 -0.07694446 -0.02057666
v -0.04958247 -0.12106740 -0.00111293
v -0.04756568 -0.11990217 -0.01269707
v -0.00479459 -0.09958726 -0.00983947
v -0.01189883 -0.10174559 -0.01108168
v -0.02030678 -0.10386975 -0.01057918
v -0.02353623 -0.10527629 -0.01111731
v -0.03442584 -0.10237724 0.00753433
v -0.01868389 -0.10271698 -0.01375374
v -0.05004450 -0.12297086 -0.00730665
v -0.03509178 -0.11227579 -0.01280873
v 0.00627773 -0.07192190 0.01537708
v -0.02765498 -0.10759209 -0.01297305
v -0.02765498 -0.10759209 -0.01297305
v -0.05399372 -0.13032394 -0.00611894
v -0.05399372 -0.13032394 -0.00611894
v 0.00817326 -0.07243559 0.01564820
v -0.05746119 -0.13521900 -0.00650996
v -0.04636623 -0.11971551 -0.00969778
v -0.04858507 -0.12140823 -0.00747520
v -0.05106562 -0.12411047 -0.01243063
v -0.05926530 -0.12222269 0.01028641
v -0.03288118 -0.11091206 -0.01257452
v -0.07162269 -0.10424630 -0.01628637
v -0.04004019 -0.11601729 -0.01284523
v -0.03687572 -0.11305301 -0.01449123
v -0.00142069 -0.08549155 -0.01987701
v -0.03672136 -0.08926357 -0.02672092
v -0.06155658 -0.08810179 -0.01184368
v 0.00103136 -0.07923865 -0.02106835
v -0.01818861 -0.10343239 -0.01056848
v -0.03247983 -0.11018884 -0.00425108
v -0.03247983 -0.11018884 -0.00425108
v 0.00199491 -0.07076692 -0.01881232
v 0.00199491 -0.07076692 -0.01881232
v -0.02261312 -0.10478946 -0.00527525
v -0.02261312 -0.10478946 -0.00527525
v -0.03466995 -0.10525027 -0.02022419
v -0.02512940 -0.10394462 -0.01649359
v 0.05660619 -0.08320507 0.02481866
v -0.06510431 -0.09054147 -0.00998658
v 0.01902243 -0.09491969 -0.00466202
v 0.01228743 -0.08128062 -0.01755242
v 0.01228743 -0.08128062 -0.01755242
v -0.02821643 -0.10191357 -0.02042879
v -0.02821643 -0.10191357 -0.02042879
v -0.01088071 -0.10044111 -0.01326369
v -0.02777316 -0.10404959 -0.01841635
v -0.02777316 -0.10404959 -0.01841635
v -0.02034783 -0.10369427 -0.01244476
v 0.00454641 -0.09686099 -0.00199940
v 0.00454641 -0.09686099 -0.00199940
v 0.00347429 -0.07207395 -0.01993386
v 0.00347429 -0.07207395 -0.01993386
v -0.03277260 -0.08519013 -0.02692544
v -0.00172026 -0.09877177 -0.00727763
v 0.01272220 -0.07224391 0.01673704
v -0.00044247 -0.09769413 -0.00961397
v 0.00241832 -0.07583262 -0.02115557
v 0.05604392 -0.08752230 -0.00122884
v -0.01603147 -0.10298866 -0.01144842
v -0.02169862 -0.07898954 -0.02543823
v -0.02169862 -0.07898954 -0.02543823
v -0.00264363 -0.07340733 -0.02116301
v -0.00264363 -0.07340733 -0.02116301
v -0.01980100 -0.10175128 -0.01584032
v 0.00936267 -0.06877922 -0.01713302
v -0.02250643 -0.09975395 -0.01934127
v -0.02381629 -0.10158093 -0.01820539
v 0.00770284 -0.06827506 -0.01660793
v -0.05092544 -0.09536099 -0.02713087
v -0.04362223 -0.09244738 -0.02709565
v -0.05197838 -0.09328176 -0.02627520
v -0.03661389 -0.08765806 -0.02663171
v -0.05515261 -0.08297057 -0.00905870
v -0.04175051 -0.09083862 -0.02726656
v -0.05486912 -0.09688599 -0.02688995
v -0.04910939 -0.09128496 -0.02581231
v 0.03568303 -0.08550726 0.02065542
v -0.04852101 -0.09279645 -0.02658209
v 0.01198308 -0.07374591 -0.01865206
v -0.03232188 -0.07817034 -0.02026497
v -0.05883511 -0.10274850 -0.02572743
v 0.03777130 -0.08992196 0.01460880
v 0.03777130 -0.08992196 0.01460880
v 0.01389177 -0.07441103 -0.01818793
v 0.01389177 -0.07441103 -0.01818793
v -0.06145373 -0.09239449 -0.01754030
v -0.06235437 -0.09207457 -0.01507725
v -0.05505464 -0.09898583 -0.02652775
v -0.06193563 -0.09387446 -0.01900439
v -0.00366213 -0.06918209 -0.01569954
v -0.06314744 -0.09537911 -0.01884310
v -0.06265587 -0.09600584 -0.02008052
v 0.00565433 -0.06930882 -0.01761275
v 0.00565433 -0.06930882 -0.01761275
v 0.02659828 -0.07186078 -0.01413982
v -0.06374688 -0.09714165 -0.02082958
v 0.00597989 -0.07154150 -0.01945571
v -0.06012131 -0.08615622 -0.01129208
v -0.06174010 -0.10649017 -0.02498966
v -0.06523454 -0.10812680 -0.02393533
v -0.06523454 -0.10812680 -0.02393533
v -0.06381393 -0.10492839 -0.02404582
v -0.06381393 -0.10492839 -0.02404582
v -0.06381393 -0.10492839 -0.02404582
v -0.06688487 -0.10740942 -0.02282873
v 0.01259987 -0.06999973 -0.01711036
v 0.01259987 -0.06999973 -0.01711036
v 0.03108504 -0.07821970 -0.01277493
v 0.02772796 -0.07708187 -0.01403735
v -0.07275146 -0.10741600 -0.01762377
v 0.01690605 -0.07258625 -0.01732308
v -0.03958641 -0.11522323 -0.00992965
v -0.04927074 -0.12208512 -0.01032243
v -0.07723256 -0.12224583 -0.01826911
v -0.07590289 -0.13353853 -0.01681470
v -0.03129900 -0.08247615 -0.02629161
v -0.00147544 -0.07736730 -0.02202369
v 0.06711994 -0.07946733 -0.00069596
v 0.01069646 -0.07311990 -0.01864788
v 0.07387923 -0.08003524 0.00565735
v -0.03452111 -0.08694093 -0.02671022
v -0.03192171 -0.08660064 -0.02664728
v 0.07270987 -0.08230094 0.00580604
v -0.06591547 -0.16126955 0.00429119
v 0.05921147 -0.08429132 0.02357298
v -0.06615412 -0.16434535 0.00426091
v -0.06615412 -0.16434535 0.00426091
v 0.01245375 -0.07185758 -0.01765937
v 0.01245375 -0.07185758 -0.01765937
v 0.04481443 -0.07558107 -0.00936554
v 0.04481443 -0.07558107 -0.00936554
v 0.02869529 -0.08579577 -0.01073697
v 0.00550753 -0.07288711 -0.01975828
v 0.00550753 -0.07288711 -0.01975828
v 0.05116489 -0.07815141 -0.00705812
v 0.04046427 -0.08627254 -0.00716470
v 0.03523119 -0.08574803 -0.00920622
v 0.06105946 -0.08800451 0.00170246
v 0.06105946 -0.08800451 0.00170246
v 0.06105946 -0.08800451 0.00170246
v 0.06283862 -0.07712591 -0.00321732
v 0.06086423 -0.07766929 -0.00394201
v 0.03463370 -0.07691745 -0.01246640
v 0.02943856 -0.08403402 -0.01142820
v 0.05065731 -0.07187130 -0.00870014
v 0.02904462 -0.07242164 -0.01386511
v 0.03087589 -0.07081963 -0.01315926
v 0.02365198 -0.07197198 -0.01487055
v 0.04546113 -0.07818556 -0.00851757
v 0.06855897 -0.07646181 -0.00123045
v -0.04968918 -0.09342216 -0.02684123
v 0.06994516 -0.07870520 0.00075528
v -0.06229969 -0.09087729 -0.01345886
v -0.06131710 -0.08931267 -0.01317020
v 0.02008778 -0.07245264 -0.01599758
v 0.01814213 -0.07525966 -0.01676946
v -0.05844024 -0.08813261 -0.01624762
v 0.00784446 -0.06633539 -0.01394542
v 0.01462943 -0.07819802 -0.01770577
v 0.00293521 -0.06606187 -0.01105286
v 0.00293521 -0.06606187 -0.01105286
v 0.04092952 -0.07555127 -0.01084881
v 0.04092952 -0.07555127 -0.01084881
v -0.05486289 -0.09494949 -0.02617610
v 0.03117890 -0.06883761 -0.01258833
v 0.00758796 -0.07389651 -0.01973104
v -0.00589812 -0.07566670 -0.02258545
v -0.00150039 -0.07407349 -0.02135385
v -0.00315952 -0.06732932 -0.01235081
v 0.06560570 -0.07545445 0.02574716
v 0.03099264 -0.07549172 -0.01362703
v 0.08038816 -0.08135142 0.01194615
v -0.06172419 -0.09472222 -0.02008412
v -0.00556485 -0.06711906 -0.01101521
v 0.00481551 -0.07070179 -0.01911536
v -0.00630973 -0.06865233 -0.01353207
v 0.04253687 -0.07302388 -0.01065640
v 0.04253687 -0.07302388 -0.01065640
v 0.04253687 -0.07302388 -0.01065640
v 0.03353564 -0.08132806 -0.01141928
v 0.03353564 -0.08132806 -0.01141928
v 0.02945722 -0.08840840 -0.00887979
v 0.03890993 -0.07756899 -0.01086022
v 0.03890993 -0.07756899 -0.01086022
v 0.03713753 -0.07570311 -0.01212279
v 0.00274201 -0.07367599 -0.02069083
v -0.03586525 -0.09099837 -0.02653599
v -0.03586525 -0.09099837 -0.02653599
v -0.00883520 -0.07984377 -0.02313230
v -0.02255251 -0.10406756 -0.00209902
v 0.05030286 -0.06312332 -0.00292169
v 0.02705992 -0.08463379 -0.01205031
v 0.07770491 -0.07443111 0.02433831
v 0.02552712 -0.07539444 -0.01483877
v 0.02866887 -0.08226821 -0.01240317
v 0.02866887 -0.08226821 -0.01240317
v 0.04510407 -0.06618030 -0.00826025
v 0.03792718 -0.09269551 -0.00204670
v 0.03832145 -0.06858900 -0.01140684
v -0.01078447 -0.09356333 0.00891381
v 0.00180176 -0.08999854 0.01246897
v 0.00180176 -0.08999854 0.01246897
v 0.00180176 -0.08999854 0.01246897
v -0.05677262 -0.08908546 -0.01884348
v -0.00610343 -0.08899935 0.01298134
v 0.00610378 -0.06238588 -0.00342863
v 0.06881945 -0.07440641 0.02503809
v 0.06981608 -0.07590557 0.02631835
v 0.04710974 -0.06777270 -0.00894977
v 0.04833927 -0.07780675 -0.00781252
v 0.04833927 -0.07780675 -0.00781252
v 0.06789655 -0.07134497 0.02291566
v 0.05102884 -0.06419788 -0.00381758
v 0.03343666 -0.07199439 -0.01274358
v 0.06361316 -0.07964395 -0.00208372
v 0.04468939 -0.06932696 -0.01027654
v 0.05391420 -0.07022294 -0.00730199
v 0.05554104 -0.06869313 -0.00659905
v 0.08517013 -0.07450826 0.01499683
v 0.07407942 -0.06679462 0.01185221
v 0.07584413 -0.06726288 0.01308375
v 0.06217634 -0.07130417 -0.00436392
v 0.01274121 -0.07304794 -0.01817346
v 0.06133291 -0.06935540 -0.00483945
v 0.06133291 -0.06935540 -0.00483945
v 0.05783142 -0.07532477 -0.00594838
v 0.05783142 -0.07532477 -0.00594838
v 0.06676444 -0.07453852 -0.00249755
v 0.06897643 -0.07329608 -0.00139681
v 0.06074732 -0.08035810 -0.00296144
v 0.08359336 -0.07980803 0.01494118
v 0.07064392 -0.08360889 0.00452133
v 0.03102552 -0.07320160 -0.01376222
v -0.00039823 -0.06760883 -0.01381643
v -0.00039823 -0.06760883 -0.01381643
v -0.00039823 -0.06760883 -0.01381643
v 0.07119761 -0.07175738 0.00051368
v 0.07999765 -0.07019692 0.00960429
v 0.08507565 -0.07286234 0.01587189
v 0.07857005 -0.06980124 0.00825094
v 0.07935788 -0.07203814 0.00860055
v 0.07683784 -0.07048558 0.00599347
v 0.00855630 -0.09673008 -0.00461188
v 0.05065716 -0.07348873 -0.00848603
v 0.07371171 -0.06773924 0.00538555
v 0.06819339 -0.07056176 -0.00130078
v 0.02309491 -0.07672148 -0.01555583
v 0.06539775 -0.07221733 -0.00297986
v 0.04912579 -0.06924868 -0.00890374
v 0.05630555 -0.07008383 -0.00655019
v 0.06473400 -0.06936693 -0.00292124
v 0.07655560 -0.06722304 0.01112439
v 0.07817303 -0.06769035 0.01303628
v 0.07415247 -0.06899043 0.00381227
v 0.05558642 -0.07296185 -0.00690149
v 0.05499962 -0.07138483 -0.00683150
v 0.03678476 -0.07187341 -0.01241549
v 0.06552720 -0.08304384 0.00039195
v -0.01861154 -0.09793903 -0.01929086
v 0.07590276 -0.07869215 0.00687973
v 0.07506438 -0.08204202 0.00776073
v 0.06092304 -0.08933026 0.00285411
v 0.06092304 -0.08933026 0.00285411
v 0.02357699 -0.06338564 -0.00764431
v 0.02357699 -0.06338564 -0.00764431
v 0.07835703 -0.07964110 0.00913431
v 0.05253398 -0.05863556 0.00835908
v -0.02585894 -0.08964364 -0.02561021
v 0.08250506 -0.07054213 0.01730625
v 0.03565162 -0.07829161 -0.01173693
v 0.03565162 -0.07829161 -0.01173693
v 0.04833202 -0.07971213 0.02491309
v 0.02751964 -0.06312837 -0.00716821
v 0.07193251 -0.08003074 0.00329516
v 0.06854032 -0.08890791 0.00692106
v 0.06854032 -0.08890791 0.00692106
v 0.05340672 -0.09088728 0.00232452
v 0.01153047 -0.09617083 -0.00540919
v 0.05679338 -0.06634740 -0.00519992
v 0.07684162 -0.08480170 0.01130971
v -0.00836645 -0.10018073 -0.01124734
v 0.07324711 -0.08658361 0.01175165
v 0.07324711 -0.08658361 0.01175165
v 0.01276304 -0.09259658 0.00783372
v -0.02778693 -0.07756863 -0.02222005
v 0.07811137 -0.07461844 0.00774390
v 0.03212165 -0.06298892 -0.00621283
v 0.07771479 -0.07683972 0.00778833
v 0.03619364 -0.08283558 -0.01024986
v 0.08178425 -0.07362451 0.01124960
v 0.07590598 -0.08465403 0.00966961
v 0.00174043 -0.08242951 -0.01982636
v 0.08321641 -0.07241255 0.01246666
v 0.05891507 -0.09073562 0.00409851
v 0.06225110 -0.07081653 0.02302671
v 0.03879233 -0.08298332 0.02280811
v 0.03769083 -0.08445641 0.02194906
v 0.07934781 -0.08095559 0.01061199
v 0.08398652 -0.07437281 0.01292791
v 0.08072476 -0.07909426 0.01105592
v 0.08254875 -0.07651756 0.01198296
v 0.07797624 -0.08237173 0.01008749
v 0.05848759 -0.07154812 -0.00614550
v 0.05848759 -0.07154812 -0.00614550
v -0.00916829 -0.08708587 0.01278752
v 0.07176137 -0.06873639 0.00170479
v 0.02936136 -0.07316932 0.02090079
v 0.02936136 -0.07316932 0.02090079
v 0.02263668 -0.06146704 -0.00312875
v -0.06460187 -0.17004639 0.00957095
v -0.06460187 -0.17004639 0.00957095
v 0.03582250 -0.07013126 -0.01218073
v 0.03582250 -0.07013126 -0.01218073
v 0.05669545 -0.09096853 0.00692447
v 0.04427602 -0.09119371 -0.00232907
v 0.08268642 -0.07929274 0.01318159
v 0.07981312 -0.07621782 0.00953665
v -0.00266029 -0.08540131 0.01455088
v 0.03809949 -0.07021287 -0.01199495
v 0.03809949 -0.07021287 -0.01199495
v 0.08403888 -0.07852514 0.01462391
v 0.01602578 -0.08110122 0.01924381
v 0.01261259 -0.08007024 0.01821847
v -0.00886372 -0.07629794 -0.02294699
v 0.00921473 -0.08580511 0.01688815
v 0.08472720 -0.07251342 0.01394489
v 0.00847109 -0.08413546 0.01733329
v 0.00079951 -0.07736309 0.01546980
v 0.00939419 -0.08241191 0.01724861
v 0.04056674 -0.07095084 -0.01140035
v 0.04056674 -0.07095084 -0.01140035
v 0.06804389 -0.08500492 0.00332224
v 0.00029135 -0.07137331 0.01377617
v 0.00178111 -0.07230198 0.01449771
v 0.00080879 -0.08126745 0.01596317
v 0.00080879 -0.08126745 0.01596317
v 0.00594056 -0.08773711 0.01535241
v 0.00607793 -0.08566686 0.01669941
v 0.08163866 -0.07108036 0.01123974
v 0.00352256 -0.08735208 0.01554253
v 0.04263306 -0.07013520 -0.01088264
v -0.00076167 -0.07561938 0.01463346
v -0.00295377 -0.07675915 0.01430610
v -0.00295377 -0.07675915 0.01430610
v 0.01038877 -0.07389119 0.01639305
v 0.05208404 -0.06393423 -0.00335798
v 0.03559992 -0.09144768 -0.00421805
v 0.04026622 -0.09113704 -0.00358011
v -0.00558018 -0.08408442 0.01378377
v -0.00794331 -0.07389814 -0.02189466
v 0.07954039 -0.06880570 0.01612640
v -0.00878653 -0.08308851 0.01330848
v 0.08390332 -0.07155266 0.01767952
v -0.06734355 -0.17235682 0.01441762
v 0.06280260 -0.06786635 -0.00392951
v 0.08457972 -0.07164429 0.01656592
v 0.06627839 -0.06467091 0.01692260
v 0.07676746 -0.07289760 0.00592315
v -0.01530982 -0.08100101 -0.02501916
v -0.01530982 -0.08100101 -0.02501916
v -0.02121148 -0.08037545 -0.02535328
v 0.07635437 -0.07555410 0.00611699
v -0.02043735 -0.07901821 -0.02545731
v 0.06908952 -0.06616214 0.01618910
v 0.07501649 -0.07434818 0.00422630
v -0.06614526 -0.17423143 0.00717278
v -0.06614526 -0.17423143 0.00717278
v -0.06654350 -0.17720894 0.00810869
v -0.06654350 -0.17720894 0.00810869
v -0.06654350 -0.17720894 0.00810869
v 0.02882887 -0.08383597 0.02134737
v 0.02882887 -0.08383597 0.02134737
v 0.01601694 -0.07225571 0.01789293
v 0.01716802 -0.06942946 0.01691988
v 0.01375006 -0.07053720 0.01661324
v 0.01853013 -0.08204135 0.01965442
v 0.01816360 -0.08395157 0.01885891
v 0.01498195 -0.06466876 -0.01035260
v 0.01498195 -0.06466876 -0.01035260
v 0.02134720 -0.08475507 0.01887118
v 0.02134720 -0.08475507 0.01887118
v 0.07207271 -0.07539822 0.00140390
v 0.07424343 -0.07717171 0.00453347
v 0.01159872 -0.07642241 0.01751688
v 0.04135732 -0.05818766 0.00548963
v 0.02128163 -0.07742478 0.02002652
v 0.07641596 -0.06860265 0.00701657
v 0.01517959 -0.08487112 0.01792753
v 0.06315239 -0.07310895 -0.00425411
v 0.04653915 -0.06410672 -0.00543793
v 0.01782141 -0.07810432 0.01956844
v 0.01810791 -0.07580288 0.01909059
v 0.05098753 -0.07602300 -0.00778464
v 0.02150825 -0.08285727 0.02006249
v 0.04398898 -0.06791946 -0.00983030
v -0.00401720 -0.07227918 -0.02018031
v -0.00401720 -0.07227918 -0.02018031
v 0.06895131 -0.06913439 -0.00041048
v 0.00947690 -0.07882486 0.01726839
v 0.02131902 -0.07926442 0.02037436
v 0.07265855 -0.06637105 0.01606118
v 0.02155766 -0.08100844 0.02054579
v 0.06075611 -0.07304149 -0.00508175
v 0.06726734 -0.06827416 -0.00121978
v 0.08110216 -0.06917548 0.01557418
v 0.03074245 -0.07521649 0.02155628
v 0.03111614 -0.07874705 0.02243042
v 0.01888763 -0.08036187 0.01996493
v 0.06969757 -0.06820633 0.00060232
v 0.02612630 -0.07299641 0.02025767
v 0.02414293 -0.07091786 0.01922957
v 0.08350207 -0.07127927 0.01319377
v 0.03557290 -0.07251216 0.02183299
v 0.03232774 -0.07302998 0.02091309
v 0.04562388 -0.07903830 0.02440143
v 0.03956139 -0.07610703 0.02331849
v 0.06233541 -0.07889956 0.02673151
v 0.05173306 -0.06171582 -0.00001444
v 0.05258480 -0.07856043 0.02566650
v 0.03350532 -0.07533754 0.02197337
v -0.00255945 -0.06315034 0.00466452
v 0.06214000 -0.07512420 -0.00413316
v 0.04081200 -0.06845152 0.02162064
v 0.02459797 -0.08177962 0.02118107
v -0.00951271 -0.06495847 0.00353800
v -0.00951271 -0.06495847 0.00353800
v 0.07380377 -0.08644973 0.00932990
v 0.02368811 -0.07787155 0.02044130
v 0.08005374 -0.06827650 0.01326456
v 0.03275457 -0.07034749 0.02066709
v 0.03275457 -0.07034749 0.02066709
v 0.06416203 -0.06358780 0.00618005
v 0.06684385 -0.06441603 0.00443664
v 0.07027716 -0.07279181 0.02396158
v 0.06483686 -0.07117740 0.02292171
v 0.00314959 -0.06254648 -0.00371629
v 0.08325026 -0.07022116 0.01572763
v 0.06249042 -0.07249102 0.02399716
v -0.00219342 -0.06235795 0.00289088
v 0.06061699 -0.06995300 0.02323645
v 0.06300130 -0.06887306 0.02241933
v 0.05893687 -0.07771569 0.02660049
v 0.05543059 -0.07626399 0.02597067
v 0.07446724 -0.07281172 0.02375520
v 0.07446724 -0.07281172 0.02375520
v 0.04553620 -0.07100395 0.02396273
v 0.07031413 -0.06971867 0.00047477
v 0.08106924 -0.07174556 0.02041105
v 0.08263165 -0.07173460 0.01885939
v 0.05571922 -0.08103830 0.02575306
v 0.05089978 -0.07590029 0.02557938
v 0.01576223 -0.06201455 -0.00428587
v 0.01576223 -0.06201455 -0.00428587
v 0.01576223 -0.06201455 -0.00428587
v 0.05099422 -0.08134093 0.02509430
v 0.05281378 -0.08331155 0.02446298
v 0.05203921 -0.07362640 0.02568080
v 0.03802945 -0.06934852 0.02146940
v 0.07228495 -0.07450294 0.02517655
v 0.00061283 -0.07457098 0.01484145
v 0.02760339 -0.08623319 0.01876104
v 0.02760339 -0.08623319 0.01876104
v -0.00372793 -0.06399068 -0.00574081
v -0.00372793 -0.06399068 -0.00574081
v 0.05348067 -0.07126346 0.02509714
v 0.07576754 -0.06709235 0.01679614
v 0.06005886 -0.06435760 0.01984498
v 0.02816396 -0.06986447 0.01977259
v 0.02816396 -0.06986447 0.01977259
v 0.05009052 -0.06908195 0.02383239
v 0.02748058 -0.08018775 0.02179131
v 0.02748058 -0.08018775 0.02179131
v 0.02725461 -0.07678612 0.02111110
v 0.02725461 -0.07678612 0.02111110
v 0.00537814 -0.07967940 0.01682708
v 0.02341141 -0.07549503 0.02006804
v 0.02146930 -0.07433093 0.01955089
v 0.03326141 -0.06976288 -0.01241593
v 0.00645583 -0.07348726 0.01565198
v 0.03513191 -0.06898592 0.02062419
v 0.03513191 -0.06898592 0.02062419
v 0.03679449 -0.06739769 0.02021036
v 0.03679449 -0.06739769 0.02021036
v 0.04183895 -0.06631732 0.02061538
v 0.04213849 -0.05815559 0.00960579
v 0.02014491 -0.07571252 0.01957032
v 0.01066670 -0.07107686 0.01558453
v 0.01259926 -0.06160393 -0.00358816
v 0.01644607 -0.06765656 0.01552913
v 0.03317409 -0.06693464 -0.01145191
v 0.03317409 -0.06693464 -0.01145191
v 0.01319141 -0.07394695 0.01762668
v 0.05221908 -0.09062941 0.00066154
v 0.07475328 -0.06728722 0.00802683
v 0.07944043 -0.06853604 0.01056130
v 0.02278287 -0.07299185 0.01943406
v 0.00800199 -0.06735639 0.01253842
v 0.00151509 -0.06928778 0.01273509
v -0.00217332 -0.07108008 0.01271519
v -0.00557526 -0.07113034 0.01183822
v 0.07872820 -0.06784236 0.01182667
v 0.00846812 -0.07648143 0.01684312
v 0.03006163 -0.06774233 -0.01234831
v 0.03039233 -0.08165254 0.02242966
v 0.02855426 -0.07454630 -0.01427683
v -0.01125366 -0.07025000 0.00938269
v -0.01125366 -0.07025000 0.00938269
v -0.01125366 -0.07025000 0.00938269
v 0.02343124 -0.06593713 -0.01201309
v 0.02343124 -0.06593713 -0.01201309
v -0.01398091 -0.06707850 0.00409436
v -0.00216561 -0.07989088 0.01485080
v -0.00216561 -0.07989088 0.01485080
v 0.02479230 -0.07344251 -0.01464567
v 0.00061278 -0.06435426 -0.00820822
v 0.07758272 -0.06781120 0.01502583
v 0.04551037 -0.07254135 -0.00951482
v -0.01067644 -0.07495860 0.01221076
v 0.06816231 -0.06524020 0.01806245
v 0.06509712 -0.06444282 0.01858391
v 0.06509712 -0.06444282 0.01858391
v 0.06252922 -0.06477290 0.02014891
v 0.02684983 -0.06590849 0.01688924
v 0.02684983 -0.06590849 0.01688924
v 0.02408630 -0.08386732 -0.01334030
v 0.02408630 -0.08386732 -0.01334030
v 0.03582330 -0.07041784 0.02135291
v 0.03282944 -0.06836042 -0.01199263
v 0.03496828 -0.06841833 -0.01157664
v 0.03496828 -0.06841833 -0.01157664
v 0.05536899 -0.06893048 0.02383269
v 0.03154089 -0.06749777 -0.01214571
v 0.02609049 -0.07002159 -0.01354213
v 0.07132844 -0.06611976 0.00751841
v 0.07312509 -0.06665494 0.00977848
v 0.01458118 -0.09541354 -0.00590370
v 0.00525712 -0.06424508 -0.00797547
v 0.04044234 -0.08892651 -0.00537777
v 0.06606541 -0.07331227 0.02405159
v 0.02889159 -0.06903911 -0.01279110
v 0.05294438 -0.06858090 -0.00723567
v 0.02016551 -0.06952076 -0.01527182
v 0.02016551 -0.06952076 -0.01527182
v 0.00851782 -0.08223776 0.01728852
v 0.01916743 -0.07371176 0.01912461
v 0.08362201 -0.07267393 0.01869283
v 0.08311729 -0.07345436 0.02033361
v 0.08157478 -0.06913841 0.01373870
v -0.00116961 -0.07356223 0.01409953
v 0.08246251 -0.07010398 0.01325955
v 0.02701799 -0.07355459 -0.01444966
v 0.06228821 -0.08219296 -0.00153820
v 0.08444668 -0.07680118 0.01421094
v 0.04567401 -0.09196772 -0.00041854
v 0.01301051 -0.06095673 0.00657876
v 0.04213222 -0.09251196 -0.00104507
v 0.04035064 -0.07287436 0.02296661
v 0.02454093 -0.07970260 0.02107455
v 0.03521813 -0.07749102 0.02274496
v 0.05870101 -0.07036657 0.02405159
v 0.06071798 -0.07135210 0.02371992
v 0.03226551 -0.06780484 0.01928510
v 0.07900251 -0.06988420 0.01963066
v 0.07931447 -0.06817181 0.01453457
v 0.04475990 -0.06845327 0.02283837
v 0.06422031 -0.06388620 0.01724388
v 0.05296711 -0.05893697 0.00717439
v 0.00798555 -0.06562946 0.01015393
v 0.03315607 -0.06507948 -0.01015577
v 0.00856660 -0.06320737 0.00806286
v 0.05905369 -0.06191371 0.01690172
v 0.02849723 -0.07076809 -0.01351770
v 0.05695977 -0.06190659 0.01760516
v 0.03785296 -0.06478353 -0.00881321
v 0.03652458 -0.06672604 -0.01069009
v 0.04100655 -0.06671383 -0.01002306
v 0.00748637 -0.07060162 0.01497844
v 0.05150448 -0.06666186 -0.00659697
v 0.03790565 -0.06176949 -0.00073669
v 0.03088761 -0.05943372 0.00698709
v 0.02046868 -0.06625942 -0.01275685
v 0.02971113 -0.05950432 0.00944785
v 0.04237260 -0.06485527 -0.00787302
v 0.03217267 -0.08381283 -0.01069043
v 0.00145975 -0.06552129 -0.00963893
v 0.03088123 -0.08284012 -0.01141618
v 0.04639335 -0.07045252 -0.00975937
v 0.04359469 -0.07101638 -0.01038574
v 0.08464166 -0.07849189 0.01582078
v 0.08521954 -0.07640243 0.01636633
v 0.02871363 -0.06471653 -0.00999618
v 0.02871363 -0.06471653 -0.00999618
v 0.07012080 -0.08650736 0.00561999
v 0.04008732 -0.06378090 -0.00701522
v 0.03411734 -0.06388028 -0.00815413
v -0.02089953 -0.06714363 -0.00247757
v 0.03118452 -0.06393413 -0.00849197
v -0.00973998 -0.08208705 -0.02326354
v 0.00324387 -0.08284162 0.01661672
v 0.04015671 -0.06261399 -0.00519980
v 0.02491628 -0.06453589 -0.01009166
v 0.02491628 -0.06453589 -0.01009166
v 0.02491628 -0.06453589 -0.01009166
v -0.01546182 -0.06652219 0.00186767
v 0.06056612 -0.06306083 0.00101041
v 0.06056612 -0.06306083 0.00101041
v 0.00848799 -0.06160089 -0.00175988
v 0.00499364 -0.06661227 -0.01391294
v 0.00499364 -0.06661227 -0.01391294
v 0.03386220 -0.08048513 0.02305625
v 0.03794143 -0.06250001 -0.00396080
v 0.04508340 -0.05909584 0.01138242
v -0.00156623 -0.06396294 0.00625938
v 0.04379120 -0.08959826 -0.00402916
v 0.06867030 -0.06632228 0.01392058
v 0.07079269 -0.06659622 0.01434248
v 0.04865345 -0.05846206 0.00980467
v 0.02300492 -0.06202686 0.01233956
v 0.02300492 -0.06202686 0.01233956
v 0.01299600 -0.06879020 0.01539384
v 0.00546637 -0.06455499 0.00863882
v 0.01561942 -0.06283715 0.01079560
v 0.01410261 -0.06638325 0.01393666
v 0.01954795 -0.06139926 0.01041955
v -0.00894512 -0.07155786 0.01094461
v -0.00894512 -0.07155786 0.01094461
v 0.00073178 -0.06258625 0.00525544
v 0.04027188 -0.06203766 -0.00337329
v 0.02044914 -0.07103588 0.01859224
v 0.00578447 -0.06871254 0.01357480
v 0.03304317 -0.06065005 0.00127802
v 0.06533122 -0.06745255 0.02151067
v 0.06693685 -0.06938589 0.02213363
v 0.03484618 -0.05869184 0.00685781
v 0.04789943 -0.05938154 0.00339742
v 0.04176050 -0.05932606 0.00268226
v 0.00909692 -0.06901509 0.01429946
v -0.01665639 -0.07228182 -0.01808024
v 0.03762157 -0.05880570 0.00509287
v 0.04416810 -0.05844990 0.00462050
v 0.05473058 -0.05962039 0.00646820
v 0.02839685 -0.06737378 -0.01237338
v 0.03285668 -0.05962105 0.00431900
v 0.03736206 -0.05989139 0.00257772
v -0.00994486 -0.07316697 0.01172464
v 0.07819422 -0.06843556 0.01750704
v 0.03960130 -0.05887640 0.00398073
v 0.04969791 -0.05847763 0.00553281
v 0.04686054 -0.05841801 0.00505886
v 0.03536982 -0.08222745 0.02285701
v 0.02596852 -0.05952124 0.00728624
v 0.06342969 -0.06422786 0.01943122
v 0.06547321 -0.06552421 0.02026488
v 0.06547321 -0.06552421 0.02026488
v 0.06279317 -0.06382376 0.01797146
v 0.06279317 -0.06382376 0.01797146
v 0.05294990 -0.06698383 0.02259538
v 0.04516396 -0.05948869 0.00265002
v 0.04479308 -0.05790427 0.00643086
v 0.03315999 -0.05926588 0.01031664
v 0.03829129 -0.07093713 0.02202441
v 0.03297385 -0.05905232 0.00855316
v 0.02988096 -0.06125580 -0.00078072
v 0.03884403 -0.05811212 0.00927078
v 0.03774055 -0.05802728 0.00845282
v 0.04950808 -0.07176048 0.02480498
v 0.01072521 -0.06600564 0.01212788
v 0.01062961 -0.06757392 0.01362263
v 0.06660385 -0.06470756 0.01827932
v 0.02184818 -0.06421443 -0.00914941
v 0.04324756 -0.06098507 -0.00028626
v 0.03833932 -0.05806055 0.00732995
v 0.00439015 -0.06673042 0.01075631
v 0.02212176 -0.07863218 -0.01531490
v 0.00986952 -0.06092138 0.00476583
v 0.04624385 -0.07435335 0.02471249
v -0.00903365 -0.06963731 -0.01467573
v 0.01613810 -0.06114227 0.00856165
v -0.00432452 -0.06303447 0.00364725
v 0.06157942 -0.06271067 0.01409797
v 0.00767225 -0.07597803 -0.01983824
v 0.00767225 -0.07597803 -0.01983824
v 0.04510116 -0.05803819 0.00869774
v 0.03597265 -0.05836564 0.00894378
v 0.00035179 -0.08425320 0.01574791
v 0.00035179 -0.08425320 0.01574791
v 0.01958510 -0.06594264 0.01520331
v 0.01341128 -0.06473819 0.01211630
v 0.01615694 -0.06022622 0.00676861
v 0.06178346 -0.06405140 0.01910586
v 0.02140552 -0.07063767 -0.01521650
v 0.05670835 -0.07131955 0.02501268
v 0.02237528 -0.06858709 0.01776066
v 0.00467708 -0.06279808 0.00673773
v 0.02643052 -0.05967859 0.00987888
v 0.03589971 -0.06213944 -0.00194510
v 0.01636057 -0.06452393 0.01296589
v 0.02509552 -0.05989336 0.00415827
v 0.03060817 -0.07140840 0.02052299
v 0.03060817 -0.07140840 0.02052299
v 0.03060817 -0.07140840 0.02052299
v -0.00474736 -0.07373548 0.01344335
v -0.00474736 -0.07373548 0.01344335
v 0.01337951 -0.06777429 -0.01582564
v 0.07105841 -0.06666253 0.01196616
v 0.01135218 -0.06419583 0.01016987
v 0.06109386 -0.06802437 -0.00474006
v 0.06109386 -0.06802437 -0.00474006
v 0.06147993 -0.06662889 -0.00386800
v 0.06147993 -0.06662889 -0.00386800
v 0.05880150 -0.06844493 -0.00575916
v 0.08075441 -0.07024304 0.01797518
v 0.02819509 -0.06163956 -0.00318842
v 0.00514226 -0.06170940 0.00110343
v 0.03958626 -0.06099170 0.00020269
v 0.08448974 -0.07107281 0.01472926
v 0.02732403 -0.05948314 0.00897821
v -0.00500961 -0.06282831 0.00207907
v 0.03276438 -0.06002557 0.01218190
v 0.02171900 -0.05957985 0.00685397
v 0.02171900 -0.05957985 0.00685397
v 0.04683421 -0.06102006 0.00059386
v 0.00046546 -0.06683140 0.00990966
v 0.04808439 -0.05803070 0.00732460
v 0.05313093 -0.06149968 0.00136467
v 0.05343340 -0.06260080 -0.00099589
v 0.03690300 -0.07477217 0.02260944
v 0.05163949 -0.06091613 0.00186262
v 0.06558474 -0.06467446 0.00158890
v 0.06900176 -0.08186452 0.00192765
v 0.00570522 -0.06316556 -0.00565902
v 0.02316474 -0.06387554 0.01429724
v 0.02547512 -0.06145473 -0.00347437
v 0.02386334 -0.06241635 -0.00522048
v 0.05019213 -0.06013660 0.00308413
v 0.05222780 -0.05912044 0.00579937
v -0.00363680 -0.06242807 0.00084634
v 0.07475760 -0.07905855 0.02507136
v 0.08477835 -0.07614595 0.01846225
v 0.05901330 -0.07979117 0.02637603
v 0.07048283 -0.06601387 0.01767329
v 0.07319426 -0.06690218 0.01853866
v 0.07851866 -0.08361158 0.01155546
v 0.04482388 -0.06221919 -0.00308186
v -0.01056161 -0.06414868 0.00109539
v -0.01056161 -0.06414868 0.00109539
v 0.01654169 -0.06847187 -0.01604662
v 0.04107068 -0.06174540 -0.00174827
v 0.01705370 -0.06692635 -0.01440190
v -0.00112656 -0.07188974 -0.01960622
v 0.04179174 -0.05767421 0.00776145
v 0.03501907 -0.06270596 -0.00432941
v 0.04286061 -0.06338026 -0.00553911
v 0.04219043 -0.06224339 -0.00335750
v 0.02232388 -0.06898145 -0.01470968
v 0.05189965 -0.06052028 0.01503105
v 0.05189965 -0.06052028 0.01503105
v 0.06459612 -0.07414233 -0.00347907
v 0.05766187 -0.06127258 0.01489816
v 0.05766187 -0.06127258 0.01489816
v 0.02873228 -0.05970311 0.00501673
v 0.02204099 -0.06514437 -0.01086932
v 0.07255665 -0.07012419 0.00185157
v 0.05067787 -0.06471067 -0.00496117
v 0.03904055 -0.06195723 -0.00182245
v 0.00786072 -0.07030905 -0.01841424
v 0.00786072 -0.07030905 -0.01841424
v 0.04155910 -0.06898955 -0.01104430
v 0.02353348 -0.06736942 -0.01358159
v 0.02353348 -0.06736942 -0.01358159
v 0.05892201 -0.06295665 0.01842130
v 0.02639920 -0.06807630 -0.01306303
v 0.02660336 -0.06612764 -0.01193090
v 0.04818000 -0.06598692 -0.00724182
v 0.03386906 -0.07540071 -0.01318290
v 0.06477801 -0.06711986 -0.00233295
v 0.03294145 -0.09011616 -0.00642959
v 0.06942783 -0.06614091 0.01937076
v 0.05350168 -0.07465401 -0.00749158
v 0.04686196 -0.06918153 -0.00960972
v 0.05282519 -0.07224195 -0.00772315
v 0.04881473 -0.07171772 -0.00913296
v 0.03023840 -0.06638046 -0.01166156
v 0.03023840 -0.06638046 -0.01166156
v 0.06378331 -0.06551573 -0.00125201
v 0.05120826 -0.07047542 -0.00839713
v 0.07433326 -0.07173839 0.00324399
vn -0.47232400 0.10540144 0.87510040
vn -0.68008380 -0.53658730 0.49956006
vn -0.68008380 -0.53658730 0.49956006
vn -0.28564495 -0.66777027 0.68737900
vn -0.28564495 -0.66777027 0.68737900
vn -0.28564495 -0.66777027 0.68737900
vn -0.23634460 0.30812186 0.92152170
vn 0.22085110 -0.89440890 0.38891855
vn 0.12932388 -0.85632384 0.49998486
vn 0.11835799 -0.89944450 0.42070296
vn 0.28148854 -0.91081434 0.30196280
vn 0.28148854 -0.91081434 0.30196280
vn 0.39112106 -0.74322990 0.54280170
vn 0.39112106 -0.74322990 0.54280170
vn 0.22793244 -0.67042667 0.70609830
vn 0.19986868 -0.74450980 0.63699114
vn 0.28078700 -0.88099960 0.38078650
vn 0.28078700 -0.88099960 0.38078650
vn 0.22245732 -0.82472840 0.51993823
vn 0.20793822 -0.84433246 0.49382620
vn 0.17689243 -0.79680130 0.57776886
vn -0.43346960 0.38565233 0.81447930
vn -0.50483274 0.43883428 0.74334943
vn -0.38108438 0.37159350 0.84657720
vn -0.54060480 0.50159836 0.67538550
vn -0.63048214 0.53146315 0.56572026
vn -0.53905070 0.45113948 0.71126480
vn -0.34258910 0.27648590 0.89787984
vn -0.30444130 0.22906117 0.92457914
vn -0.60059214 0.56432545 0.56641490
vn -0.62220370 0.61132175 0.48902790
vn -0.25998220 0.23144363 0.93746640
vn -0.24039805 0.22412069 0.94444627
vn -0.24039805 0.22412069 0.94444627
vn -0.30009750 0.17901327 0.93696090
vn -0.30009750 0.17901327 0.93696090
vn -0.27152380 0.16670880 0.94788350
vn -0.30808276 0.17175493 0.93572720
vn -0.30808276 0.17175493 0.93572720
vn -0.62460790 0.71960926 0.30336043
vn -0.61460984 0.71838800 0.32584268
vn -0.61414790 0.74120440 0.27099535
vn -0.96369430 0.26698208 0.00373338
vn -0.95421016 0.29172248 0.06618923
vn 0.46020523 -0.81901777 0.34266758
vn -0.96028180 0.26508385 0.08711800
vn -0.89262990 0.28962904 0.34543735
vn -0.94243866 0.33209231 0.03903956
vn -0.97836936 0.20671913 -0.00778649
vn -0.97353500 0.16647242 -0.15657769
vn -0.97954140 0.18469332 -0.07991898
vn -0.97938496 0.19624935 0.04786927
vn -0.99095386 0.02896183 -0.13104100
vn -0.99099970 -0.12533921 -0.04700822
vn -0.99099970 -0.12533921 -0.04700822
vn -0.93138110 0.33381623 0.14524451
vn -0.75511545 0.25815916 0.60262310
vn 0.56044010 -0.61908700 -0.55012560
vn -0.95434560 0.19024561 0.23028500
vn -0.96383550 0.26649675 0.00082045
vn -0.96418417 0.19587200 -0.17883837
vn -0.95386785 0.12215695 -0.27425137
vn -0.95401260 0.28473657 0.09372839
vn -0.95817190 0.28271590 -0.04447970
vn -0.96678317 0.25235980 -0.04055741
vn -0.94754744 0.28934080 0.13577862
vn -0.96556365 0.25999350 0.00950821
vn -0.93276400 0.34316307 -0.11041095
vn -0.66582420 0.51688560 0.53805906
vn -0.53881290 0.40681303 0.73768824
vn 0.28615280 -0.17426932 -0.94220320
vn -0.48552440 0.38772112 0.78354220
vn -0.48552440 0.38772112 0.78354220
vn -0.61614084 0.44908115 0.64706780
vn -0.57805670 0.39857087 0.71203350
vn -0.57805670 0.39857087 0.71203350
vn -0.23719081 0.26270804 0.93526730
vn -0.41059650 0.32988256 0.85005180
vn -0.41059650 0.32988256 0.85005180
vn -0.34250572 0.38021353 0.85914350
vn -0.34250572 0.38021353 0.85914350
vn -0.50112060 0.55371785 0.66503745
vn -0.48297095 0.54215620 0.68760866
vn -0.40975466 0.53508830 0.73877030
vn 0.26819160 -0.78187170 0.56280550
vn 0.26819160 -0.78187170 0.56280550
vn -0.64530265 0.60981405 0.46012104
vn -0.67756116 0.65712740 0.33029470
vn -0.53582630 0.44155005 0.71966916
vn -0.46960068 0.36169708 0.80538840
vn -0.65032005 0.44953900 0.61237120
vn -0.65032005 0.44953900 0.61237120
vn -0.27654200 0.37768993 0.88367130
vn -0.70754826 0.68723080 0.16458803
vn -0.56738540 0.74991560 0.34014764
vn -0.52158440 0.77550775 0.35572124
vn -0.10013466 0.20584092 0.97344880
vn -0.97071150 0.20721999 -0.12156889
vn -0.96473430 0.22485465 -0.13685091
vn -0.45837206 0.47986990 0.74807750
vn -0.99271200 0.11623725 0.03180926
vn -0.99947690 -0.03206160 0.00423056
vn -0.64842534 0.35541340 0.67322060
vn -0.81637394 0.30408823 0.49098265
vn -0.86719733 0.39566392 0.30235568
vn -0.65198230 0.56977060 0.50028044
vn -0.57173634 0.56078650 0.59886235
vn 0.01861920 0.12136923 0.99243283
vn -0.90023340 0.04763605 -0.43279403
vn -0.90023340 0.04763605 -0.43279403
vn -0.95056460 0.23715074 -0.20046578
vn -0.93191300 0.31921860 -0.17215604
vn -0.93809307 0.34541780 0.02584676
vn -0.89980020 0.43626120 -0.00598936
vn -0.74950840 0.55825610 0.35579112
vn -0.74950840 0.55825610 0.35579112
vn -0.75273810 0.52217054 0.40090300
vn -0.75273810 0.52217054 0.40090300
vn -0.74678040 0.61585090 -0.25109120
vn 0.22515860 -0.95046720 0.21427937
vn 0.26329622 -0.90804315 0.32578020
vn 0.26329622 -0.90804315 0.32578020
vn 0.26329622 -0.90804315 0.32578020
vn 0.16448341 -0.94668670 0.27700105
vn 0.16448341 -0.94668670 0.27700105
vn 0.06610420 -0.93866750 0.33842835
vn 0.18073867 -0.95724190 0.22587960
vn 0.18073867 -0.95724190 0.22587960
vn 0.28733200 -0.52979360 -0.79797190
vn 0.33155048 -0.44287094 -0.83303034
vn 0.24110925 -0.39233547 -0.88765943
vn 0.32377370 -0.42103922 -0.84728780
vn 0.23582338 -0.36289427 -0.90149605
vn 0.35721385 -0.29270148 -0.88697475
vn 0.35721385 -0.29270148 -0.88697475
vn 0.35721385 -0.29270148 -0.88697475
vn 0.11415786 -0.27378693 -0.95499150
vn 0.18520707 -0.31545863 -0.93069020
vn 0.11718093 -0.24272527 -0.96299180
vn 0.09507836 -0.88202090 0.46151847
vn 0.09761516 -0.93473550 0.34167388
vn 0.07243778 -0.89159450 0.44700336
vn 0.03464187 -0.86260970 0.50468240
vn 0.03464187 -0.86260970 0.50468240
vn 0.06547207 0.11717707 0.99095050
vn -0.03681983 0.21394703 0.97615110
vn -0.18697767 0.28137730 0.94120460
vn -0.18697767 0.28137730 0.94120460
vn 0.87035644 -0.49208760 0.01815417
vn -0.37911380 0.42624918 0.82133090
vn -0.25589523 0.37367020 0.89156514
vn 0.16081890 -0.30053820 -0.94011390
vn 0.02539612 -0.22812027 -0.97330177
vn 0.41388407 -0.58396894 -0.69834113
vn 0.41388407 -0.58396894 -0.69834113
vn 0.37950530 -0.55643050 -0.73916220
vn 0.37950530 -0.55643050 -0.73916220
vn -0.73297954 0.56613310 -0.37713975
vn -0.84359306 -0.27747092 -0.45973977
vn 0.16635738 -0.33361617 -0.92791470
vn 0.17010010 -0.34588690 -0.92272866
vn -0.48456690 -0.25664875 -0.83625740
vn 0.03642860 -0.25789785 -0.96548530
vn 0.03642860 -0.25789785 -0.96548530
vn 0.26270127 -0.37333974 -0.88972210
vn 0.29699590 -0.40958485 -0.86257386
vn 0.15206848 -0.37405005 -0.91485614
vn 0.15206848 -0.37405005 -0.91485614
vn 0.08563499 -0.31902793 -0.94386860
vn 0.08563499 -0.31902793 -0.94386860
vn 0.08563499 -0.31902793 -0.94386860
vn 0.08336414 -0.83868885 0.53819280
vn 0.07561741 -0.85832494 0.50750410
vn 0.07561741 -0.85832494 0.50750410
vn -0.70585650 -0.70689960 -0.04538243
vn -0.74840300 -0.60876477 0.26324600
vn 0.09116646 -0.89575940 0.43509048
vn 0.09116646 -0.89575940 0.43509048
vn -0.69574980 0.47236198 -0.54111594
vn -0.69574980 0.47236198 -0.54111594
vn 0.06474257 -0.92886730 0.36471100
vn 0.00015454 -0.87897410 0.47686964
vn 0.18556674 -0.90417050 0.38476068
vn 0.20245090 -0.93763520 0.28258430
vn 0.12386389 -0.94926620 0.28905272
vn 0.14627182 -0.92322200 0.35533880
vn 0.18181847 -0.89222187 0.41337900
vn 0.10932936 -0.59272873 0.79794730
vn 0.10932936 -0.59272873 0.79794730
vn 0.07861315 -0.53679850 0.84004015
vn 0.07861315 -0.53679850 0.84004015
vn 0.16991358 -0.63543797 0.75322510
vn 0.60321695 0.27093002 0.75015074
vn 0.83508220 -0.03673336 0.54889756
vn 0.73637825 -0.63314390 0.23848656
vn 0.48392440 -0.81988900 0.30594000
vn 0.48551480 0.07211263 0.87124926
vn 0.32687417 -0.29385886 0.89822060
vn 0.32687417 -0.29385886 0.89822060
vn -0.65873750 0.55966210 0.50283520
vn -0.66485820 0.73141810 0.15162869
vn -0.95566875 0.25886518 -0.14030698
vn -0.95595240 0.16912018 -0.23990280
vn -0.97701990 0.10492536 -0.18553382
vn -0.92173730 0.04559898 -0.38512490
vn -0.92173730 0.04559898 -0.38512490
vn -0.96416646 0.01966300 -0.26456833
vn -0.96416646 0.01966300 -0.26456833
vn 0.32950833 -0.51074010 -0.79408370
vn 0.45625317 -0.61550970 -0.64263590
vn -0.42507178 0.40980712 0.80707633
vn -0.44492960 0.43257480 0.78416616
vn -0.71444863 -0.38628227 -0.58339450
vn 0.01597348 -0.23974077 -0.97070550
vn -0.32919136 0.43538487 0.83789810
vn -0.93116150 -0.16417742 -0.32555196
vn -0.80931820 0.58524054 0.04997613
vn -0.87227250 0.48502418 0.06238764
vn -0.67994330 0.23143938 0.69578224
vn -0.84246310 0.53485330 0.06471424
vn -0.83495647 0.50734020 0.21319856
vn -0.96752346 -0.16596179 -0.19067007
vn -0.96752346 -0.16596179 -0.19067007
vn -0.96752346 -0.16596179 -0.19067007
vn -0.92396240 -0.01505156 -0.38218720
vn -0.67624960 0.23676040 0.69758946
vn -0.84897470 0.52547634 0.05582814
vn -0.72306440 0.52903265 0.44418722
vn -0.69799120 0.69616610 -0.16781284
vn 0.56367433 -0.64711934 -0.51333016
vn -0.94664305 0.12346774 -0.29769560
vn -0.92819660 0.08140993 -0.36307508
vn -0.92819660 0.08140993 -0.36307508
vn -0.92819660 0.08140993 -0.36307508
vn 0.35552442 -0.54414950 -0.75993670
vn -0.87511310 -0.00793975 -0.48385330
vn -0.87511310 -0.00793975 -0.48385330
vn 0.26114082 -0.91413460 0.31010225
vn 0.32793180 -0.91128790 0.24902849
vn 0.32793180 -0.91128790 0.24902849
vn 0.46528820 0.84169257 -0.27397190
vn 0.42215920 0.89693356 -0.13149855
vn 0.33429080 0.93942010 0.07576072
vn 0.39176960 0.90960634 0.13832176
vn 0.38265690 0.92348920 -0.02722941
vn 0.32668045 0.93970210 0.10119203
vn 0.29902437 0.94228274 0.15062457
vn -0.28390947 0.77132640 0.56960595
vn -0.28390947 0.77132640 0.56960595
vn -0.23667067 0.70675290 0.66669890
vn 0.17279612 0.55905850 0.81092244
vn 0.17279612 0.55905850 0.81092244
vn -0.17305733 0.69031330 0.70250890
vn -0.17305733 0.69031330 0.70250890
vn 0.18402094 0.67544186 0.71408300
vn 0.07858403 0.54395100 0.83542913
vn 0.07858403 0.54395100 0.83542913
vn 0.21109450 0.73880740 0.64000213
vn 0.24641073 -0.06220777 -0.96716696
vn 0.29733926 0.70374227 0.64524120
vn 0.34430915 0.83027047 0.43829470
vn 0.11091177 0.54207410 0.83297920
vn 0.15336807 0.45775446 0.87575066
vn 0.37007186 0.92899810 -0.00306259
vn 0.06053089 0.61266450 0.78802174
vn -0.11398153 0.68771964 0.71697280
vn -0.11398153 0.68771964 0.71697280
vn -0.10333467 0.78883135 0.60586065
vn -0.13631119 0.70462360 0.69636554
vn 0.02029808 0.88451100 0.46607763
vn 0.55068994 -0.83431417 0.02570097
vn -0.04506090 0.84004720 0.54063880
vn 0.00258659 0.88974330 0.45645390
vn 0.09308947 0.72860880 0.67857474
vn 0.17633557 0.16159813 0.97097474
vn 0.00980596 0.05333976 0.99852836
vn -0.06666996 0.88243324 0.46568948
vn 0.27863377 -0.15193199 -0.94830376
vn -0.02449028 0.73423195 0.67845684
vn 0.25297720 0.93312560 0.25549778
vn 0.25297720 0.93312560 0.25549778
vn -0.07574123 0.75983083 0.64569380
vn -0.21338466 0.54156340 0.81312740
vn -0.19453213 0.55572873 0.80828390
vn 0.37816080 0.92263640 0.07574043
vn 0.37816080 0.92263640 0.07574043
vn 0.40960512 0.91182490 0.02826810
vn 0.40960512 0.91182490 0.02826810
vn 0.29235420 0.94375867 0.15443020
vn 0.29235420 0.94375867 0.15443020
vn 0.36286676 0.92189497 0.13578449
vn 0.36286676 0.92189497 0.13578449
vn -0.22696072 0.64139384 0.73287300
vn 0.11335294 0.95043810 0.28951436
vn 0.00687082 0.93015810 0.36709505
vn 0.12713738 0.94890410 0.28882040
vn 0.28305972 -0.24161091 -0.92817100
vn 0.11849722 0.94601834 0.30167490
vn 0.11849722 0.94601834 0.30167490
vn 0.11849722 0.94601834 0.30167490
vn -0.02924289 0.83409030 0.55085236
vn -0.08792378 0.73860360 0.66838175
vn -0.07807801 0.78862196 0.60990113
vn -0.07807801 0.78862196 0.60990113
vn -0.19384208 -0.03250761 0.98049410
vn -0.15281930 0.75714650 0.63511840
vn -0.20906831 0.71161760 0.67073905
vn -0.15497933 0.79513687 0.58629250
vn -0.12496734 0.93958473 0.31869072
vn -0.10513839 0.97226870 -0.20890080
vn -0.05455992 0.99620163 -0.06786449
vn -0.07876714 0.89790446 0.43308595
vn 0.22048290 0.92675220 -0.30416715
vn 0.29541060 0.93078600 -0.21533698
vn 0.29541060 0.93078600 -0.21533698
vn 0.40529835 0.91231513 0.05843151
vn 0.38332832 0.92180520 -0.05774676
vn 0.14687456 0.89844400 -0.41379514
vn 0.30232042 0.84851485 -0.43430970
vn 0.01087227 0.89123100 -0.45341942
vn 0.02311871 0.91792850 -0.39607173
vn -0.06197497 0.81135780 0.58125514
vn -0.06197497 0.81135780 0.58125514
vn 0.19871690 0.81594880 -0.54289895
vn 0.19871690 0.81594880 -0.54289895
vn 0.15036339 0.84908456 -0.50640523
vn 0.24788009 0.77482450 -0.58155185
vn 0.24788009 0.77482450 -0.58155185
vn -0.11486530 -0.72242660 0.68184006
vn 0.22079313 0.87528170 -0.43027008
vn 0.33925554 0.92195284 -0.18683898
vn -0.00881639 0.97598030 -0.21768045
vn 0.00709268 0.94856300 -0.31650925
vn 0.00709268 0.94856300 -0.31650925
vn -0.02798396 0.84439770 0.53498554
vn 0.05758689 0.87646246 -0.47801402
vn 0.14876807 -0.29892670 0.94260860
vn 0.23521909 0.58804660 0.77386890
vn 0.34559400 0.64882570 0.67793080
vn 0.47112640 0.46555200 0.74920046
vn 0.41140980 0.20087156 0.88904035
vn 0.34360810 -0.05445989 0.93753280
vn 0.34360810 -0.05445989 0.93753280
vn 0.18943384 -0.13255043 0.97290564
vn 0.08081807 -0.52377540 0.84801406
vn 0.14077953 -0.72873910 0.67016460
vn 0.27883600 0.45881492 0.84364647
vn 0.27883600 0.45881492 0.84364647
vn 0.10648703 -0.48036364 0.87058103
vn 0.06004611 -0.42848140 0.90155315
vn 0.00586623 -0.96994686 0.24324620
vn 0.14156160 -0.86058027 0.48924640
vn 0.17797124 -0.84665580 0.50149804
vn -0.12222274 -0.20260933 0.97160240
vn -0.04958192 -0.84692880 0.52938944
vn -0.04958192 -0.84692880 0.52938944
vn 0.21368426 -0.30943024 -0.92660240
vn 0.16242990 -0.10356492 -0.98127010
vn 0.16242990 -0.10356492 -0.98127010
vn 0.16242990 -0.10356492 -0.98127010
vn 0.25445044 -0.31961930 -0.91274230
vn 0.26777380 -0.39044818 -0.88082206
vn 0.29371247 -0.30041808 -0.90745900
vn 0.27567710 -0.19650583 -0.94095040
vn 0.27567710 -0.19650583 -0.94095040
vn 0.27567710 -0.19650583 -0.94095040
vn 0.30177987 -0.38911366 -0.87035596
vn 0.26365334 -0.41270700 -0.87187153
vn 0.24933766 -0.40931460 -0.87766296
vn 0.24933766 -0.40931460 -0.87766296
vn -0.42413718 0.58664745 -0.68989307
vn -0.03319371 -0.60950610 0.79208610
vn -0.02492717 -0.83214545 0.55399700
vn -0.06377752 -0.66923000 0.74031323
vn -0.06377752 -0.66923000 0.74031323
vn 0.00127340 -0.74960370 0.66188580
vn 0.00127340 -0.74960370 0.66188580
vn -0.16956103 -0.46879080 0.86688190
vn -0.16956103 -0.46879080 0.86688190
vn -0.03047364 -0.61655694 0.78672040
vn -0.02276432 -0.87316610 0.48689100
vn -0.03955230 -0.78809430 0.61428255
vn 0.38618538 -0.88847655 0.24793215
vn 0.01164759 -0.93134750 0.36394540
vn -0.01065502 -0.89978660 0.43620030
vn 0.04542185 -0.95742650 0.28508136
vn 0.17062690 -0.94782730 -0.26927677
vn 0.17343508 -0.83917080 0.51547330
vn 0.24001655 -0.87368655 0.42315933
vn 0.24001655 -0.87368655 0.42315933
vn 0.14895108 -0.93761796 0.31414333
vn 0.14895108 -0.93761796 0.31414333
vn -0.08162866 -0.49515626 0.86496073
vn -0.03317397 -0.64096220 0.76685524
vn -0.05304746 -0.87437946 0.48233435
vn -0.04661533 -0.83957320 0.54124284
vn -0.00881256 -0.96514030 0.26158480
vn 0.01438163 -0.92136170 0.38844028
vn 0.01197832 -0.91104656 0.41212952
vn 0.27082682 -0.38476738 -0.88238700
vn 0.27082682 -0.38476738 -0.88238700
vn 0.27082682 -0.38476738 -0.88238700
vn 0.09690592 -0.93826896 0.33205536
vn 0.23825267 -0.37719268 -0.89496450
vn 0.41402668 -0.56409764 -0.71440595
vn 0.41402668 -0.56409764 -0.71440595
vn 0.21108422 -0.93481770 0.28558606
vn 0.00113035 -0.81775814 0.57556100
vn -0.05338664 -0.72696730 0.68459370
vn 0.21627738 -0.91447824 0.34198490
vn -0.54225624 0.81807660 -0.19159580
vn -0.03373414 -0.76479226 0.64339330
vn -0.03373414 -0.76479226 0.64339330
vn -0.00208299 -0.65403230 0.75646380
vn -0.00561801 -0.85501647 0.51857030
vn 0.11266286 -0.97136533 0.20918070
vn 0.01461284 -0.90541273 0.42428085
vn 0.01461284 -0.90541273 0.42428085
vn -0.06259767 -0.78979300 0.61017090
vn 0.00931908 -0.86157990 0.50753653
vn -0.54783610 0.81222576 -0.20041202
vn -0.15473275 -0.48779005 0.85913837
vn -0.07021990 -0.74177270 0.66696510
vn -0.10201281 -0.47951394 0.87158470
vn -0.00854323 -0.79537480 0.60605776
vn -0.51609886 0.81478983 -0.26412037
vn -0.15147933 -0.69361390 0.70423996
vn -0.08463640 -0.77488680 0.62640804
vn 0.06393038 -0.86214167 0.50261784
vn -0.21419303 0.15294239 -0.96474350
vn 0.07231437 -0.88919336 0.45178070
vn 0.40486620 -0.44821780 -0.79698450
vn -0.37442350 0.84570210 0.38025665
vn -0.23714527 0.69905620 -0.67459810
vn -0.17789215 0.97382320 -0.14150217
vn -0.60559400 0.60436820 0.51768240
vn -0.45011166 0.89032173 -0.06875125
vn -0.49757323 0.86266524 -0.09071788
vn 0.68012214 -0.72984580 0.06898501
vn -0.36532453 0.91736370 0.15805653
vn -0.38621580 0.92240745 0.00139291
vn -0.22829000 0.96630990 0.11886482
vn -0.30109736 0.95249330 0.04579226
vn 0.92407763 -0.36677620 0.10749827
vn -0.20521577 0.97145134 -0.11903245
vn -0.45168800 0.28535903 -0.84530960
vn -0.22054143 0.94702450 -0.23346551
vn -0.28223110 -0.02647301 -0.95898120
vn 0.89563830 0.23059091 0.38034200
vn 0.83901980 0.28515312 0.46339357
vn 0.95352614 0.14617996 0.26347570
vn 0.48568693 -0.87118536 0.07172347
vn 0.55559486 -0.83137910 -0.01109879
vn 0.67617756 -0.56282370 0.47540876
vn 0.90406980 -0.26027468 0.33899120
vn 0.25078022 -0.94543820 0.20798070
vn -0.42389283 0.88694330 0.18342988
vn -0.42758402 0.90186570 0.06172744
vn 0.16724074 -0.96380115 0.20764835
vn 0.41253325 -0.64304860 -0.64521690
vn 0.18868630 -0.98199624 0.00899769
vn 0.18545641 -0.96340860 0.19351968
vn -0.22640939 0.51436280 0.82714550
vn 0.15974525 -0.98522050 0.06182265
vn 0.05886680 -0.95354265 0.29545087
vn 0.05886680 -0.95354265 0.29545087
vn 0.08847027 -0.99599916 -0.01259925
vn 0.11909189 -0.99134750 0.05520248
vn 0.11909189 -0.99134750 0.05520248
vn 0.10530924 -0.98333530 0.14819470
vn 0.10530924 -0.98333530 0.14819470
vn -0.29549897 0.51269560 0.80611640
vn -0.31435633 0.79533670 0.51828533
vn -0.22305332 0.61716790 0.75455356
vn 0.18979327 -0.96648000 -0.17290151
vn 0.27356026 -0.39777250 -0.87575215
vn -0.32734293 0.60517850 0.72567600
vn -0.24578406 0.50189690 0.82927060
vn 0.44610630 -0.55401330 -0.70289290
vn 0.37141958 -0.62202700 -0.68929680
vn 0.37141958 -0.62202700 -0.68929680
vn 0.02919831 -0.99176080 0.12473212
vn -0.25775210 0.26448578 0.92930686
vn -0.25775210 0.26448578 0.92930686
vn -0.25775210 0.26448578 0.92930686
vn -0.24083678 0.46221945 0.85343474
vn -0.26620250 0.28817980 0.91983080
vn -0.35548052 0.46310025 0.81189400
vn -0.26717827 0.41755247 0.86848480
vn 0.30053025 -0.46083110 -0.83505470
vn 0.30053025 -0.46083110 -0.83505470
vn 0.26595370 -0.78350186 -0.56159910
vn -0.59692750 0.43934940 0.67130450
vn -0.50886450 0.41443510 0.75452006
vn -0.58658963 0.50847167 0.63037220
vn -0.63129930 0.61452895 0.47309140
vn -0.63201110 0.65904400 0.40770444
vn -0.45290710 0.48925790 0.74532000
vn -0.61276500 0.64221100 0.46052587
vn 0.30338693 -0.39632237 -0.86653620
vn 0.33671520 -0.37186205 -0.86506736
vn 0.33671520 -0.37186205 -0.86506736
vn 0.01283331 -0.95182365 -0.30637753
vn 0.28501076 -0.36079750 -0.88802826
vn 0.28501076 -0.36079750 -0.88802826
vn 0.30404755 -0.48098457 -0.82231927
vn 0.28777495 -0.69101290 -0.66308886
vn -0.26346156 0.61049190 0.74691880
vn 0.26775837 -0.75877290 -0.59377540
vn -0.32423246 0.86164410 0.39043927
vn -0.39031010 0.91852320 -0.06303440
vn -0.05638110 0.89943920 0.43339390
vn -0.50189550 0.86393785 0.04138030
vn -0.39022034 0.91704060 -0.08224773
vn -0.31377742 0.94282280 0.11237828
vn -0.22243270 0.43698207 0.87153340
vn -0.26131780 0.51927847 0.81367240
vn -0.34742206 0.92904204 0.12719624
vn -0.28049555 0.29648718 0.91291710
vn -0.27136764 0.31006320 0.91116434
vn -0.34502226 0.40604553 0.84621906
vn 0.27105156 0.11202851 -0.95602334
vn 0.33718428 -0.60619557 -0.72030115
vn 0.33718428 -0.60619557 -0.72030115
vn -0.48969730 0.87179210 -0.01323635
vn -0.42207563 0.52869380 0.73643400
vn 0.29677972 -0.71724920 -0.63045650
vn -0.58944140 0.57512426 0.56726610
vn -0.52788000 0.56787690 0.63155250
vn -0.47448856 0.68108356 0.55766106
vn -0.56293243 0.62145454 0.54488650
vn -0.66145784 0.69955593 0.27036113
vn -0.65555490 0.66606987 0.35580710
vn -0.69078976 0.64654870 0.32370412
vn 0.28742346 0.85801435 0.42567512
vn 0.43975544 0.82981660 0.34353995
vn -0.56685895 0.53894050 0.62306830
vn -0.58183500 0.62548020 0.51984860
vn 0.29583585 -0.43855247 -0.84861815
vn -0.59853405 0.65852624 0.45617995
vn -0.21477538 0.27770880 0.93634903
vn -0.21477538 0.27770880 0.93634903
vn -0.41435040 0.41131258 0.81187177
vn -0.25507164 0.28289490 0.92461290
vn -0.54218185 0.55465984 0.63118250
vn -0.50468296 0.64704520 0.57151350
vn -0.52679870 0.55585640 0.64304500
vn 0.17103119 -0.98136540 -0.08758081
vn -0.62988573 0.62856144 0.45623960
vn -0.66055405 0.69188130 0.29149398
vn -0.26935366 0.12892318 0.95437280
vn -0.26935366 0.12892318 0.95437280
vn 0.31468700 -0.06810256 -0.94674927
vn -0.28027270 0.22429222 0.93334890
vn -0.28027270 0.22429222 0.93334890
vn -0.10811366 -0.12796983 0.98586770
vn -0.01984889 -0.27351177 0.96166384
vn 0.02029562 -0.40166750 0.91556070
vn 0.02029562 -0.40166750 0.91556070
vn -0.04403762 -0.24049263 0.96965150
vn -0.06298559 -0.20515536 0.97670066
vn -0.06298559 -0.20515536 0.97670066
vn -0.12293758 -0.02989454 0.99196410
vn 0.20459898 0.08940786 -0.97475410
vn -0.14059820 -0.05596773 0.98848360
vn -0.14059820 -0.05596773 0.98848360
vn -0.39484006 0.38440612 0.83446590
vn -0.39484006 0.38440612 0.83446590
vn -0.03674224 -0.32602096 0.94464827
vn -0.34764820 0.27256250 0.89713454
vn -0.20651193 0.17127040 0.96333760
vn -0.20651193 0.17127040 0.96333760
vn -0.43418080 0.88821510 -0.15020326
vn 0.26569030 -0.33001852 -0.90581260
vn 0.26569030 -0.33001852 -0.90581260
vn -0.35309237 0.93300164 -0.06952553
vn -0.42564523 0.89724210 -0.11739993
vn -0.44470876 0.89508330 0.03255844
vn -0.44420457 0.89517440 -0.03667656
vn -0.43681060 0.89731306 0.06344946
vn -0.49236983 0.86035450 -0.13176577
vn -0.57191670 0.78656316 -0.23287264
vn -0.61411260 0.62806386 -0.47791377
vn -0.59942394 0.70481616 -0.37937477
vn -0.66189500 0.69299110 0.28575957
vn -0.70952296 0.45653390 0.53679980
vn -0.71988190 0.67848960 0.14636248
vn -0.63736385 0.70954180 0.30052927
vn -0.63858690 0.65591020 0.40247820
vn -0.57131150 0.73657010 0.36203290
vn -0.66408455 0.65149236 0.36680970
vn -0.80426730 0.59426520 -0.00173847
vn -0.59361330 0.69981754 0.39733952
vn -0.68465865 0.72727233 0.04814016
vn -0.79300940 0.59897270 0.11121029
vn -0.84503720 0.51073164 -0.15832052
vn -0.68703675 0.56062520 -0.46225520
vn -0.76770280 0.47846466 -0.42626762
vn -0.96525705 0.23816070 -0.10750925
vn -0.82304150 -0.39323506 0.40984014
vn -0.82304150 -0.39323506 0.40984014
vn -0.92960030 0.32947114 0.16520314
vn -0.88087404 0.43537680 0.18576327
vn -0.82575506 0.43912977 0.35396860
vn -0.88651760 0.37174490 0.27548572
vn -0.86563440 0.39977163 0.30142972
vn -0.95679140 -0.29076567 0.00235159
vn -0.70617855 0.53638750 0.46216923
vn -0.77661264 0.47004944 0.41943577
vn -0.60867260 0.56027675 0.56178975
vn -0.93719625 0.26391515 0.22806142
vn -0.93587360 0.32100257 0.14525108
vn -0.79164090 -0.41451097 0.44887140
vn -0.79164090 -0.41451097 0.44887140
vn -0.96185770 -0.02016965 0.27280600
vn 0.13746591 0.13895136 -0.98071180
vn -0.95809200 -0.24059296 0.15548235
vn -0.95809200 -0.24059296 0.15548235
vn -0.79727920 0.44616416 0.40655082
vn -0.87877240 0.23973824 0.41265568
vn -0.79545740 0.21213442 0.56766760
vn -0.96878040 0.24759170 -0.01276413
vn -0.91788040 -0.31775263 0.23775790
vn -0.90823170 -0.16023053 0.38657660
vn -0.92366020 -0.23207283 0.30494925
vn -0.92366020 -0.23207283 0.30494925
vn -0.92366020 -0.23207283 0.30494925
vn -0.92366020 -0.23207283 0.30494925
vn -0.89443880 -0.40177193 -0.19636351
vn -0.89443880 -0.40177193 -0.19636351
vn -0.75334173 -0.37215143 0.54219880
vn -0.87506260 -0.44854570 -0.18185797
vn -0.87506260 -0.44854570 -0.18185797
vn -0.89633816 -0.43950940 -0.05839076
vn -0.89633816 -0.43950940 -0.05839076
vn -0.48162723 -0.13741297 0.86553630
vn -0.48162723 -0.13741297 0.86553630
vn -0.57208100 -0.31833446 0.75590110
vn -0.57208100 -0.31833446 0.75590110
vn -0.67052880 -0.22050948 0.70835490
vn -0.67052880 -0.22050948 0.70835490
vn -0.67052880 -0.22050948 0.70835490
vn 0.88503265 -0.09275066 -0.45619574
vn -0.90868720 -0.40957618 0.08083975
vn -0.90868720 -0.40957618 0.08083975
vn -0.90868720 -0.40957618 0.08083975
vn -0.84205810 -0.49717343 -0.20918126
vn -0.84205810 -0.49717343 -0.20918126
vn 0.31448868 -0.24312170 -0.91759950
vn -0.91481835 -0.40372857 0.01051789
vn -0.89128083 -0.34466353 -0.29466197
vn -0.92586476 -0.35621113 -0.12604824
vn -0.92586476 -0.35621113 -0.12604824
vn -0.94013447 -0.25247350 -0.22891995
vn -0.81987060 -0.45669790 -0.34531045
vn -0.81124300 -0.08301593 0.57878590
vn -0.81124300 -0.08301593 0.57878590
vn -0.81546646 -0.21886407 0.53582925
vn -0.81546646 -0.21886407 0.53582925
vn -0.81546646 -0.21886407 0.53582925
vn -0.29194048 -0.21425645 0.93212930
vn -0.59704083 0.45013600 0.66401800
vn -0.64237833 0.54200010 0.54183590
vn -0.61952330 0.54188270 0.56793850
vn -0.55627430 0.50743080 0.65808280
vn -0.25425726 -0.24812977 0.93476456
vn -0.74821657 0.45326430 0.48448277
vn -0.65808830 0.48268256 0.57787320
vn -0.81176406 0.51219356 0.28052960
vn -0.84709820 0.52209820 0.09918793
vn -0.72330946 0.55608200 0.40938538
vn -0.64232850 0.52260953 0.56061876
vn -0.67010060 0.48035008 0.56588780
vn -0.71644110 0.53031590 0.45329607
vn -0.39612192 0.48821560 0.77764577
vn 0.27975127 -0.26110688 -0.92388450
vn -0.76103180 0.52167650 0.38559598
vn -0.52107996 0.51007885 0.68432110
vn -0.51558834 0.51741240 0.68297370
vn -0.33219805 0.29668295 0.89533436
vn -0.36887452 0.44004923 0.81871140
vn -0.00937385 -0.92105037 0.38933071
vn 0.49539945 -0.74200135 0.45167850
vn 0.43309835 -0.78989080 0.43416402
vn 0.42095646 -0.61241955 0.66913223
vn -0.30467963 0.15532966 0.93970364
vn 0.34946600 -0.29251290 -0.89011790
vn 0.42997800 -0.77754503 0.45884922
vn 0.42997800 -0.77754503 0.45884922
vn -0.23676590 0.82151750 0.51870126
vn -0.02353091 -0.19707754 0.98010550
vn -0.13931003 -0.07646775 0.98729200
vn -0.26728022 0.26649883 0.92603440
vn -0.04444171 0.44738010 0.89323910
vn 0.15023161 -0.63846946 0.75484260
vn 0.15023161 -0.63846946 0.75484260
vn 0.39239940 -0.73854090 0.54825187
vn 0.39239940 -0.73854090 0.54825187
vn 0.37399015 -0.72957146 0.57258797
vn 0.28301707 -0.61822260 0.73328185
vn 0.43125162 -0.71567120 0.54939680
vn 0.35214743 -0.64822090 0.67513100
vn 0.35214743 -0.64822090 0.67513100
vn 0.30861840 -0.56059855 0.76842964
vn 0.30861840 -0.56059855 0.76842964
vn 0.30861840 -0.56059855 0.76842964
vn 0.33115494 -0.53811860 0.77509010
vn -0.71974670 0.60379773 0.34262657
vn 0.12533377 -0.44802195 0.88519370
vn 0.44888514 -0.82161770 0.35134962
vn 0.44888514 -0.82161770 0.35134962
vn 0.76603603 -0.27793306 0.57960510
vn 0.11484817 0.93607520 -0.33252552
vn 0.19089020 -0.50424390 0.84219897
vn 0.31970730 -0.73706114 0.59542270
vn -0.47554500 0.41827476 0.77388840
vn -0.36864176 0.30005730 0.87981190
vn -0.31301126 0.24861255 0.91663290
vn -0.59008980 0.60940313 0.52954870
vn -0.64198190 0.63708097 0.42659950
vn -0.48700175 0.71404254 0.50296370
vn 0.19620807 -0.20322426 -0.95927180
vn -0.50885916 0.61437040 0.60300210
vn -0.25077012 0.18680150 0.94985247
vn -0.25077012 0.18680150 0.94985247
vn -0.34740895 0.39765736 0.84922063
vn -0.18150358 0.31560853 0.93136877
vn -0.18150358 0.31560853 0.93136877
vn -0.18150358 0.31560853 0.93136877
vn -0.50157730 0.65252894 0.56800200
vn 0.28302604 -0.03005071 -0.95864140
vn -0.31171320 0.36164102 0.87866420
vn -0.31171320 0.36164102 0.87866420
vn -0.31171320 0.36164102 0.87866420
vn -0.31271500 0.26696050 0.91155994
vn -0.27127638 0.25630233 0.92774910
vn -0.23428278 0.35022690 0.90689180
vn -0.23428278 0.35022690 0.90689180
vn 0.19859113 0.18614553 -0.96224290
vn -0.33372906 0.35976654 0.87131680
vn 0.64989734 -0.29932532 0.69859700
vn 0.23760211 0.07101534 -0.96876320
vn -0.18640809 0.17816474 0.96618295
vn -0.18640809 0.17816474 0.96618295
vn 0.27181260 -0.60073830 -0.75181884
vn -0.08675963 0.14709133 0.98531060
vn -0.32497406 -0.14466071 0.93459360
vn -0.57972735 0.72836470 0.36524114
vn -0.30030160 0.42132017 0.85575014
vn 0.58590776 -0.72539230 0.36127314
vn -0.37558020 0.48232585 0.79139200
vn 0.60966730 -0.24508790 0.75381553
vn 0.50457430 -0.58562845 0.63438490
vn 0.49689054 -0.65658000 0.56745270
vn 0.17882314 -0.26534772 0.94742440
vn 0.32443407 -0.28635040 0.90152425
vn -0.25704166 0.24750692 0.93416810
vn 0.06620676 -0.33626000 0.93943920
vn 0.24265666 -0.65593094 0.71475345
vn -0.17070730 0.06883315 0.98291457
vn 0.16685976 -0.55315440 0.81619720
vn 0.26995903 0.85038020 0.45163682
vn 0.07461084 -0.46523480 0.88203740
vn 0.11187662 -0.41460386 0.90309870
vn -0.03191050 -0.13365628 0.99051386
vn 0.10564843 -0.27766848 0.95485010
vn 0.10564843 -0.27766848 0.95485010
vn 0.05198457 -0.19288795 0.97984284
vn 0.05198457 -0.19288795 0.97984284
vn -0.13287003 0.31245834 0.94059306
vn -0.13287003 0.31245834 0.94059306
vn 0.50055814 0.74140270 -0.44694940
vn 0.12345059 -0.02779808 0.99196130
vn -0.07506614 0.25719890 0.96343860
vn -0.09205933 0.25657907 0.96212906
vn -0.09205933 0.25657907 0.96212906
vn 0.25041926 0.96672330 -0.05230932
vn 0.11781333 0.99132860 -0.05820400
vn -0.19534847 0.02970735 0.98028390
vn -0.25328285 0.01713684 0.96724050
vn -0.25328285 0.01713684 0.96724050
vn -0.06300043 0.18833809 0.98008150
vn 0.03832162 0.16968773 0.98475254
vn 0.03832162 0.16968773 0.98475254
vn 0.02766821 0.12011909 0.99237390
vn 0.03652319 0.07143838 0.99677616
vn 0.20232436 0.03227710 0.97878650
vn -0.16104510 0.06064418 0.98508210
vn -0.28099070 0.11243253 0.95310190
vn -0.28099070 0.11243253 0.95310190
vn 0.25718540 -0.40550226 0.87716800
vn 0.25718540 -0.40550226 0.87716800
vn 0.21128781 -0.42083170 0.88218945
vn 0.21128781 -0.42083170 0.88218945
vn 0.00145944 -0.04759722 0.99886560
vn 0.10853601 -0.19719175 0.97433850
vn 0.20830527 0.00806074 0.97803060
vn 0.24537152 -0.09748661 0.96451503
vn 0.24537152 -0.09748661 0.96451503
vn 0.04268680 -0.16065829 0.98608655
vn 0.60813660 -0.32616952 0.72372880
vn 0.03309489 -0.11755896 0.99251440
vn -0.18487963 -0.16590656 0.96865610
vn -0.27208358 -0.20572753 0.94002490
vn -0.16572530 -0.14481215 0.97548180
vn -0.24128002 -0.15155801 0.95854790
vn 0.23123051 -0.60563470 0.76140594
vn 0.31286582 0.24983248 -0.91635084
vn -0.12031052 -0.09082435 0.98857284
vn -0.32350722 -0.06723195 0.94383420
vn -0.06626668 -0.09231566 0.99352230
vn -0.06626668 -0.09231566 0.99352230
vn -0.01595291 0.09617044 0.99523705
vn -0.83237770 0.51782495 0.19749638
vn -0.23397548 -0.02457419 0.97193193
vn -0.14994521 0.04848689 0.98750470
vn -0.22097564 -0.07952967 0.97203130
vn -0.28602815 0.14594568 0.94704163
vn -0.40991160 0.42886000 0.80501650
vn -0.33901690 0.07993703 0.93737805
vn 0.58322656 -0.81174770 -0.03020661
vn -0.38177443 0.44889230 0.80792564
vn 0.01428773 -0.68763550 -0.72591555
vn 0.57639950 -0.76421046 -0.28938898
vn 0.57639950 -0.76421046 -0.28938898
vn 0.17683046 0.03186822 0.98372530
vn -0.37274864 0.08578746 0.92395836
vn -0.23586205 0.08525366 0.96803980
vn -0.23586205 0.08525366 0.96803980
vn -0.44031268 0.12689939 0.88883144
vn -0.92301446 0.33316404 0.19247349
vn -0.58818110 0.21223949 0.78038290
vn -0.41253808 0.12562860 0.90223604
vn -0.30345425 0.05842699 0.95105310
vn -0.30345425 0.05842699 0.95105310
vn -0.43641388 0.02341700 0.89944130
vn -0.44612873 -0.16324636 0.87995446
vn -0.57462776 0.16041519 0.80253970
vn -0.80105220 0.50432956 0.32243928
vn -0.80182640 -0.28314048 0.52621850
vn -0.62433517 -0.38465490 0.67988690
vn -0.62433517 -0.38465490 0.67988690
vn -0.62433517 -0.38465490 0.67988690
vn -0.62433517 -0.38465490 0.67988690
vn -0.25370815 0.27619502 0.92701054
vn -0.32376114 0.39058486 0.86175540
vn -0.30593550 0.25701190 0.91670520
vn -0.42775333 0.38513610 0.81773920
vn -0.37904975 0.31575270 0.86983997
vn -0.48993530 0.28115788 0.82517490
vn -0.46958938 0.42125458 0.77590620
vn -0.66277290 0.24523976 -0.70752360
vn -0.66277290 0.24523976 -0.70752360
vn -0.70598940 -0.01347230 0.70809430
vn -0.35369682 -0.02180440 0.93510600
vn -0.42303795 -0.29740680 0.85591364
vn -0.78395504 0.39730060 0.47703958
vn -0.79258690 -0.29123303 0.53571385
vn -0.57005550 -0.27807950 0.77311610
vn -0.92384017 0.16211215 0.34675503
vn -0.44304594 -0.30630678 0.84254766
vn -0.44304594 -0.30630678 0.84254766
vn 0.28455180 -0.35070363 -0.89220920
vn 0.25733080 -0.45822325 -0.85077160
vn -0.97285630 0.02683459 0.22984923
vn 0.22998251 -0.49828422 -0.83595514
vn -0.93472475 -0.10229839 0.34033024
vn -0.93472475 -0.10229839 0.34033024
vn -0.98049664 -0.02093954 0.19541699
vn -0.98049664 -0.02093954 0.19541699
vn -0.84757143 -0.41651553 0.32884280
vn -0.87170820 -0.48536834 0.06739773
vn -0.89872350 -0.20321217 0.38858843
vn -0.89872350 -0.20321217 0.38858843
vn -0.92642290 -0.33336540 0.17495196
vn -0.91657430 -0.38412142 0.11109622
vn -0.93459740 -0.28074970 0.21842027
vn 0.67822210 0.01985479 0.73458870
vn 0.90492920 0.02186343 0.42500007
vn 0.33403644 -0.49964790 -0.79923200
vn 0.33403644 -0.49964790 -0.79923200
vn 0.33403644 -0.49964790 -0.79923200
vn 0.27375540 -0.65470260 -0.70457256
vn -0.90875745 -0.25915945 -0.32710300
vn -0.81087930 -0.10655647 -0.57543063
vn -0.81087930 -0.10655647 -0.57543063
vn -0.99394350 -0.04164506 0.10169601
vn -0.99487700 -0.00105246 -0.10108774
vn -0.99487700 -0.00105246 -0.10108774
vn -0.98358047 -0.03730314 -0.17657264
vn -0.98001630 0.01507753 -0.19834498
vn -0.99006910 -0.00786296 0.14036155
vn -0.99006910 -0.00786296 0.14036155
vn -0.97038007 -0.11846155 -0.21054569
vn -0.94450960 0.04569977 0.32528934
vn -0.96195275 -0.04044545 0.27020577
vn -0.96195275 -0.04044545 0.27020577
vn -0.97741157 -0.01956187 0.21043770
vn -0.97741157 -0.01956187 0.21043770
vn -0.15282856 -0.53682950 0.82973350
vn -0.99673796 -0.04008461 0.07004739
vn -0.96619530 0.01943873 0.25707754
vn -0.75344770 -0.19167972 -0.62894785
vn -0.99402946 -0.07883102 -0.07544003
vn -0.99402946 -0.07883102 -0.07544003
vn -0.84780070 -0.34131384 -0.40588060
vn -0.87448260 -0.34366450 0.34230822
vn 0.18335176 -0.91658440 -0.35532424
vn 0.45402628 -0.63614940 -0.62383825
vn 0.20654598 -0.69370836 -0.69000550
vn 0.18944846 -0.96412325 0.18594547
vn 0.41718933 -0.64495030 -0.64030650
vn 0.41718933 -0.64495030 -0.64030650
vn -0.79317390 -0.25343138 -0.55375770
vn 0.35885200 -0.53505623 -0.76481384
vn 0.35885200 -0.53505623 -0.76481384
vn -0.80449110 -0.09374668 -0.58651996
vn -0.80449110 -0.09374668 -0.58651996
vn 0.09940109 -0.52583600 -0.84475800
vn -0.56480840 -0.49816600 -0.65789220
vn -0.56480840 -0.49816600 -0.65789220
vn -0.39809087 -0.60230360 -0.69192050
vn -0.39809087 -0.60230360 -0.69192050
vn -0.39809087 -0.60230360 -0.69192050
vn -0.23191325 -0.67078070 -0.70446400
vn -0.23191325 -0.67078070 -0.70446400
vn -0.83895665 -0.11869153 -0.53109710
vn 0.35572955 -0.45608345 -0.81574780
vn -0.69858557 0.35638950 -0.62045530
vn 0.15439978 -0.67094240 -0.72525656
vn 0.15439978 -0.67094240 -0.72525656
vn 0.33927375 -0.64126176 -0.68824184
vn 0.33927375 -0.64126176 -0.68824184
vn 0.33927375 -0.64126176 -0.68824184
vn -0.60778433 -0.54584200 -0.57676226
vn -0.78169200 -0.38678290 -0.48924085
vn -0.88445070 -0.10610467 -0.45441046
vn -0.83679340 -0.02617089 -0.54689300
vn -0.73862386 -0.12280314 -0.66283804
vn -0.04075025 -0.59272970 -0.80436990
vn -0.27054888 -0.51796040 -0.81149260
vn -0.74931026 -0.30480865 -0.58789960
vn -0.67055863 -0.24774416 -0.69926685
vn -0.67055863 -0.24774416 -0.69926685
vn -0.75285550 -0.47347432 -0.45719877
vn 0.18359105 -0.88572735 -0.42635828
vn -0.85616094 -0.44890794 -0.25587130
vn -0.85616094 -0.44890794 -0.25587130
vn -0.84598160 -0.17936064 -0.50214030
vn 0.40111306 -0.84106310 -0.36293435
vn -0.87544580 -0.04640570 -0.48108345
vn -0.91995280 0.36228734 -0.14978218
vn -0.93201600 0.29073903 -0.21637246
vn -0.90913033 0.39704618 -0.12584296
vn 0.04955529 -0.97135663 0.23240194
vn -0.22767378 -0.62771070 -0.74440850
vn -0.92537516 0.09706195 -0.36641490
vn -0.90236110 0.32536796 -0.28263065
vn -0.89539000 0.02521863 -0.44456816
vn -0.79059990 -0.06152112 -0.60923487
vn -0.87324140 -0.00362096 -0.48727444
vn -0.87324140 -0.00362096 -0.48727444
vn -0.87324140 -0.00362096 -0.48727444
vn 0.55013790 -0.80560285 0.21989201
vn -0.91177654 0.36306813 -0.19195093
vn -0.88914114 0.30363557 -0.34239385
vn -0.88927436 0.40272182 -0.21680942
vn -0.92898740 0.22327280 -0.29518090
vn 0.06256735 -0.98066235 -0.18543644
vn -0.82434183 0.36749592 -0.43058944
vn -0.86441356 0.39904395 -0.30586454
vn -0.88242656 0.10550260 -0.45846760
vn -0.86480090 0.42709030 -0.26403310
vn 0.22374810 -0.51824950 -0.82544190
vn -0.80800396 0.43625158 -0.39599767
vn -0.84788567 0.48525092 -0.21359175
vn -0.87352530 0.46023017 -0.15856156
vn -0.91254795 0.40003836 -0.08500318
vn -0.89110917 0.44495326 0.08911298
vn -0.38269410 0.92383910 0.00816275
vn -0.27981204 0.95838267 0.05663758
vn -0.88413210 0.45423490 0.10945892
vn -0.88258624 0.46939540 0.02663853
vn 0.15348999 -0.86395030 -0.47961520
vn -0.84938290 0.50989187 -0.13623175
vn -0.00578721 -0.99719936 -0.07456475
vn -0.77080977 0.60760050 -0.19150466
vn -0.78899020 0.60954183 -0.07715755
vn -0.78899020 0.60954183 -0.07715755
vn -0.81603116 0.55482730 -0.16204898
vn -0.82889116 0.55940340 -0.00269603
vn -0.82740920 0.54800427 0.12282237
vn -0.76349026 0.58524850 -0.27306947
vn -0.76349026 0.58524850 -0.27306947
vn -0.81303690 0.58210444 0.01119941
vn -0.85500370 0.49867126 -0.14246310
vn -0.81167287 0.58369490 0.02208022
vn -0.81583020 0.57317746 -0.07673839
vn -0.81583020 0.57317746 -0.07673839
vn -0.80436860 0.59340900 0.02927437
vn -0.80436860 0.59340900 0.02927437
vn -0.83041090 0.47347653 -0.29366276
vn 0.68642250 -0.38990164 0.61384110
vn 0.35260943 -0.61691800 -0.70361835
vn -0.77274930 0.55883150 -0.30094185
vn 0.37433714 -0.70560366 -0.60166040
vn -0.73248660 0.57378930 -0.36637330
vn -0.68858900 0.66562310 -0.28773442
vn 0.19036090 -0.98166940 -0.00937505
vn -0.15006231 0.22233519 -0.96335274
vn -0.04232389 -0.08276881 -0.99566960
vn -0.77999634 0.60103940 -0.17423390
vn -0.71115410 0.61983760 -0.33175468
vn -0.70444540 0.65644450 -0.26988400
vn -0.74850553 0.52324694 -0.40737233
vn -0.78189033 0.59670323 -0.18053465
vn -0.78189033 0.59670323 -0.18053465
vn 0.11770777 -0.98921340 0.08718791
vn -0.72956246 0.57267255 -0.37387812
vn 0.06266448 -0.96220440 0.26502058
vn 0.29533157 -0.95153356 0.08580942
vn 0.30289587 -0.94853370 -0.09240098
vn 0.09664994 -0.98204374 0.16201542
vn 0.29586625 -0.95512056 0.01442296
vn -0.73394150 0.52466935 -0.43133754
vn -0.72133386 0.54432493 -0.42823812
vn 0.17831358 -0.75234290 -0.63418020
vn 0.06152273 -0.88715590 0.45735040
vn 0.30393085 -0.87414990 0.37879820
vn 0.30393085 -0.87414990 0.37879820
vn 0.47519258 -0.86790335 0.14469218
vn 0.21711934 -0.97284670 -0.08017743
vn 0.17183110 -0.98335063 0.05912411
vn 0.51807576 -0.84075590 0.15724854
vn 0.51807576 -0.84075590 0.15724854
vn 0.51807576 -0.84075590 0.15724854
vn 0.50253180 -0.83190400 0.23536684
vn -0.25360110 -0.05299185 0.96585630
vn 0.65503037 -0.70904994 0.26111972
vn 0.45590386 -0.87659705 0.15404348
vn 0.56426610 -0.80702940 0.17408990
vn 0.60479677 -0.76784650 0.21126460
vn 0.23690493 -0.93240404 -0.27294466
vn -0.84424960 0.53209364 -0.06417991
vn 0.13475981 -0.89376450 0.42781404
vn -0.27174315 -0.03028868 0.96189310
vn -0.27174315 -0.03028868 0.96189310
vn 0.15918620 -0.97971183 -0.12175553
vn 0.76671230 -0.55684170 -0.31949916
vn 0.73875433 -0.56389487 -0.36914045
vn -0.58511750 -0.54696494 -0.59872115
vn -0.58511750 -0.54696494 -0.59872115
vn -0.43874332 -0.50562567 -0.74286413
vn -0.55323590 -0.37832874 -0.74215734
vn -0.40420058 -0.62361270 -0.66912560
vn 0.21115087 -0.97253210 0.09796248
vn 0.27903685 -0.94648385 0.16219373
vn 0.66120607 -0.65458745 -0.36649940
vn -0.87935870 0.47415745 -0.04362344
vn 0.08891414 -0.00309939 -0.99603450
vn 0.63023760 -0.51294166 -0.58283067
vn 0.63318837 -0.59215610 -0.49842120
vn 0.79102950 -0.48734802 -0.36981660
vn 0.43354788 -0.59333460 -0.67822590
vn 0.43354788 -0.59333460 -0.67822590
vn 0.59122830 -0.64528537 -0.48379338
vn 0.59122830 -0.64528537 -0.48379338
vn 0.71497430 -0.65450470 -0.24583632
vn 0.46483105 -0.59526690 -0.65543080
vn 0.46483105 -0.59526690 -0.65543080
vn 0.49998713 -0.60414374 -0.62050250
vn 0.68518210 -0.59293750 -0.42302560
vn 0.75509775 -0.48794413 -0.43787873
vn 0.58460534 -0.79457560 0.16397065
vn 0.51030180 -0.81692990 0.26873340
vn 0.15072964 -0.97532207 0.16133063
vn 0.39870784 -0.89367956 0.20583710
vn 0.39870784 -0.89367956 0.20583710
vn 0.43480557 -0.89860690 -0.05873536
vn 0.11742983 -0.99307054 0.00459870
vn 0.18381362 -0.97962500 -0.08091696
vn 0.05973966 -0.95808380 0.28019047
vn 0.30028963 -0.24309595 -0.92235050
vn 0.54201660 -0.84019380 -0.01709864
vn 0.54201660 -0.84019380 -0.01709864
vn 0.43186462 -0.90157950 0.02544488
vn 0.48562000 -0.86419743 0.13166645
vn 0.47771794 -0.74570525 -0.46444520
vn 0.47771794 -0.74570525 -0.46444520
vn 0.49580240 -0.86814696 0.02237910
vn 0.40361243 -0.91395100 0.04231604
vn 0.46939453 -0.87192035 0.13936897
vn 0.21457015 -0.96712244 0.13650580
vn 0.22472784 -0.96613914 0.12677827
vn 0.22472784 -0.96613914 0.12677827
vn 0.51362360 -0.78860235 -0.33807877
vn 0.27553073 -0.47892252 -0.83349633
vn 0.27553073 -0.47892252 -0.83349633
vn 0.21044269 -0.42915195 -0.87837490
vn 0.21044269 -0.42915195 -0.87837490
vn 0.28654084 -0.47489600 -0.83208660
vn 0.32259360 -0.52046824 -0.79059863
vn 0.37010303 -0.55462795 -0.74525946
vn 0.37010303 -0.55462795 -0.74525946
vn 0.71758820 -0.64470845 -0.26347340
vn 0.39984888 -0.10369398 0.91069674
vn 0.45938230 -0.88302020 0.09614203
vn 0.45938230 -0.88302020 0.09614203
vn -0.70606300 0.56051800 -0.43277553
vn -0.70606300 0.56051800 -0.43277553
vn -0.80552626 0.57533310 -0.14184235
vn -0.80552626 0.57533310 -0.14184235
vn 0.26642486 -0.37957552 -0.88596857
vn 0.30363040 -0.45078602 -0.83940490
vn -0.88645100 0.02487331 0.46215360
vn 0.31217180 -0.45249617 -0.83534190
vn 0.15957679 -0.98705643 -0.01596729
vn 0.09361272 -0.99066764 0.09906740
vn 0.70263666 -0.61342466 -0.36057165
vn -0.01103236 -0.14297590 -0.98966470
vn 0.02901481 -0.19459386 -0.98045474
vn 0.35046950 -0.42641327 -0.83387226
vn -0.02808763 -0.13775857 -0.99006754
vn -0.02808763 -0.13775857 -0.99006754
vn 0.24748833 -0.96286100 -0.10792644
vn 0.08491154 -0.99107370 -0.10277592
vn 0.42532680 -0.87335086 -0.23739292
vn 0.25550422 -0.40575860 -0.87754060
vn -0.14187086 -0.04979727 -0.98863184
vn -0.14187086 -0.04979727 -0.98863184
vn 0.21519478 -0.31584585 -0.92408470
vn 0.23209038 -0.35271543 -0.90649090
vn 0.37141870 -0.55120015 -0.74714565
vn 0.12240738 -0.92772144 -0.35263216
vn 0.33464342 -0.56286526 -0.75577545
vn 0.33894128 -0.51487510 -0.78741500
vn 0.34811708 -0.49841908 -0.79397290
vn 0.45899120 -0.63277440 -0.62363744
vn 0.70612590 -0.66185015 -0.25167575
vn 0.70612590 -0.66185015 -0.25167575
vn 0.30970470 -0.56347730 -0.76588270
vn 0.27356842 -0.45444040 -0.84772897
vn 0.19732763 -0.37423885 -0.90609443
vn 0.14155225 -0.25799406 -0.95572070
vn 0.17604595 -0.33277562 -0.92642770
vn 0.23050047 -0.46806908 -0.85310080
vn 0.23050047 -0.46806908 -0.85310080
vn 0.45144513 -0.87416947 -0.17895548
vn 0.24032730 -0.48367903 -0.84160410
vn 0.21625546 -0.33143872 -0.91835830
vn 0.24408133 -0.92749260 0.28316388
vn 0.24408133 -0.92749260 0.28316388
vn 0.34602198 -0.87389040 0.34144467
vn 0.02806076 -0.93147534 0.36272082
vn 0.07376368 -0.89540800 0.43909395
vn 0.22236578 -0.37504393 -0.89994200
vn 0.22236578 -0.37504393 -0.89994200
vn 0.22236578 -0.37504393 -0.89994200
vn 0.19492759 -0.30898598 -0.93087643
vn 0.18868294 -0.51057416 -0.83887595
vn 0.20645988 -0.58384160 -0.78517730
vn 0.34709647 -0.71421885 -0.60779560
vn 0.07181511 -0.98620300 0.14915168
vn 0.26924413 -0.63361770 -0.72528356
vn 0.15112470 -0.26759943 -0.95160496
vn 0.20081182 -0.36863294 -0.90762570
vn 0.29244322 -0.50844870 -0.80991170
vn 0.20869190 -0.43990275 -0.87346053
vn 0.18989001 -0.33740732 -0.92200760
vn 0.18989001 -0.33740732 -0.92200760
vn 0.89490370 -0.44381744 -0.04662016
vn 0.16836230 -0.98572480 0.00085204
vn 0.30746242 -0.62341475 -0.71890265
vn -0.00749463 -0.99338925 0.11455002
vn 0.07891795 -0.16628763 -0.98291427
vn 0.07891795 -0.16628763 -0.98291427
vn 0.02158208 -0.99943125 0.02591113
vn 0.11516156 -0.18354870 -0.97624160
vn 0.11516156 -0.18354870 -0.97624160
vn 0.16043442 -0.23315653 -0.95911354
vn -0.27281487 0.01095546 -0.96200424
vn -0.27281487 0.01095546 -0.96200424
vn -0.43319850 0.21508679 -0.87525810
vn 0.24641447 -0.67250120 -0.69786970
vn -0.11969978 -0.09044911 -0.98868150
vn -0.37818962 0.10133816 -0.92016480
vn -0.37818962 0.10133816 -0.92016480
vn -0.51174957 0.29583082 -0.80659574
vn -0.14057720 0.30210020 0.94285400
vn -0.14057720 0.30210020 0.94285400
vn 0.20798655 -0.79260690 -0.57316315
vn 0.20798655 -0.79260690 -0.57316315
vn 0.07734464 -0.12770638 -0.98879164
vn 0.07734464 -0.12770638 -0.98879164
vn 0.40968877 -0.84901220 0.33366677
vn 0.40968877 -0.84901220 0.33366677
vn -0.62777210 0.61173990 -0.48132800
vn 0.25462145 -0.96486026 -0.06490427
vn 0.25462145 -0.96486026 -0.06490427
vn 0.25462145 -0.96486026 -0.06490427
vn -0.48960000 0.61647440 -0.61664520
vn -0.56269425 0.50991917 -0.65065940
vn 0.14378104 -0.30371952 -0.94185000
vn 0.14378104 -0.30371952 -0.94185000
vn -0.54792200 0.56842744 -0.61373600
vn -0.73450935 0.60025215 -0.31653363
vn -0.73740566 0.51023316 -0.44260043
vn 0.19873472 -0.91073780 -0.36202380
vn 0.18909920 -0.68796270 -0.70067745
vn -0.65792143 0.65415776 -0.37311800
vn 0.24500040 -0.54025520 -0.80504600
vn 0.24908173 -0.73802054 -0.62712360
vn -0.71799490 0.46052520 -0.52191930
vn 0.21072260 -0.75876180 -0.61634123
vn -0.64976156 0.47993280 -0.58946970
vn -0.51345730 0.17395487 -0.84029835
vn -0.56499950 0.20692788 -0.79872180
vn -0.56499950 0.20692788 -0.79872180
vn -0.58296585 0.22853349 -0.77969426
vn -0.66156180 0.25681445 -0.70454420
vn -0.71316546 0.62522210 -0.31700534
vn 0.23690640 -0.59526430 -0.76781230
vn 0.23690640 -0.59526430 -0.76781230
vn -0.63688330 0.22639982 -0.73696870
vn -0.76135564 0.41968906 -0.49416474
vn -0.86427470 0.22143285 -0.45166004
vn 0.60770010 -0.59771170 -0.52291630
vn -0.89919060 0.42078160 -0.11999635
vn 0.25276965 -0.86060745 -0.44211128
vn -0.61448747 0.33348256 -0.71497875
vn -0.61448747 0.33348256 -0.71497875
vn -0.73277473 0.58340310 -0.35025987
vn 0.62574760 -0.55322397 -0.54989380
vn 0.27854640 -0.86083335 -0.42588493
vn 0.18425617 -0.42646578 -0.88553750
vn -0.62726900 0.32400608 -0.70820450
vn -0.62726900 0.32400608 -0.70820450
vn 0.10652221 -0.99392610 0.02763974
vn -0.34615505 0.04346100 -0.93717015
vn 0.90972084 -0.40998676 -0.06571905
vn 0.07009698 -0.99284400 0.09668131
vn -0.70763550 0.34445766 -0.61692860
vn -0.54396630 0.24585693 -0.80228120
vn -0.13642831 -0.12074579 -0.98326385
vn -0.05796032 -0.15810883 -0.98571914
vn 0.46299437 -0.54269856 -0.70079560
vn 0.38977313 -0.46278635 -0.79618186
vn 0.25718564 -0.80264866 -0.53815480
vn 0.25718564 -0.80264866 -0.53815480
vn 0.25718564 -0.80264866 -0.53815480
vn 0.27757463 -0.43005884 -0.85907030
vn 0.37330535 -0.81897550 -0.43580076
vn -0.28952354 -0.01362783 -0.95707390
vn -0.28952354 -0.01362783 -0.95707390
vn -0.06069899 -0.20172752 -0.97755910
vn 0.23679185 -0.92236054 -0.30525520
vn 0.23679185 -0.92236054 -0.30525520
vn 0.16452788 -0.97899810 -0.12038831
vn -0.68937240 0.34444863 -0.63727623
vn -0.71455306 0.40140290 -0.57296574
vn -0.61667870 0.27286908 -0.73841040
vn -0.61667870 0.27286908 -0.73841040
vn -0.66037430 0.28809434 -0.69347490
vn 0.72841750 -0.63896510 -0.24724819
vn 0.72841750 -0.63896510 -0.24724819
vn 0.25155222 -0.96555410 0.06653401
vn -0.87779070 0.47373337 -0.07113527
vn 0.37012300 -0.64672080 -0.66690430
vn -0.73884110 0.60162210 -0.30358636
vn -0.66728320 0.42643502 -0.61064430
vn -0.65217710 0.41303512 -0.63566270
vn -0.65217710 0.41303512 -0.63566270
vn -0.65217710 0.41303512 -0.63566270
vn 0.39247653 -0.55558264 -0.73300080
vn 0.48228154 -0.75162760 -0.44995610
vn 0.21692179 -0.48221537 -0.84877170
vn 0.21692179 -0.48221537 -0.84877170
vn 0.48766518 -0.87095530 0.06016376
vn -0.85990880 0.34117190 -0.37968227
vn -0.50616384 0.42223758 -0.75200640
vn -0.56390740 0.21287984 -0.79792905
vn 0.60890480 -0.28504077 -0.74026130
vn -0.75816274 0.11767396 -0.64135970
vn -0.75816274 0.11767396 -0.64135970
vn -0.64975350 0.12486538 -0.74981930
vn 0.28290870 -0.44159123 -0.85144573
vn -0.79036474 0.29592726 -0.53642390
vn -0.91597414 0.36674500 -0.16275610
vn 0.51977825 -0.84399235 -0.13231613
vn 0.48983312 -0.87069845 -0.04413362
vn 0.34172120 -0.41568494 -0.84287167
vn -0.94691020 0.20381425 -0.24863810
vn 0.36097646 -0.74457740 -0.56151634
vn -0.62119925 -0.18688916 -0.76104140
vn 0.62103510 -0.59006417 -0.51588740
vn 0.14921905 -0.62672114 -0.76482310
vn 0.31017238 -0.58343030 -0.75060130
vn 0.40753390 -0.55675364 -0.72383810
vn -0.70997720 0.59153116 -0.38212997
vn -0.76271284 0.61178440 -0.20973583
vn 0.03303676 -0.72748390 -0.68532896
vn 0.41043374 -0.46353048 -0.78529215
vn 0.46420820 -0.46372098 -0.75463486
vn -0.73902780 -0.11570442 -0.66366440
vn -0.73902780 -0.11570442 -0.66366440
vn 0.32145298 -0.69028970 -0.64820385
vn -0.23298036 -0.33164725 -0.91418290
vn -0.63922310 0.65328010 -0.40573257
vn 0.01142912 -0.41726148 -0.90871465
vn 0.21757612 -0.46341336 -0.85901610
vn -0.49588910 -0.22796547 -0.83792955
vn -0.32674766 -0.00390638 -0.94510360
vn -0.43394740 0.10965741 -0.89423990
vn -0.47005970 0.08629983 -0.87840550
vn -0.46670863 0.14551670 -0.87235767
vn 0.22198130 -0.69562936 -0.68324536
vn 0.22198130 -0.69562936 -0.68324536
vn 0.07161535 -0.28504458 -0.95583516
vn -0.32749927 -0.06936326 -0.94230200
vn 0.30533186 -0.51232350 -0.80268120
vn 0.30533186 -0.51232350 -0.80268120
vn -0.46324240 -0.05190726 -0.88471020
vn -0.20389666 -0.08065726 -0.97566420
vn -0.20389666 -0.08065726 -0.97566420
vn 0.30051660 -0.39814132 -0.86670256
vn 0.30051660 -0.39814132 -0.86670256
vn 0.37189890 -0.78648800 -0.49308005
vn 0.46366376 -0.84617390 0.26268935
vn 0.37419370 -0.70646650 -0.60073644
vn 0.22747631 -0.41051468 -0.88302450
vn 0.18490994 -0.33741656 -0.92301595
vn 0.07890440 0.89519010 -0.43864430
vn 0.14602348 0.88237590 -0.44731420
vn 0.23945326 -0.56886670 -0.78679913
vn 0.23945326 -0.56886670 -0.78679913
vn 0.44434820 -0.81641805 0.36880392
vn 0.41328263 -0.80752870 0.42082655
vn 0.12716553 -0.97966360 -0.15520374
vn 0.12716553 -0.97966360 -0.15520374
vn 0.12050949 -0.84393280 0.52273790
vn 0.00564816 -0.71530860 0.69878590
vn 0.28197790 -0.72792370 -0.62499255
vn 0.21204615 -0.58436810 -0.78329456
vn 0.30881584 -0.55767745 -0.77047294
vn 0.30881584 -0.55767745 -0.77047294
vn 0.30881584 -0.55767745 -0.77047294
vn 0.33387170 -0.32401750 -0.88517930
vn 0.33387170 -0.32401750 -0.88517930
vn 0.33387170 -0.32401750 -0.88517930
vn -0.14895618 -0.12619081 -0.98075885
vn 0.27870944 -0.31052960 -0.90878624
vn 0.16563739 -0.32003840 -0.93281287
vn 0.18267271 -0.30618054 -0.93428270
vn 0.18267271 -0.30618054 -0.93428270
vn 0.42381394 -0.55328400 0.71711830
vn 0.17342356 -0.69698580 0.69579830
vn 0.17342356 -0.69698580 0.69579830
vn 0.45633957 -0.76475990 0.45485890
vn 0.20645453 -0.97198260 0.11236754
vn 0.32619625 -0.82258670 -0.46577580
vn 0.32281244 -0.74187790 -0.58771540
vn 0.24216004 -0.92016870 -0.30764928
vn 0.29641607 -0.35487205 -0.88668110
vn 0.29593647 -0.28570850 -0.91147816
vn 0.20759268 -0.66570980 -0.71675370
vn 0.20759268 -0.66570980 -0.71675370
vn 0.21474224 -0.86701703 -0.44963002
vn 0.21474224 -0.86701703 -0.44963002
vn -0.30526660 0.00598244 -0.95224820
vn 0.50369640 -0.85944130 -0.08746856
vn -0.05288688 -0.90648913 0.41890400
vn -0.69981800 0.46263024 -0.54426840
vn -0.69981800 0.46263024 -0.54426840
vn -0.00386893 -0.93624030 0.35133913
vn -0.07215534 -0.88241535 0.46490517
vn -0.91529650 -0.40160033 0.03081426
vn -0.91740230 -0.39251960 -0.06558540
vn -0.20506924 -0.13137165 0.96989080
vn -0.90204644 -0.42774550 0.05784538
vn 0.25936463 -0.93016850 -0.25983962
vn -0.80681986 -0.52216170 -0.27638558
vn -0.80681986 -0.52216170 -0.27638558
vn 0.10985378 -0.55978924 0.82132095
vn 0.26215530 -0.35006090 -0.89929533
vn 0.25732530 -0.12140930 -0.95866750
vn 0.25732530 -0.12140930 -0.95866750
vn -0.03495299 -0.85773975 0.51289450
vn 0.16303211 0.63012930 0.75918230
vn -0.09466650 0.71380126 0.69392085
vn -0.09466650 0.71380126 0.69392085
vn -0.24828677 0.41873327 0.87350804
vn -0.24828677 0.41873327 0.87350804
vn -0.24828677 0.41873327 0.87350804
vn 0.21883900 -0.90965860 -0.35303086
vn -0.17861737 0.65026980 0.73840710
vn 0.22126475 -0.57776320 -0.78564090
vn 0.22901620 -0.25046977 -0.94064680
vn 0.22901620 -0.25046977 -0.94064680
vn 0.20142443 -0.35255933 -0.91385460
vn 0.23167731 0.94428724 0.23376736
vn 0.21340045 -0.35638958 -0.90964097
vn 0.21340045 -0.35638958 -0.90964097
vn 0.21340045 -0.35638958 -0.90964097
vn -0.25642145 -0.12382567 0.95860076
vn 0.26954520 -0.33543590 -0.90267830
vn 0.26954520 -0.33543590 -0.90267830
vn 0.36550912 0.93045540 0.02561177
vn 0.39038804 0.92004260 0.03344955
vn 0.00481885 -0.99998665 0.00185717
vn -0.17216296 0.60802096 0.77502936
vn -0.17216296 0.60802096 0.77502936
vn 0.33381903 0.91874010 -0.21090658
vn 0.33381903 0.91874010 -0.21090658
vn 0.17695771 0.90161186 -0.39469245
vn -0.12630314 0.87744770 0.46274513
vn 0.00593456 0.91679835 0.39930630
vn -0.00400065 0.89455960 0.44693080
vn -0.89546514 -0.38408083 0.22499790
vn 0.38616976 0.91446650 -0.12092975
vn 0.38616976 0.91446650 -0.12092975
vn 0.17461142 0.78240960 -0.59778440
vn 0.30195996 -0.33199626 -0.89364350
vn -0.05636270 0.67265236 0.73780900
vn 0.13694236 -0.21868873 -0.96613765
vn 0.13694236 -0.21868873 -0.96613765
vn 0.05484874 -0.10806012 -0.99263020
vn 0.05484874 -0.10806012 -0.99263020
vn -0.71087450 0.58314880 -0.39318570
vn -0.69513990 0.54619575 -0.46738732
vn -0.59780675 0.60646980 -0.52423424
vn -0.47324260 0.52858233 -0.70472854
vn -0.25212345 0.38199380 -0.88910880
vn -0.32988134 0.48962107 -0.80712426
vn -0.60691535 0.77230740 -0.18760374
vn 0.27264200 -0.47613990 -0.83603656
vn 0.27264200 -0.47613990 -0.83603656
vn -0.32271700 0.17861515 0.92948930
vn -0.87980600 0.47348976 -0.04181912
vn -0.08186743 -0.67930126 -0.72927874
vn -0.08186743 -0.67930126 -0.72927874
vn 0.78822700 -0.49574924 -0.36459693
vn 0.85585450 -0.48638773 -0.17589790
vn -0.16978957 -0.20563040 -0.96378815
vn -0.16978957 -0.20563040 -0.96378815
vn 0.48710057 0.86559826 -0.11607221
vn -0.01736929 -0.29885408 -0.95414080
vn 0.10113636 -0.35277656 -0.93022585
vn -0.43216726 0.89825200 -0.07984320
vn 0.27411932 -0.93674550 0.21763837
vn -0.39381173 0.78401500 0.47982582
vn -0.50676890 0.72215456 0.47082716
vn -0.21802970 0.35405093 0.90945650
vn -0.21802970 0.35405093 0.90945650
vn -0.43409920 0.82746136 0.35618216
vn 0.85228210 -0.50039494 -0.15238172
vn -0.33915100 0.63417280 0.69483924
vn 0.37822294 -0.65049857 -0.65863425
vn -0.50323930 0.57343054 0.64647320
vn -0.72157760 0.58405775 -0.37175593
vn -0.41409218 0.85568285 -0.31037813
vn -0.45186237 0.85796890 -0.24435589
vn 0.32703757 -0.82194215 0.46632335
vn 0.29100600 -0.77808920 0.55668000
vn -0.56753016 0.60702753 0.55626170
vn 0.66733680 -0.16664557 0.72587250
vn 0.66733680 -0.16664557 0.72587250
vn 0.28437948 -0.01954356 0.95851266
vn -0.58521210 0.77823160 0.22777721
vn -0.65920710 0.69627285 0.28398976
vn 0.66026150 -0.19436471 -0.72544956
vn 0.78691530 -0.15304352 -0.59778090
vn -0.83543545 0.46170560 -0.29812008
vn 0.46975353 -0.60051340 -0.64708215
vn -0.96774775 -0.25192055 -0.00058434
vn -0.96774775 -0.25192055 -0.00058434
vn -0.55852216 -0.43456930 -0.70654260
vn -0.55852216 -0.43456930 -0.70654260
vn -0.76983090 -0.50749296 -0.38705477
vn -0.76983090 -0.50749296 -0.38705477
vn -0.76983090 -0.50749296 -0.38705477
vn -0.98529180 -0.07621729 -0.15294175
vn -0.98529180 -0.07621729 -0.15294175
vn -0.76931080 -0.52449900 -0.36477650
vn -0.57984906 0.42301002 0.69630290
vn 0.32162157 -0.52245050 -0.78968660
vn 0.32162157 -0.52245050 -0.78968660
vn 0.32162157 -0.52245050 -0.78968660
vn 0.84301080 -0.50388324 0.18824063
vn 0.46995273 -0.26629698 -0.84156424
vn 0.46995273 -0.26629698 -0.84156424
vn 0.85191980 -0.49550557 0.16943130
vn -0.91644650 0.19791341 -0.34778753
vn -0.54188390 0.81745290 -0.19527565
vn 0.19139677 -0.48469450 -0.85348606
vn 0.78555780 -0.57960970 -0.21668339
vn 0.74897980 -0.63400340 -0.19253322
vn -0.82639320 0.53022820 -0.18955867
vn -0.16402651 0.02210921 0.98620820
vn -0.16402651 0.02210921 0.98620820
vn -0.99390870 -0.07362871 0.08200222
vn -0.34278485 0.06979913 0.93681735
vn -0.35942367 0.15454355 0.92028856
vn -0.29608470 0.01515135 0.95504160
vn -0.29608470 0.01515135 0.95504160
vn -0.34639698 0.46832982 0.81282000
vn 0.35813984 -0.79718440 -0.48603785
vn 0.35982233 -0.76529590 -0.53371350
vn 0.37614554 -0.66744655 -0.64267385
vn -0.36667067 0.48191404 0.79580880
vn -0.68319860 -0.44094350 -0.58207270
vn -0.29505770 -0.25201344 0.92164540
vn -0.34184268 0.03762507 0.93900370
vn -0.20105030 -0.20487529 0.95791700
vn -0.13389093 -0.39337070 0.90957826
vn -0.93965393 -0.11507116 0.32219430
vn -0.93965393 -0.11507116 0.32219430
vn 0.64786637 0.43267587 0.62694570
vn 0.64786637 0.43267587 0.62694570
vn 0.78052600 0.27712400 0.56034064
vn 0.78052600 0.27712400 0.56034064
vn 0.87668150 0.26899940 0.39883447
vn 0.87668150 0.26899940 0.39883447
vn 0.87668150 0.26899940 0.39883447
vn -0.19467983 -0.10145006 0.97560630
vn -0.98202150 -0.08061704 0.17068885
vn -0.36502144 -0.21777080 0.90517140
vn -0.36502144 -0.21777080 0.90517140
vn -0.30930230 -0.11613888 0.94384533
vn -0.30930230 -0.11613888 0.94384533
vn -0.98660310 0.01397962 0.16253912
vn -0.98660310 0.01397962 0.16253912
vn -0.93489480 0.07467096 0.34698110
vn -0.95246210 0.01002487 0.30449230
vn 0.44894606 -0.20195903 -0.87043667
vn 0.27794316 -0.29881164 -0.91293990
vn 0.27794316 -0.29881164 -0.91293990
vn -0.62227910 -0.54955400 -0.55745780
vn -0.62227910 -0.54955400 -0.55745780
vn 0.23837073 -0.23055640 -0.94341034
vn -0.38455948 -0.27157128 -0.88224880
vn -0.96399150 -0.12232864 0.23612730
vn 0.87824510 -0.36592558 -0.30787020
vn 0.87824510 -0.36592558 -0.30787020
vn -0.96932960 -0.22445591 0.10009906
vn -0.98423690 -0.09679112 -0.14801780
vn 0.84278363 -0.51319563 -0.16231441
vn -0.99646690 -0.03817144 0.07481185
vn -0.35903096 -0.18644607 -0.91451340
vn -0.35903096 -0.18644607 -0.91451340
vn -0.99351640 -0.00279778 0.11365511
vn -0.99351640 -0.00279778 0.11365511
vn -0.99351640 -0.00279778 0.11365511
vn 0.53165070 0.84588605 0.04271209
vn 0.48962630 0.54147553 0.68342555
vn 0.56075996 0.82562100 -0.06243637
vn 0.49010792 0.87120026 -0.02836287
vn -0.15453042 -0.43401986 -0.88755120
vn -0.72089060 -0.10366168 -0.68525260
vn -0.62986934 -0.16012335 -0.76001660
vn -0.62986934 -0.16012335 -0.76001660
vn 0.97164595 -0.06423049 -0.22754918
vn 0.98527460 0.05871362 0.16058254
vn -0.22503560 -0.27311596 -0.93528960
vn -0.89194550 0.45169237 0.02018270
vn -0.77745676 -0.20182975 -0.59567250
vn 0.03720421 -0.97732050 -0.20847191
vn 0.10939361 -0.28196588 -0.95316750
vn -0.00299728 -0.41100810 -0.91162676
vn -0.57263450 -0.14998753 -0.80597365
vn -0.57263450 -0.14998753 -0.80597365
vn -0.80478280 -0.07800966 -0.58842080
vn -0.80478280 -0.07800966 -0.58842080
vn -0.00793419 -0.25480798 -0.96695910
vn -0.00793419 -0.25480798 -0.96695910
vn 0.93276860 -0.03527388 -0.35874587
vn 0.89570236 -0.12798159 -0.42583802
vn -0.71624060 0.61649060 -0.32701504
vn 0.28534466 -0.31865457 -0.90390146
vn -0.07518502 -0.16970257 -0.98262320
vn -0.07518502 -0.16970257 -0.98262320
vn 0.57492220 -0.51826230 -0.63314193
vn -0.77143884 0.49901715 -0.39479604
vn -0.43529162 -0.22119401 -0.87269370
vn 0.37210700 -0.92767340 0.03096018
vn 0.68030370 -0.66875225 -0.29992902
vn 0.58274895 -0.19984214 -0.78769726
vn 0.15724084 -0.98069390 0.11625365
vn 0.37044254 -0.49431768 -0.78639840
vn 0.47301337 -0.52632630 -0.70656854
vn -0.84989090 -0.09606757 0.51812786
vn -0.53734094 0.14783823 0.83030635
vn -0.73040800 0.60522807 -0.31654882
vn 0.65421957 -0.59016204 -0.47297520
vn 0.52102350 -0.61024460 -0.59677140
vn 0.04591009 0.49777457 0.86609050
vn -0.40901880 -0.26208290 -0.87408024
vn -0.55324740 -0.20232820 -0.80807220
vn -0.82702750 -0.01484572 -0.56196535
vn -0.82702750 -0.01484572 -0.56196535
vn -0.63826865 -0.38769376 -0.66506150
vn -0.63826865 -0.38769376 -0.66506150
vn 0.43316203 -0.67643120 -0.59566060
vn -0.09924708 -0.66694266 0.73846970
vn 0.33035824 -0.60270095 -0.72637117
vn -0.14574234 -0.96534956 0.21647036
vn 0.41513340 -0.67603300 -0.60880510
vn 0.41513340 -0.67603300 -0.60880510
vn 0.25493060 -0.76065100 -0.59700970
vn 0.52421033 -0.59782290 -0.60647460
vn 0.61751413 -0.40273342 -0.67563470
vn -0.09814173 -0.33070385 -0.93861770
vn 0.16877820 -0.28635344 -0.94314140
vn -0.79985505 0.43252468 -0.41611823
vn 0.48034903 -0.86372320 0.15247025
vn 0.54243004 -0.72435370 -0.42553672
vn 0.03386045 -0.91966856 -0.39123300
vn -0.70522386 0.14279725 0.69445544
vn -0.70759860 0.63475670 -0.31046450
vn -0.70801693 0.47218570 -0.52512157
vn -0.73766154 0.44450518 -0.50820330
vn -0.76200515 0.53437420 -0.36577645
vn -0.77666500 0.16593172 0.60766613
vn -0.70800280 0.34016266 -0.61888730
vn 0.46491957 0.81264520 -0.35136540
vn 0.48339826 0.68619230 -0.54356813
vn -0.09624905 0.64877367 0.75487010
vn -0.44262186 -0.38371080 -0.81046400
vn -0.77036200 -0.55354840 -0.31642795
vn -0.60379570 0.01275824 -0.79703695
vn -0.57517767 -0.80160420 -0.16309915
vn -0.60886335 -0.71583000 -0.34186676
vn -0.88945960 -0.45384845 0.05369626
vn 0.26674473 -0.53033394 -0.80473180
vn 0.26674473 -0.53033394 -0.80473180
vn 0.23941536 0.94273780 0.23221880
vn 0.27182364 -0.75207710 -0.60040987
vn 0.28180550 -0.56326920 -0.77673260
vn -0.57339330 0.25477758 0.77865820
vn 0.28399068 -0.36765856 -0.88553740
vn 0.24493152 -0.50493073 -0.82767950
vn -0.09289505 0.89980984 0.42627790
vn 0.51136214 -0.85927546 0.01242878
vn 0.22441766 -0.83528820 -0.50192670
vn 0.24228261 -0.66395250 -0.70743640
vn -0.27631450 0.78945804 0.54809340
vn -0.34565580 0.78885890 0.50815720
vn 0.75498277 -0.21464351 0.61962026
vn -0.51475084 0.83101887 -0.21080635
vn -0.36572373 0.49904210 0.78562284
vn 0.17818224 -0.40578052 -0.89643365
vn 0.45339400 -0.63661140 -0.62382686
vn 0.07702863 -0.35328850 -0.93233790
vn 0.40898170 0.52142340 0.74890035
vn -0.60387260 0.35488147 -0.71372056
vn -0.88184124 0.46971850 -0.04147991
vn -0.16750870 0.24511486 0.95491344
vn -0.16750870 0.24511486 0.95491344
vn -0.34907380 0.65068156 0.67435980
vn -0.25935802 0.68207860 0.68374133
vn -0.59564340 0.19827223 0.77839386
vn -0.23092864 0.43044850 0.87257445
vn -0.23092864 0.43044850 0.87257445
vn 0.29205772 -0.00710083 0.95637435
vn 0.11482382 -0.32380864 0.93912920
vn -0.01673951 -0.84786960 -0.52994060
vn -0.24086726 0.60367390 0.75997424
vn -0.31276580 -0.88376620 -0.34804450
vn 0.44179904 -0.49186695 -0.75025370
vn 0.12860763 -0.88802570 0.44144145
vn 0.52721524 -0.28087792 -0.80196730
vn 0.59769106 -0.28663406 -0.74873650
vn 0.62451920 -0.20717330 -0.75303060
vn 0.62451920 -0.20717330 -0.75303060
vn 0.05755398 -0.87465316 0.48132060
vn 0.60825350 -0.29057917 0.73864174
vn -0.52347410 0.72579724 0.44631082
vn 0.05081568 0.21172574 -0.97600720
vn -0.24335310 0.73088646 -0.63763970
vn 0.75488645 -0.16901101 -0.63370480
vn 0.02870073 0.22550333 -0.97381960
vn 0.02870073 0.22550333 -0.97381960
vn 0.31683070 -0.05080840 -0.94712030
vn 0.06312468 0.19967704 -0.97782636
vn 0.00782637 -0.83829790 0.54515630
vn 0.00782637 -0.83829790 0.54515630
vn 0.24460348 -0.94963926 -0.19584300
vn 0.27999833 -0.05793666 -0.95825070
vn 0.18038991 -0.14292414 -0.97315580
vn 0.18038991 -0.14292414 -0.97315580
vn 0.94217736 -0.11631544 -0.31428108
vn 0.94217736 -0.11631544 -0.31428108
vn 0.12299991 0.01530793 -0.99228865
vn 0.00721497 0.47855230 -0.87802940
vn 0.99518070 -0.09751952 0.01025958
vn 0.92935413 -0.08493905 0.35928595
vn -0.85943450 0.07502246 0.50571150
vn 0.05475942 0.49826002 -0.86529670
vn 0.32736248 -0.35967955 -0.87376460
vn 0.29129140 -0.26501742 -0.91919270
vn 0.15195295 0.00229729 -0.98838514
vn 0.23042552 0.26718780 -0.93568950
vn 0.23042552 0.26718780 -0.93568950
vn 0.24717602 0.03702482 -0.96826303
vn 0.24717602 0.03702482 -0.96826303
vn 0.09834425 0.46211424 -0.88135060
vn 0.09354933 0.46834260 -0.87858060
vn 0.13737115 0.28225330 -0.94945370
vn 0.04960016 0.40367600 -0.91355650
vn 0.24050443 0.07038460 -0.96809280
vn -0.06376129 0.71514320 -0.69606370
vn -0.06376129 0.71514320 -0.69606370
vn 0.05171591 0.24558377 -0.96799490
vn -0.51841503 0.24157013 0.82029860
vn 0.17481689 0.05272141 -0.98318850
vn 0.18594866 0.09944705 -0.97751385
vn -0.11734068 0.72937040 -0.67398065
vn -0.05243443 0.65536463 -0.75349040
vn -0.05243443 0.65536463 -0.75349040
vn -0.70466700 0.17419200 0.68782383
vn -0.37903616 -0.85838510 -0.34569755
vn 0.15363176 -0.62739617 -0.76339453
vn 0.04437932 -0.71950924 -0.69306350
vn -0.22552101 -0.24180527 0.94375350
vn -0.22552101 -0.24180527 0.94375350
vn -0.22552101 -0.24180527 0.94375350
vn 0.22470407 0.10487240 -0.96876720
vn 0.20915043 0.25915232 -0.94291900
vn 0.18292566 0.26289183 -0.94732570
vn 0.18292566 0.26289183 -0.94732570
vn -0.42849153 -0.23100690 -0.87351630
vn -0.57107670 0.23421958 0.78677356
vn -0.81202180 0.13505554 0.56778574
vn -0.24503300 0.83204480 -0.49765489
vn 0.14421664 -0.23387292 -0.96151180
vn -0.00218632 -0.25045452 -0.96812594
vn -0.00218632 -0.25045452 -0.96812594
vn -0.11226840 0.83432400 -0.53972160
vn 0.13621211 0.07839378 -0.98757320
vn 0.22043432 -0.15530531 -0.96295846
vn 0.22043432 -0.15530531 -0.96295846
vn 0.03270398 0.60131430 -0.79834300
vn 0.03270398 0.60131430 -0.79834300
vn 0.03270398 0.60131430 -0.79834300
vn -0.13424142 0.07565757 0.98805630
vn 0.01348439 0.34319454 -0.93916756
vn 0.01348439 0.34319454 -0.93916756
vn -0.18165407 0.81787366 -0.54597116
vn -0.24554574 0.81401557 -0.52638960
vn 0.17941499 -0.09666853 -0.97901250
vn 0.17941499 -0.09666853 -0.97901250
vn -0.29241490 0.76414734 -0.57495420
vn -0.27478623 0.76278970 -0.58535830
vn 0.29234517 -0.26972110 -0.91748840
vn 0.29234517 -0.26972110 -0.91748840
vn 0.29234517 -0.26972110 -0.91748840
vn -0.27621922 0.81918550 -0.50263125
vn -0.24467008 0.77189153 -0.58678780
vn -0.20631630 0.83944500 -0.50275810
vn -0.22855443 0.80767320 -0.54353184
vn -0.12908565 0.67061680 -0.73048620
vn 0.04444974 0.58712804 -0.80827280
vn -0.24455613 0.84471950 -0.47606844
vn 0.07363791 -0.02459860 -0.99698160
vn 0.16565168 0.03363149 -0.98561066
vn -0.17080556 0.81239870 -0.55752486
vn 0.14025821 0.10970119 -0.98401890
vn 0.14025821 0.10970119 -0.98401890
vn 0.13841942 0.01473736 -0.99026406
vn 0.13841942 0.01473736 -0.99026406
vn 0.13841942 0.01473736 -0.99026406
vn 0.28623807 0.14506173 0.94711393
vn -0.54762570 0.60135317 -0.58179086
vn -0.45546347 0.55288960 -0.69775790
vn -0.49379995 0.59272516 -0.63626930
vn -0.56426436 0.59592026 -0.57138850
vn -0.46377897 0.75878020 -0.45734197
vn -0.39649388 0.56916445 -0.72030854
vn -0.58711916 0.62137170 -0.51883364
vn -0.69365525 0.57327330 -0.43611947
vn -0.62163980 0.51440656 -0.59071990
vn -0.50588070 0.65996870 -0.55545130
vn -0.17066658 -0.18165280 0.96843964
vn -0.59791124 0.51257867 -0.61625105
vn -0.17382193 -0.31241256 0.93390810
vn -0.13172871 0.81221930 -0.56828463
vn -0.21060933 0.83885160 -0.50196780
vn -0.00041058 0.01331483 -0.99991130
vn -0.14356631 0.81926250 -0.55515550
vn -0.20597915 0.22741257 -0.95176480
vn -0.31669188 0.40524352 -0.85760367
vn -0.03502575 0.36414190 -0.93068460
vn -0.28175068 0.88584930 -0.36862946
vn 0.17558861 -0.19141608 -0.96567520
vn 0.17558861 -0.19141608 -0.96567520
vn 0.06608397 -0.09741366 -0.99304760
vn 0.08345874 -0.11047193 -0.99036896
vn 0.08345874 -0.11047193 -0.99036896
vn -0.15673925 0.67058360 -0.72508657
vn 0.55326410 -0.28861663 0.78140855
vn -0.25042027 0.39859410 -0.88227683
vn -0.07822406 0.23190760 -0.96958750
vn 0.05513967 0.03090350 -0.99800040
vn -0.04927481 0.09561003 -0.99419856
vn 0.11809352 -0.15572223 -0.98071630
vn 0.11809352 -0.15572223 -0.98071630
vn -0.42064760 0.68616194 -0.59349600
vn -0.14684080 0.38119808 -0.91275730
vn -0.37897024 0.75426596 -0.53615710
vn -0.37274748 0.71999770 -0.58537394
vn 0.91953367 -0.37102842 0.12959830
vn -0.08552748 0.78793870 -0.60978496
vn -0.08552748 0.78793870 -0.60978496
vn -0.08552748 0.78793870 -0.60978496
vn -0.35614845 0.52066110 -0.77593190
vn -0.51084270 0.62941176 -0.58556014
vn 0.11423071 0.37860814 -0.91848093
vn 0.11423071 0.37860814 -0.91848093
vn -0.28899837 0.48061773 -0.82794124
vn 0.23100200 -0.94342357 0.23788686
vn 0.32443044 -0.94103146 0.09594154
vn -0.33750677 0.53506110 -0.77446675
vn -0.34384410 0.62050220 -0.70480380
vn -0.20289972 0.85400650 -0.47906620
vn -0.03775716 0.09404319 -0.99485190
vn -0.26369017 0.77320147 -0.57673836
vn -0.20256296 0.76408046 -0.61249435
vn -0.32577246 0.76941930 -0.54942346
vn -0.35157480 0.77658755 -0.52278775
vn 0.17223275 0.07238881 -0.98239290
vn 0.17223275 0.07238881 -0.98239290
vn 0.05718048 -0.51307890 0.85643470
vn -0.50824700 -0.01327542 0.86110900
vn -0.09128491 0.83922195 -0.53607240
vn -0.09128491 0.83922195 -0.53607240
vn -0.13348500 0.77986073 -0.61155460
vn -0.16169365 0.73802830 -0.65511030
vn -0.02437169 0.92177140 -0.38696720
vn -0.14258450 -0.06600466 0.98757946
vn -0.04540047 0.21334659 -0.97592120
vn -0.21929696 0.62192760 -0.75174130
vn -0.27535100 0.83060580 -0.48402056
vn -0.11711681 0.86884314 -0.48103565
vn 0.00256601 0.90530250 -0.42475972
vn -0.15688516 0.85482407 -0.49463410
vn -0.14991103 0.28621240 -0.94636630
vn -0.26378027 0.79080206 -0.55231524
vn -0.25078613 0.81466097 -0.52290905
vn -0.33853340 0.55391960 -0.76063660
vn -0.39371000 0.69379640 -0.60302490
vn -0.40667418 0.75484640 -0.51460970
vn -0.04953203 0.64839983 -0.75968690
vn -0.04953203 0.64839983 -0.75968690
vn -0.30159104 0.72580810 -0.61826010
vn -0.08845581 0.75537210 -0.64929860
vn -0.08845581 0.75537210 -0.64929860
vn -0.08845581 0.75537210 -0.64929860
vn 0.89573530 -0.43245840 0.10314057
vn -0.64982050 -0.10142906 0.75328976
vn -0.64982050 -0.10142906 0.75328976
vn -0.62537956 -0.01463260 0.78018350
vn -0.62537956 -0.01463260 0.78018350
vn -0.08136948 -0.50350780 0.86015060
vn -0.12672606 0.12852200 -0.98357650
vn -0.15530472 0.77572250 -0.61166580
vn -0.26751974 0.48467973 -0.83277780
vn -0.25068408 0.74894816 -0.61337930
vn -0.12876992 0.81523937 -0.56462640
vn -0.13415422 0.88341296 -0.44898143
vn -0.21069430 0.64972490 -0.73038720
vn -0.06525043 0.73399010 -0.67601854
vn -0.06525043 0.73399010 -0.67601854
vn -0.12443596 0.82816150 -0.54650176
vn -0.16400413 0.86399466 -0.47604200
vn 0.50285196 -0.86416423 0.01897838
vn -0.40898785 0.75382440 -0.51427406
vn -0.10268161 0.87901884 -0.46559894
vn -0.06494198 0.84969870 -0.52325390
vn -0.06494198 0.84969870 -0.52325390
vn -0.08934082 0.90394620 -0.41820980
vn -0.11414538 0.86711140 -0.48485944
vn 0.02570149 -0.03078156 -0.99919564
vn -0.07422756 0.89141720 -0.44706340
vn -0.36465287 0.75384130 -0.54658175
vn -0.16818413 0.46680206 -0.86822236
vn 0.53477323 -0.59438676 0.60060130
vn -0.44905278 0.77887726 -0.43783754
vn -0.27213958 0.74103296 -0.61384875
vn -0.47754437 0.81839275 -0.31966352
vn -0.24847206 0.71241950 -0.65629280
vn -0.28135830 0.83009255 -0.48143944
vn -0.35134780 0.76330450 -0.54214483
vn -0.17492677 0.88023890 -0.44111252
vn -0.15183072 0.83854693 -0.52324610
vn -0.36365542 0.75448430 -0.54635920
vn -0.34138626 0.83050010 -0.44014212
vn -0.90256816 -0.41986686 0.09530247
vn -0.27431660 0.82968270 -0.48618627
vn -0.15692511 0.79157570 -0.59057810
vn -0.20163628 0.79751450 -0.56860673
vn -0.13191491 0.88125384 -0.45386153
vn -0.25822216 0.80529670 -0.53368384
vn 0.09180956 0.54291700 0.83475280
vn -0.25095415 0.84945685 -0.46416062
vn -0.16469880 0.76822540 -0.61863080
vn -0.35528780 0.73961420 -0.57161310
vn -0.18332492 0.83073060 -0.52562210
vn -0.22049531 0.84371805 -0.48940957
vn -0.17319767 0.83915865 -0.51557280
vn 0.51060790 -0.84714860 0.14703363
vn 0.51060790 -0.84714860 0.14703363
vn 0.49750190 -0.84540755 0.19436552
vn -0.16378770 0.88296530 -0.43993860
vn -0.31119716 0.78932640 -0.52926373
vn 0.83345380 -0.54102960 0.11243632
vn -0.18594499 0.85421056 -0.48553976
vn -0.34870610 0.74591154 -0.56746817
vn -0.37404260 0.75743230 -0.53515280
vn -0.24741626 0.82791620 -0.50332900
vn -0.10853896 0.87832505 -0.46557980
vn -0.02089505 0.38086290 0.92439544
vn 0.00568608 0.16129003 0.98689070
vn -0.13145787 0.90321750 -0.40855476
vn -0.05381858 0.88730140 -0.45803920
vn -0.06921493 0.88445860 -0.46145675
vn -0.24612805 0.87366545 -0.41967810
vn -0.85572296 -0.42137897 0.30029660
vn -0.85572296 -0.42137897 0.30029660
vn -0.30405992 0.81555380 -0.49236130
vn 0.27687758 -0.84238416 -0.46230700
vn 0.52154654 -0.30883232 0.79536897
vn 0.52154654 -0.30883232 0.79536897
vn -0.27062216 0.78383803 -0.55889326
vn -0.10812221 0.88214904 -0.45839155
vn -0.36613940 0.60714394 -0.70520794
vn -0.14368075 0.93098040 -0.33560600
vn 0.19334275 0.24675907 -0.94959390
vn 0.05768127 0.53542835 -0.84260875
vn -0.10581785 0.77340126 -0.62502235
vn -0.10581785 0.77340126 -0.62502235
vn -0.44708610 0.79936963 -0.40140030
vn 0.18138546 0.25583738 -0.94955075
vn -0.08540033 0.80718830 -0.58408386
vn -0.36487415 0.75150990 -0.54963607
vn -0.25020470 0.82843160 -0.50109756
vn -0.47772434 0.80461200 -0.35267413
vn -0.45865333 0.81060565 -0.36408180
vn -0.17343870 0.96232520 -0.20940222
vn -0.16602905 0.92367196 -0.34534702
vn -0.16602905 0.92367196 -0.34534702
vn -0.54616230 0.83261627 0.09196141
vn -0.37575766 0.77195720 -0.51272637
vn -0.30746320 0.61654170 -0.72480540
vn -0.13367423 0.20509289 -0.96957110
vn -0.22395499 0.74970790 -0.62272173
vn -0.30611378 0.78566563 -0.53760950
vn -0.20229998 0.85881394 -0.47065207
vn 0.12632896 -0.33365455 -0.93419254
vn -0.25327864 0.77683806 0.57651764
vn -0.33447558 0.87474036 -0.35064992
vn -0.15962547 0.78174100 -0.60282737
vn -0.27533168 0.79270790 -0.54388120
vn -0.36195457 0.93004304 -0.06331572
vn -0.14085934 0.80789180 -0.57224940
vn -0.29945466 0.91833020 -0.25883693
vn -0.16980529 0.90193930 -0.39707910
vn -0.16980529 0.90193930 -0.39707910
vn -0.40648782 0.90604300 -0.11770204
vn -0.35410476 0.90330863 -0.24216405
vn 0.79927050 -0.50480556 -0.32609520
vn -0.26942146 0.90896930 0.31809890
vn -0.15853618 -0.62306100 -0.76593820
vn -0.41447297 -0.54333370 -0.73006890
vn -0.21170892 -0.40112610 -0.89122236
vn -0.19455409 0.91147370 -0.36244234
vn -0.30598006 0.92740740 -0.21515526
vn -0.19733477 0.95716970 -0.21186115
vn -0.27332500 0.67821150 -0.68214570
vn -0.16253313 0.82960130 -0.53417660
vn -0.11242801 0.88944626 -0.44299603
vn -0.16849990 0.93223000 -0.32024232
vn -0.19282330 0.95226810 -0.23665318
vn -0.14797111 0.93686694 -0.31683570
vn -0.06317870 0.74629230 -0.66261320
vn -0.06317870 0.74629230 -0.66261320
vn -0.19795547 0.95528555 -0.21964353
vn -0.19795547 0.95528555 -0.21964353
vn -0.14212339 0.83200730 -0.53625080
vn -0.14212339 0.83200730 -0.53625080
vn -0.24909577 0.96705140 -0.05256411
vn -0.15629758 0.92780566 -0.33874446
vn -0.10966723 0.99376790 0.01996167
vn -0.16022216 0.85620970 -0.49115562
vn -0.16022216 0.85620970 -0.49115562
vn -0.08252035 0.99110400 -0.10441899
vn -0.11795211 0.95679380 -0.26576895
vn -0.23694395 0.95826316 -0.15996705
vn -0.18839666 0.95313350 -0.23673433
vn -0.27625270 0.96072120 0.02644425
vn -0.19318508 0.97017310 -0.14643615
vn -0.10540420 0.90877837 -0.40374717
vn -0.10540420 0.90877837 -0.40374717
vn -0.10540420 0.90877837 -0.40374717
vn -0.64046590 0.45888445 -0.61581540
vn 0.35448587 -0.50982390 -0.78384910
vn -0.07581973 0.99416200 0.07676794
vn -0.19225090 0.94434290 0.26693836
vn -0.22476864 0.92391410 0.30961576
vn -0.39742850 0.89278764 0.21208702
vn -0.32472086 0.89882493 0.29439800
vn -0.01949730 0.78167780 -0.62337774
vn -0.20734411 0.97644776 0.05965115
vn -0.34163845 0.83787996 -0.42572334
vn -0.35251975 0.86873120 0.34790233
vn -0.35160878 0.93066840 0.10113149
vn -0.41292520 0.90835583 0.06620068
vn -0.31763077 0.42279848 0.84873560
vn -0.31763077 0.42279848 0.84873560
vn -0.31195125 0.70476860 0.63717157
vn -0.24079601 0.66111400 0.71059530
vn -0.22422929 0.76498187 0.60375816
vn -0.28192708 0.75506186 0.59194480
vn -0.29821858 0.88693035 0.35273260
vn -0.27539274 0.74801980 0.60384200
vn -0.27539274 0.74801980 0.60384200
vn -0.13357185 0.95645710 0.25951588
vn -0.17276257 0.88818914 0.42576185
vn -0.20351742 0.02200771 0.97882400
vn -0.16504589 0.91707724 0.36294520
vn -0.16504589 0.91707724 0.36294520
vn -0.17194617 0.84524000 0.50596833
vn -0.17194617 0.84524000 0.50596833
vn -0.08488412 0.97129756 0.22220640
vn -0.42282486 0.86079586 0.28328370
vn -0.24079813 0.69767123 0.67473780
vn -0.36766192 0.92671430 -0.07762311
vn -0.14198992 0.27944592 0.94960460
vn -0.10913514 0.97876230 0.17353317
vn -0.23466699 0.35404247 0.90530956
vn -0.47041893 0.80683060 0.35739410
vn -0.22736790 0.93119997 -0.28490427
vn -0.21778274 0.54842460 0.80734210
vn -0.24613656 0.52727306 0.81326490
vn -0.24613656 0.52727306 0.81326490
vn -0.09930396 0.99454610 0.03188711
vn -0.19683424 0.97378165 0.11404228
vn -0.17487471 0.98400710 -0.03389470
vn -0.06443144 0.99622226 -0.05822290
vn -0.50349120 0.86399690 -0.00245213
vn -0.21643840 0.88604885 0.40996587
vn -0.28782412 0.35595608 0.88907400
vn -0.21814501 0.45018990 0.86587640
vn -0.23876743 -0.11894456 0.96376470
vn -0.34188270 0.93966424 0.01214180
vn -0.31639278 0.32972074 0.88948290
vn -0.46415174 0.88115144 0.09019592
vn -0.59358650 0.60264540 0.53336080
vn -0.21860707 0.47068834 0.85478860
vn -0.21860707 0.47068834 0.85478860
vn -0.52249870 0.58494280 0.62035240
vn -0.35420346 0.66843840 0.65401083
vn -0.31028550 0.64036846 0.70260316
vn -0.31366697 0.63076490 0.70975260
vn -0.35737777 0.33084062 0.87339890
vn -0.17032424 0.07094780 0.98283070
vn -0.11589645 -0.16954070 0.97868484
vn -0.04357379 -0.12875800 0.99071836
vn -0.28185093 0.25571486 0.92475400
vn -0.07469643 0.00870580 0.99716830
vn -0.08075794 0.06855831 0.99437314
vn -0.31204394 0.31456143 0.89648190
vn -0.23422329 0.96743524 -0.09596180
vn -0.23422329 0.96743524 -0.09596180
vn -0.22973943 0.91522570 0.33103132
vn -0.15985945 0.97668370 0.14329678
vn -0.07727542 0.89695730 -0.43531162
vn -0.07727542 0.89695730 -0.43531162
vn 0.32414890 -0.85060640 0.41400050
vn 0.04649134 -0.55118590 0.83308620
vn -0.07847278 -0.13886902 0.98719680
vn -0.31575200 0.33326933 0.88838750
vn -0.17242852 -0.04847742 0.98382850
vn -0.17110248 0.17127484 0.97025204
vn -0.27704900 0.27333882 0.92115676
vn -0.05157410 -0.02708813 0.99830174
vn -0.19260815 -0.04561887 0.98021480
vn -0.23498544 0.33376710 0.91289730
vn -0.23498544 0.33376710 0.91289730
vn -0.23611793 0.35248527 0.90553990
vn -0.23611793 0.35248527 0.90553990
vn -0.21726862 0.35174397 0.91053313
vn -0.51614280 0.83712804 -0.18114421
vn -0.54564300 0.81962365 -0.17461671
vn -0.64700220 0.68285110 0.33926780
vn -0.37580934 0.88946220 -0.26004693
vn -0.02870168 0.92306054 -0.38358250
vn -0.43877286 0.86883050 -0.22937300
vn -0.39506683 0.86145970 -0.31907612
vn -0.56955360 0.79890360 -0.19329198
vn -0.46011385 0.83767480 -0.29427242
vn 0.01246738 0.80957353 -0.58688617
vn 0.02153654 0.90504400 -0.42477232
vn 0.02911907 0.91168493 -0.40985695
vn 0.02911907 0.91168493 -0.40985695
vn -0.50920200 0.83175755 -0.22111717
vn -0.15836127 0.98729354 -0.01316270
vn -0.49708910 0.82784040 -0.25996706
vn -0.53203410 0.80595780 -0.25956073
vn -0.44971457 0.83941174 -0.30519634
vn -0.12924391 0.85771840 -0.49760947
vn -0.12924391 0.85771840 -0.49760947
vn -0.11864194 0.90171707 -0.41572870
vn -0.11864194 0.90171707 -0.41572870
vn -0.05327316 0.90766746 -0.41629547
vn -0.05327316 0.90766746 -0.41629547
vn -0.07714077 0.82633287 -0.55787396
vn -0.60703933 0.60538010 -0.51479924
vn -0.24805707 0.69234955 0.67758390
vn -0.26572746 0.71096635 0.65108824
vn -0.17666720 0.72144280 0.66955876
vn -0.47676170 0.81612000 -0.32656770
vn -0.60595730 0.79515890 -0.02319578
vn 0.00335988 0.91672690 -0.39950043
vn 0.04205916 0.98014890 -0.19375037
vn 0.04205916 0.98014890 -0.19375037
vn -0.57624304 0.71816400 -0.39010826
vn -0.57149935 0.74531186 -0.34336388
vn -0.37607723 0.78836447 -0.48687510
vn 0.04986225 0.97179050 -0.23051481
vn -0.42567630 0.83974040 -0.33709908
vn -0.68773900 0.54629030 -0.47810250
vn -0.08454281 0.99373186 0.07314099
vn 0.00307717 0.99643135 -0.08435141
vn 0.00307717 0.99643135 -0.08435141
vn -0.76986074 0.62560165 -0.12624192
vn -0.56003237 0.67833984 -0.47562477
vn -0.24853313 0.75323254 -0.60899270
vn -0.15241736 0.77918890 -0.60797507
vn -0.33582240 0.82411290 -0.45613724
vn -0.00105078 0.74192880 -0.67047787
vn 0.01292613 0.92910117 -0.36959980
vn -0.66976240 0.60886040 0.42509700
vn -0.68209570 0.54580070 0.48666945
vn 0.09651871 0.95642793 -0.27555370
vn -0.67160930 0.47907640 -0.56517860
vn 0.52247417 -0.57247760 -0.63189420
vn 0.06017708 0.86152923 -0.50412905
vn 0.77201960 -0.33286983 0.54146415
vn 0.77201960 -0.33286983 0.54146415
vn -0.22164877 0.01559772 0.97500190
vn -0.14698225 -0.00202812 0.98913705
vn 0.58263200 -0.65199494 0.48522420
vn 0.84379070 -0.49576315 0.20551427
vn 0.84379070 -0.49576315 0.20551427
vn 0.75845950 -0.49337715 0.42581480
vn 0.81875040 -0.51282275 0.25818726
vn -0.07041235 -0.54319030 0.83665186
vn -0.11364091 -0.37392910 0.92046875
vn 0.87202210 -0.45506242 0.18026560
vn 0.88263285 -0.45742363 -0.10827233
vn 0.03596006 0.89411520 -0.44639102
vn 0.84263380 -0.40974632 0.34939426
vn 0.84263380 -0.40974632 0.34939426
vn 0.53277790 -0.60651964 0.59015393
vn 0.61172360 -0.50218236 0.61123420
vn 0.71625197 -0.44823587 0.53485310
vn 0.96281650 -0.18761589 0.19438305
vn 0.93444750 -0.34427324 -0.09101526
vn 0.79558370 -0.43942901 0.41707158
vn 0.87103410 -0.34727243 0.34742120
vn 0.92667440 -0.21069959 0.31125587
vn 0.01074631 0.90510150 -0.42505990
vn 0.01074631 0.90510150 -0.42505990
vn -0.31744558 0.12206151 0.94038790
vn -0.17121187 0.16524032 0.97127860
vn 0.61586124 -0.50556410 0.60425160
vn 0.73636300 -0.31641576 0.59803900
vn 0.73636300 -0.31641576 0.59803900
vn 0.02441432 0.96973060 -0.24295384
vn 0.42357507 -0.48172674 0.76715290
vn -0.18425035 -0.55191386 0.81329140
vn -0.18425035 -0.55191386 0.81329140
vn 0.01392074 -0.06997684 -0.99745154
vn -0.17335524 -0.31044605 -0.93465036
vn -0.17335524 -0.31044605 -0.93465036
vn -0.17850292 -0.29479071 0.93874127
vn -0.10815263 0.93253520 -0.34450132
vn -0.22280428 0.29357420 0.92960870
vn -0.22280428 0.29357420 0.92960870
vn 0.83398760 -0.40236348 0.37758240
vn -0.05333417 -0.34080200 -0.93862104
vn 0.77698170 -0.50068283 0.38159700
vn -0.29671600 0.23132324 0.92652535
vn -0.29671600 0.23132324 0.92652535
vn -0.29671600 0.23132324 0.92652535
vn -0.31916657 -0.01827412 0.94752246
vn -0.08903708 -0.28791523 0.95350790
vn -0.23635750 0.13296859 0.96252510
vn -0.23635750 0.13296859 0.96252510
vn -0.15098608 0.23426740 0.96037600
vn 0.04609721 -0.07962619 0.99575840
vn 0.04609721 -0.07962619 0.99575840
vn -0.25569448 0.15526702 0.95420780
vn -0.08208832 -0.12312793 0.98898995
vn 0.05073489 0.21899515 0.97440606
vn -0.12131367 0.98443985 -0.12712671
vn -0.22160545 0.24300090 0.94437367
vn 0.00478948 0.90755427 -0.41990754
vn 0.00478948 0.90755427 -0.41990754
vn 0.48695394 -0.46581542 0.73884500
vn 0.36274374 -0.31062360 0.87859553
vn 0.21753031 -0.22324863 0.95017920
vn 0.05688945 0.93311500 -0.35504943
vn -0.21490173 0.18552648 0.95885205
vn -0.06861747 0.12508363 0.98977053
vn -0.08876137 0.05710352 0.99441470
vn -0.08876137 0.05710352 0.99441470
vn 0.03159798 0.92049540 -0.38947392
vn -0.40511838 0.89702550 0.17670435
vn 0.77219280 -0.28065464 0.57004505
vn 0.86445450 -0.26995108 0.42408120
vn 0.00865162 0.91301227 -0.40784037
vn 0.00865162 0.91301227 -0.40784037
vn 0.00865162 0.91301227 -0.40784037
vn 0.41298705 -0.20834400 0.88658595
vn -0.20747049 -0.22998783 0.95082160
vn 0.85915244 -0.40353355 0.31467095
vn 0.60121830 -0.25122464 0.75856630
vn 0.20345137 0.58490400 -0.78517190
vn 0.20345137 0.58490400 -0.78517190
vn 0.21818729 -0.13210337 0.96692455
vn 0.21818729 -0.13210337 0.96692455
vn 0.59803410 -0.26363750 0.75686896
vn 0.29797490 0.31964390 -0.89946580
vn 0.40151060 -0.17490174 0.89899860
vn 0.74451760 -0.31268710 0.58984774
vn 0.75606760 -0.39281398 0.52350646
vn 0.24258755 -0.21992217 0.94487330
vn -0.27230123 0.81662400 0.50889820
vn -0.00400602 -0.01852920 0.99982030
vn 0.83129990 -0.50826360 0.22496383
vn 0.82647896 -0.48242474 0.29017058
vn 0.45698050 -0.22235017 0.86123710
vn 0.06886470 -0.05029165 0.99635760
vn 0.88461150 -0.12783088 0.44846610
vn 0.88461150 -0.12783088 0.44846610
vn -0.55117506 0.13715827 0.82303935
vn -0.55117506 0.13715827 0.82303935
vn -0.41469120 -0.00327723 0.90995634
vn -0.46591556 -0.00078128 0.88482890
vn -0.46591556 -0.00078128 0.88482890
vn -0.46591556 -0.00078128 0.88482890
vn 0.06345934 -0.04050525 0.99716216
vn -0.36156250 0.04775722 0.93112403
vn -0.36156250 0.04775722 0.93112403
vn -0.56170290 -0.06457863 0.82481486
vn -0.56170290 -0.06457863 0.82481486
vn -0.56170290 -0.06457863 0.82481486
vn -0.40332264 0.89343270 -0.19775999
vn -0.09471669 0.25797674 0.96149710
vn -0.46349400 0.11361662 0.87878585
vn -0.52201760 0.27130294 0.80863620
vn -0.24051600 0.94362980 0.22740887
vn -0.17368299 -0.00217839 0.98479927
vn -0.17368299 -0.00217839 0.98479927
vn -0.89482194 0.09432245 0.43634510
vn -0.21346667 0.94886480 0.23256755
vn 0.16082996 0.31897210 0.93401850
vn -0.41636822 0.25552577 0.87255037
vn -0.41636822 0.25552577 0.87255037
vn 0.00530021 0.87753540 -0.47948270
vn -0.34994632 0.02411721 0.93645924
vn 0.00827343 0.92580530 -0.37791032
vn 0.00827343 0.92580530 -0.37791032
vn -0.20141362 0.83500904 0.51204730
vn -0.16955155 0.04184337 0.98463270
vn -0.57818990 -0.79376096 -0.18878580
vn -0.84390760 0.11276165 0.52450420
vn -0.15886037 0.94570154 -0.28357002
vn -0.15886037 0.94570154 -0.28357002
vn -0.74364215 0.13496286 0.65481400
vn 0.17409860 0.41986993 0.89072940
vn 0.00929458 0.27511215 0.96136725
vn -0.32626644 0.21043760 0.92155650
vn -0.32626644 0.21043760 0.92155650
vn -0.52974590 0.24275923 0.81267300
vn -0.20029883 0.88205380 -0.42645234
vn -0.25020295 -0.74087960 -0.62329440
vn -0.14514486 0.60796463 0.78058445
vn -0.33691102 0.90361524 0.26451930
vn -0.75527690 -0.65402144 -0.04257676
vn -0.11188695 0.93158305 -0.34588220
vn -0.11188695 0.93158305 -0.34588220
vn -0.30440807 0.01358636 0.95244485
vn -0.72919290 0.10488822 0.67622210
vn 0.30861896 0.28847513 0.90638650
vn -0.45946595 0.26986113 0.84620690
vn -0.30872244 0.10326205 0.94553030
vn 0.01677184 0.78815770 -0.61524487
vn -0.18527018 0.12403069 0.97482896
vn -0.18527018 0.12403069 0.97482896
vn -0.61996275 0.14109823 0.77184033
vn 0.21100119 0.19165586 0.95851266
vn 0.17110497 -0.18625750 0.96748710
vn -0.07600698 0.41125405 0.90834640
vn -0.28760588 0.93521500 0.20653282
vn -0.31518552 0.84705114 0.42797485
vn -0.45974687 0.18526986 0.86850905
vn -0.16412420 -0.03184855 0.98592544
vn -0.32374380 0.83647937 0.44214517
vn -0.59863860 0.18281464 0.77987860
vn -0.18673103 0.14584470 0.97152500
vn 0.57063220 0.17573112 0.80218300
vn -0.45395120 -0.42268983 0.78438604
vn 0.47759268 0.30619000 0.82350045
vn 0.47759268 0.30619000 0.82350045
vn 0.47759268 0.30619000 0.82350045
vn -0.64337330 0.02656423 0.76509160
vn -0.64337330 0.02656423 0.76509160
vn -0.64337330 0.02656423 0.76509160
vn 0.52142274 -0.44327137 0.72912890
vn 0.52142274 -0.44327137 0.72912890
vn -0.35585530 -0.73177160 0.58127220
vn -0.35585530 -0.73177160 0.58127220
vn 0.26503113 0.43477884 0.86065440
vn 0.26503113 0.43477884 0.86065440
vn -0.10195640 0.19739394 0.97500795
vn 0.72449857 0.01714529 0.68906300
vn 0.72449857 0.01714529 0.68906300
vn 0.09546984 0.12645502 0.98736760
vn 0.09546984 0.12645502 0.98736760
vn -0.17163550 0.88092333 -0.44103910
vn 0.98973840 -0.01562696 0.14203393
vn 0.30231094 -0.92283440 0.23871500
vn 0.96811855 -0.22771461 0.10436767
vn 0.73487480 -0.55415756 0.39098385
vn 0.82142276 0.13060021 0.55516510
vn 0.82142276 0.13060021 0.55516510
vn -0.34756200 0.12905048 0.92873394
vn -0.52279350 -0.80788060 0.27205887
vn 0.49174336 -0.53160410 -0.68962720
vn 0.29429907 -0.25078258 -0.92222350
vn 0.29429907 -0.25078258 -0.92222350
vn 0.46554792 -0.81236000 -0.35119292
vn 0.48035058 0.41313946 0.77367900
vn 0.48035058 0.41313946 0.77367900
vn -0.29926848 0.25184050 0.92033410
vn -0.17012648 0.28489068 0.94334215
vn 0.31826937 -0.63687456 -0.70220757
vn 0.33500516 -0.88766050 0.31595954
vn 0.33500516 -0.88766050 0.31595954
vn 0.63937410 -0.09349795 -0.76319003
vn 0.57430990 -0.43882045 -0.69108950
vn 0.57430990 -0.43882045 -0.69108950
vn 0.82830070 -0.09271912 -0.55255880
vn 0.58280206 0.24667118 0.77427065
vn 0.69714344 -0.25126335 -0.67145950
vn 0.74490880 -0.34167020 -0.57303786
vn 0.74490880 -0.34167020 -0.57303786
vn 0.55363040 -0.37740900 -0.74233130
vn 0.55363040 -0.37740900 -0.74233130
vn -0.17620164 0.19976175 0.96387154
vn 0.39733860 -0.40054777 -0.82564130
vn -0.45944580 0.88606920 0.06157140
vn 0.10445143 -0.72494180 -0.68084460
vn 0.47300500 -0.30180708 -0.82775533
vn -0.05947994 -0.51228640 -0.85675250
vn 0.34066080 -0.21339218 -0.91564953
vn 0.64926726 -0.51721513 -0.55762047
vn 0.72490410 -0.51079910 -0.46216705
vn 0.58576730 -0.24082427 -0.77387360
vn 0.40292250 -0.19059476 -0.89516884
vn 0.46920657 -0.27956550 -0.83766840
vn -0.35083428 0.51040940 0.78510980
vn -0.35083428 0.51040940 0.78510980
vn -0.16446960 0.92519975 -0.34198710
vn -0.21316248 0.97640980 -0.03443518
vn 0.22091039 -0.22788930 -0.94829595
vn 0.40859850 -0.45974007 -0.78847090
vn 0.40859850 -0.45974007 -0.78847090
vn 0.58689094 -0.19284050 -0.78636605
vn -0.20625447 0.36079213 0.90955377
vn -0.20625447 0.36079213 0.90955377
vn -0.11875268 0.75835234 -0.64093655
vn -0.15796494 0.86919810 -0.46855290
vn -0.15796494 0.86919810 -0.46855290
vn -0.15796494 0.86919810 -0.46855290
vn -0.22107200 0.00226292 0.97525490
vn -0.76164610 -0.22402770 0.60803527
vn -0.76164610 -0.22402770 0.60803527
vn 0.20454745 -0.24774878 -0.94698520
vn 0.07043726 -0.29582822 -0.95264070
vn 0.21800329 -0.43389788 -0.87418944
vn 0.21800329 -0.43389788 -0.87418944
vn 0.90208286 -0.21710604 -0.37297657
vn -0.40657544 0.20485468 0.89035445
vn -0.70851740 -0.46330610 -0.53230685
vn 0.46892610 -0.26703820 -0.84190190
vn 0.46892610 -0.26703820 -0.84190190
vn 0.99105090 0.05337774 -0.12234800
vn 0.99105090 0.05337774 -0.12234800
vn -0.31829157 0.94047270 -0.11917013
vn 0.94814324 0.18507700 0.25840062
vn 0.94814324 0.18507700 0.25840062
vn 0.94814324 0.18507700 0.25840062
vn 0.28189915 -0.67739920 -0.67945810
vn -0.02114345 -0.28522232 -0.95822820
vn 0.25495920 -0.27550742 -0.92687184
vn 0.25495920 -0.27550742 -0.92687184
vn 0.30964510 0.16191801 -0.93696460
vn 0.50415593 -0.85523770 0.11998060
vn 0.30215478 0.08916742 -0.94907933
vn 0.69807404 -0.42396456 0.57701530
vn 0.90160304 -0.08418296 -0.42429376
vn 0.63146400 -0.76404923 0.13221999
vn 0.85120750 -0.51459630 0.10313348
vn 0.66659737 -0.63406426 0.39193180
vn 0.63402780 -0.53806520 0.55542296
vn 0.88066360 -0.44625098 0.15903410
vn 0.88066360 -0.44625098 0.15903410
vn -0.17708221 0.07493175 0.98133950
vn 0.26242554 -0.25894970 -0.92955800
vn 0.84432330 -0.53580510 0.00557863
vn 0.69837020 -0.27589366 0.66042540
vn 0.80987126 -0.37391967 0.45198742
vn 0.89802796 -0.42595112 0.11005256
vn 0.80782914 -0.58716530 -0.05146817
vn 0.80026870 -0.59923834 0.02198878
vn 0.71765506 -0.27482373 0.63987744
vn 0.68861926 -0.35840490 0.63035667
vn 0.68861926 -0.35840490 0.63035667
vn 0.83897847 -0.45137470 0.30393422
vn 0.97074210 -0.23327270 0.05695349
vn 0.97074210 -0.23327270 0.05695349
vn -0.19697396 0.17321995 0.96498510
vn 0.81094646 -0.09001087 -0.57815564
vn 0.29005757 -0.24463359 -0.92521410
vn 0.24510902 0.29679257 -0.92294955
vn 0.37001180 -0.23921373 -0.89770150
vn 0.35680430 -0.60411084 -0.71255934
vn -0.22511622 0.16628699 0.96003720
vn 0.15621367 -0.58026960 -0.79930260
vn 0.15621367 -0.58026960 -0.79930260
vn -0.18116629 0.25308502 0.95032984
vn 0.19854720 -0.63046420 -0.75039583
vn 0.19854720 -0.63046420 -0.75039583
vn 0.86974440 -0.45059064 0.20127764
vn 0.29715210 0.22180900 -0.92870957
vn 0.29715210 0.22180900 -0.92870957
vn 0.87639100 -0.36111537 0.31864497
vn 0.92233443 -0.20692076 -0.32631730
vn -0.23060568 0.22378050 0.94696540
vn 0.09281149 -0.57309890 -0.81421360
vn 0.16436951 0.34344962 -0.92467564
vn 0.16436951 0.34344962 -0.92467564
vn 0.82230890 -0.44106224 -0.35954437
vn 0.52693146 -0.59170600 -0.61010444
vn 0.82093270 -0.56910640 -0.04677088
vn 0.82093270 -0.56910640 -0.04677088
vn 0.14606439 0.28249326 -0.94808380
vn 0.14606439 0.28249326 -0.94808380
vn 0.14606439 0.28249326 -0.94808380
vn 0.52185214 -0.19462610 -0.83053666
vn 0.52185214 -0.19462610 -0.83053666
vn 0.73681253 -0.66359836 0.12940098
vn -0.12586415 -0.01909687 0.99186367
vn 0.24618153 -0.14994171 -0.95755530
vn 0.74511660 -0.60895010 0.27199480
vn 0.56569207 -0.78592616 -0.24962504
vn 0.33318168 -0.90630290 -0.26000960
vn 0.31155363 -0.93157050 -0.18737914
vn 0.33278912 -0.94294083 0.01067311
vn 0.47351208 -0.87666420 -0.08512507
vn 0.22002860 -0.48500478 0.84637930
vn 0.25621000 -0.86924416 -0.42281327
vn 0.79875860 -0.59933040 0.05279866
vn 0.54207766 -0.83348376 -0.10703635
vn -0.10672317 0.27419814 0.95573300
vn 0.52953595 -0.81858134 -0.22252266
vn 0.52953595 -0.81858134 -0.22252266
vn 0.86424860 -0.48505044 0.13341859
vn 0.86424860 -0.48505044 0.13341859
vn -0.12327937 0.27615870 0.95317286
vn 0.78275764 -0.61977980 -0.05624565
vn 0.57665640 -0.81621620 -0.03547458
vn 0.66427860 -0.74605083 0.04628389
vn 0.83785520 -0.49838427 -0.22273716
vn 0.48103803 -0.13418964 0.86636925
vn 0.51360910 -0.84814894 -0.12980424
vn -0.70945156 0.46030277 -0.53366650
vn 0.55048670 -0.82965130 -0.09296868
vn 0.54238296 -0.75912770 -0.35992497
vn 0.33404747 -0.32801256 -0.88364030
vn 0.06578827 -0.01345234 -0.99774300
vn -0.59113960 0.54062330 -0.59856530
vn 0.25594157 -0.20956340 -0.94370400
vn 0.19172527 -0.98039120 0.04554712
vn 0.49694540 -0.84229020 0.20878828
vn 0.49694540 -0.84229020 0.20878828
vn -0.06948365 0.69157220 -0.71895754
vn -0.06948365 0.69157220 -0.71895754
vn 0.41735432 -0.90489840 0.08351272
vn 0.41735432 -0.90489840 0.08351272
vn 0.29085004 -0.51876783 -0.80391930
vn 0.42754817 -0.71992034 -0.54673330
vn -0.02680262 -0.63436186 0.77257144
vn -0.76996166 0.48883116 -0.41012588
vn 0.22661230 -0.94955080 -0.21679543
vn 0.18461995 -0.28510640 -0.94054760
vn 0.18461995 -0.28510640 -0.94054760
vn 0.30701986 -0.56710020 -0.76428800
vn 0.30701986 -0.56710020 -0.76428800
vn 0.33719653 -0.81956136 -0.46326855
vn 0.39925826 -0.63181510 -0.66438140
vn 0.39925826 -0.63181510 -0.66438140
vn 0.31110463 -0.92443460 -0.22053276
vn 0.14238570 -0.98023730 0.13733606
vn 0.14238570 -0.98023730 0.13733606
vn 0.04719740 0.45376575 -0.88987020
vn 0.04719740 0.45376575 -0.88987020
vn -0.02609080 -0.07348016 -0.99695540
vn 0.31390974 -0.94748956 -0.06102703
vn -0.33327425 0.30903360 0.89074490
vn 0.35051215 -0.86606926 -0.35646218
vn 0.18964031 0.02549399 -0.98152260
vn 0.29955673 -0.56834054 -0.76632560
vn 0.27073154 -0.94900280 -0.16154939
vn -0.03554666 0.27288017 -0.96139115
vn -0.03554666 0.27288017 -0.96139115
vn 0.06264266 0.62805430 -0.77564406
vn 0.06264266 0.62805430 -0.77564406
vn 0.30197760 -0.76323456 -0.57121146
vn 0.08923662 0.61139196 -0.78628030
vn 0.33675690 -0.64327943 -0.68759465
vn 0.36900955 -0.66603273 -0.64825340
vn -0.01898151 0.72573920 -0.68770800
vn -0.01288516 0.07490099 -0.99710774
vn -0.01366905 -0.11490145 -0.99328285
vn -0.26645175 0.47280708 -0.83991486
vn 0.06488502 -0.05186496 -0.99654406
vn -0.30131045 0.84649600 -0.43892664
vn 0.04900468 -0.03792138 -0.99807840
vn -0.21189521 0.09273381 -0.97288280
vn -0.24814485 0.46039334 -0.85232750
vn -0.03556796 -0.74114330 0.67040400
vn -0.06568734 0.28224158 -0.95709187
vn 0.23434400 0.24479236 -0.94082920
vn -0.14554605 0.81792970 -0.55660355
vn -0.22210339 -0.00258597 -0.97501975
vn 0.02319440 -0.86994606 0.49260120
vn 0.02319440 -0.86994606 0.49260120
vn 0.28012043 0.00109328 -0.95996433
vn 0.28012043 0.00109328 -0.95996433
vn -0.66729003 0.62675035 -0.40237805
vn -0.73805195 0.58070670 -0.34359740
vn -0.14805809 -0.10822602 -0.98303920
vn -0.65123963 0.58011836 -0.48923376
vn -0.16144514 0.85823286 -0.48720837
vn -0.66743785 0.56443524 -0.48573613
vn -0.60867910 0.65857970 -0.44247330
vn -0.02622815 0.71324470 -0.70042425
vn -0.02622815 0.71324470 -0.70042425
vn 0.16575790 0.23952672 -0.95663550
vn -0.61241984 0.63834820 -0.46631914
vn 0.21195410 0.30454037 -0.92861760
vn -0.44724745 0.69267446 -0.56583730
vn -0.25155160 -0.00729531 -0.96781650
vn -0.39721057 0.10654674 -0.91152160
vn -0.39721057 0.10654674 -0.91152160
vn -0.44651908 0.12957077 -0.88534290
vn -0.44651908 0.12957077 -0.88534290
vn -0.44651908 0.12957077 -0.88534290
vn -0.54548180 0.22331916 -0.80782320
vn 0.15667605 0.36457120 -0.91790010
vn 0.15667605 0.36457120 -0.91790010
vn 0.23858530 -0.26273915 -0.93490386
vn 0.25180146 -0.18147033 -0.95061280
vn -0.69029075 0.45950180 -0.55888890
vn 0.31309667 0.13329051 -0.94032130
vn 0.55230600 -0.82365820 0.12862831
vn 0.73641324 -0.67067200 -0.08885185
vn -0.72975510 -0.05058650 -0.68183464
vn -0.44901088 -0.31586462 -0.83583426
vn -0.17342998 0.56960530 -0.80341270
vn 0.23632517 -0.07194258 -0.96900710
vn 0.43028423 -0.40524283 -0.80661875
vn 0.20516519 0.36079413 -0.90979934
vn 0.67203890 -0.35546980 -0.64961904
vn 0.00683550 -0.06054136 -0.99814236
vn 0.00235485 -0.07686717 -0.99703854
vn 0.65421534 -0.36947900 -0.65991485
vn 0.96880320 -0.01231663 -0.24752520
vn 0.08332076 -0.79611730 0.59937876
vn 0.86243880 -0.15416887 -0.48211122
vn 0.86243880 -0.15416887 -0.48211122
vn 0.15052755 0.34282336 -0.92726130
vn 0.15052755 0.34282336 -0.92726130
vn 0.30976772 -0.18557759 -0.93252610
vn 0.30976772 -0.18557759 -0.93252610
vn 0.27974860 -0.43888930 -0.85388340
vn 0.21192366 0.30796137 -0.92749566
vn 0.21192366 0.30796137 -0.92749566
vn 0.22794501 -0.32681167 -0.91718876
vn 0.26442716 -0.48582268 -0.83309940
vn 0.23445062 -0.46356580 -0.85448210
vn 0.38427448 -0.68912834 -0.61435765
vn 0.38427448 -0.68912834 -0.61435765
vn 0.38427448 -0.68912834 -0.61435765
vn 0.31200323 -0.30613570 -0.89940810
vn 0.36930463 -0.29493080 -0.88126610
vn 0.23110455 -0.31749606 -0.91966680
vn 0.29353315 -0.38870862 -0.87335205
vn 0.32773430 -0.03207988 -0.94422513
vn 0.15869623 0.21090630 -0.96453830
vn 0.17379050 0.25788802 -0.95041600
vn 0.27520776 0.16435592 -0.94723165
vn 0.30273590 -0.23168443 -0.92448545
vn 0.53080080 -0.24256836 -0.81204134
vn -0.07908145 0.29617032 -0.95185570
vn 0.58898670 -0.35473448 -0.72612540
vn -0.71597120 0.50685160 -0.48009044
vn -0.69733375 0.52285194 -0.49025673
vn 0.31106636 0.12597293 -0.94200250
vn 0.29319590 -0.01564620 -0.95592440
vn -0.59447056 0.63513696 -0.49315900
vn -0.10264640 0.88924724 -0.44576135
vn 0.27389556 -0.13938093 -0.95160610
vn -0.11577287 0.93432500 -0.33709574
vn -0.11577287 0.93432500 -0.33709574
vn 0.32105276 -0.18878666 -0.92805430
vn 0.32105276 -0.18878666 -0.92805430
vn -0.38143766 0.47632158 -0.79222670
vn 0.14703849 0.26274884 -0.95359460
vn 0.24137463 0.25112580 -0.93737620
vn 0.07144787 0.27031553 -0.96011704
vn 0.17843483 0.44363865 -0.87826300
vn -0.14234845 0.88828230 -0.43668237
vn -0.00638455 0.62573576 0.78000890
vn 0.20378117 -0.15603627 -0.96650190
vn 0.69351300 -0.43537015 -0.57401454
vn -0.67374754 0.52983797 -0.51510780
vn -0.13179670 0.87647986 -0.46304712
vn 0.00368818 0.64142180 -0.76717960
vn -0.14862573 0.87049925 -0.46919248
vn 0.32873154 -0.10421021 -0.93865640
vn 0.32873154 -0.10421021 -0.93865640
vn 0.32873154 -0.10421021 -0.93865640
vn 0.23068598 -0.30131784 -0.92519814
vn 0.23068598 -0.30131784 -0.92519814
vn 0.23777063 -0.60186356 -0.76238150
vn 0.29407725 -0.25620908 -0.92080160
vn 0.29407725 -0.25620908 -0.92080160
vn 0.31441367 -0.22931199 -0.92117320
vn 0.13924442 0.31438187 -0.93902874
vn 0.08321089 -0.13548316 -0.98727924
vn 0.08321089 -0.13548316 -0.98727924
vn 0.22282894 -0.07664909 -0.97183960
vn 0.41623247 -0.85050600 0.32154328
vn 0.14014669 0.84173170 -0.52138907
vn 0.31207085 -0.39287177 -0.86502236
vn 0.33889285 0.42384973 0.83994234
vn 0.22832346 0.00465236 -0.97357420
vn 0.28216103 -0.31113900 -0.90751190
vn 0.28216103 -0.31113900 -0.90751190
vn 0.22387406 0.65742720 -0.71949290
vn 0.08657885 -0.89825140 -0.43086946
vn 0.11212298 0.39764297 -0.91066384
vn 0.09791277 -0.71214370 0.69517230
vn -0.04785823 -0.75180940 0.65764140
vn -0.04785823 -0.75180940 0.65764140
vn -0.04785823 -0.75180940 0.65764140
vn -0.52998460 0.61200386 -0.58699890
vn -0.07876567 -0.57420930 0.81491077
vn -0.08659102 0.95837045 -0.27208130
vn -0.03055858 0.61164844 0.79053940
vn 0.02264946 0.41434705 0.90983710
vn 0.26134738 0.49949583 -0.82595485
vn 0.24071734 -0.26982927 -0.93233436
vn 0.24071734 -0.26982927 -0.93233436
vn -0.00150174 0.47045760 0.88242140
vn 0.21866912 0.78913190 -0.57398146
vn 0.17403930 0.18942426 -0.96634820
vn 0.35225920 -0.36360896 -0.86238164
vn 0.27278382 0.16332678 -0.94811040
vn 0.32186958 0.07350019 -0.94392675
vn 0.23786840 0.27809277 -0.93063590
vn 0.97237570 -0.03932562 -0.23008509
vn 0.12729707 0.99131960 0.03287864
vn 0.21263908 0.97594460 0.04813480
vn 0.42301930 0.06867678 -0.90351440
vn 0.17892466 0.30486718 -0.93543684
vn 0.43414600 0.03629626 -0.90011100
vn 0.43414600 0.03629626 -0.90011100
vn 0.33720133 -0.20970999 -0.91777830
vn 0.33720133 -0.20970999 -0.91777830
vn 0.43393776 -0.07312303 -0.89797050
vn 0.55457234 0.02195486 -0.83184590
vn 0.36276403 -0.33977926 -0.86772830
vn 0.74522800 -0.57764380 -0.33311105
vn 0.59812620 -0.41010610 -0.68851876
vn 0.21739683 0.12473888 -0.96808000
vn -0.14932004 0.89704670 -0.41594574
vn -0.14932004 0.89704670 -0.41594574
vn -0.14932004 0.89704670 -0.41594574
vn 0.61355220 0.07958251 -0.78563370
vn 0.72599220 0.32284912 -0.60720990
vn 0.97521840 0.14681959 0.16550884
vn 0.69113160 0.37107050 -0.62019660
vn 0.72988355 -0.00285333 -0.68356556
vn 0.71605330 0.20634530 -0.66685027
vn 0.11847448 -0.99046540 -0.07030059
vn 0.25658295 -0.16209938 -0.95283216
vn 0.47600242 0.79628915 -0.37328988
vn 0.50899106 0.17678720 -0.84242177
vn 0.26490453 -0.07441816 -0.96139880
vn 0.43946270 0.10682564 -0.89188620
vn 0.32225206 0.25741467 -0.91098370
vn 0.25571138 0.05785449 -0.96502054
vn 0.48270590 0.12949604 -0.86615580
vn 0.25119210 0.96343920 -0.09320596
vn 0.23293516 0.96938130 0.07772488
vn 0.64598125 0.47409046 -0.59828633
vn 0.29069638 -0.00684363 -0.95679090
vn 0.26940846 0.05164052 -0.96164040
vn 0.19360973 0.10321949 -0.97563360
vn 0.44308290 -0.43536162 -0.78366950
vn 0.29097244 -0.61809850 -0.73026660
vn 0.63247720 -0.29881924 -0.71461856
vn 0.59702873 -0.33899626 -0.72707520
vn 0.30452228 -0.73305200 -0.60819490
vn 0.30452228 -0.73305200 -0.60819490
vn -0.03429847 0.91428790 -0.40361030
vn -0.03429847 0.91428790 -0.40361030
vn 0.60904580 -0.27193170 -0.74506140
vn 0.22771992 0.97193754 0.05900036
vn 0.19386318 -0.26061302 -0.94577910
vn 0.37450653 0.81099520 0.44947925
vn 0.25055867 -0.27719966 -0.92756706
vn 0.25055867 -0.27719966 -0.92756706
vn -0.17644840 -0.14658089 0.97333455
vn 0.02465654 0.90104490 -0.43302460
vn 0.66239510 -0.36965940 -0.65160155
vn 0.35483882 -0.91451204 -0.19431230
vn 0.35483882 -0.91451204 -0.19431230
vn 0.15772230 -0.95529836 -0.25005746
vn 0.16742739 -0.96912870 -0.18099065
vn 0.18869670 0.63951224 -0.74526360
vn 0.60355073 -0.76569360 -0.22235075
vn 0.33839503 -0.88745314 -0.31291510
vn 0.32924992 -0.91583884 0.22985600
vn 0.32924992 -0.91583884 0.22985600
vn -0.06160438 -0.92566700 0.37329018
vn -0.35608480 0.80019900 -0.48258194
vn 0.70032250 -0.13092480 -0.70171730
vn 0.06273384 0.94370950 -0.32477210
vn 0.65533190 -0.19807313 -0.72890820
vn 0.24031885 -0.35421467 -0.90375817
vn 0.67097515 -0.00556747 -0.74145895
vn 0.60411143 -0.50710005 -0.61473495
vn 0.30661917 -0.32397150 -0.89500123
vn 0.66897550 0.12316773 -0.73300856
vn 0.17048760 -0.93562780 -0.30908674
vn 0.15815447 0.36780465 0.91635525
vn -0.03289540 -0.42013264 0.90686630
vn -0.03219049 -0.62534505 0.77968420
vn 0.64927214 -0.34406630 -0.67828023
vn 0.73217160 -0.06513381 -0.67799890
vn 0.66712457 -0.25881243 -0.69854210
vn 0.67804235 -0.15813530 -0.71781045
vn 0.60279900 -0.39185680 -0.69504076
vn 0.32627730 -0.00346130 -0.94526780
vn 0.32627730 -0.00346130 -0.94526780
vn -0.00326369 -0.22451632 0.97446495
vn 0.55526954 0.48614890 -0.67478520
vn -0.13153550 0.22301348 0.96590036
vn -0.13153550 0.22301348 0.96590036
vn -0.00280143 0.93197566 -0.36250990
vn 0.99812895 0.06017972 -0.01081699
vn 0.99812895 0.06017972 -0.01081699
vn 0.09379148 0.26259470 -0.96033704
vn 0.09379148 0.26259470 -0.96033704
vn 0.10723713 -0.98968655 0.09497737
vn 0.20767362 -0.76904196 -0.60452145
vn 0.71140820 -0.36770380 -0.59890926
vn 0.67029040 -0.12712385 -0.73112950
vn -0.27631295 -0.14891943 0.94945990
vn 0.17070557 0.18003808 -0.96873420
vn 0.17070557 0.18003808 -0.96873420
vn 0.80105690 -0.34596622 -0.48848265
vn -0.25148308 -0.04110627 0.96698840
vn -0.27116940 0.05120799 0.96116860
vn 0.09478146 0.29278520 -0.95146900
vn -0.05663189 -0.45926088 0.88649440
vn 0.86524190 0.15424395 -0.47703803
vn -0.13019945 -0.11209881 0.98513040
vn -0.24449680 0.14644964 0.95852690
vn -0.19569630 0.04413241 0.97967106
vn 0.26903930 -0.02461715 -0.96281460
vn 0.26903930 -0.02461715 -0.96281460
vn 0.49404928 -0.47846434 -0.72593886
vn -0.25462002 0.43553114 0.86341250
vn -0.24023576 0.34969550 0.90553844
vn -0.27538230 0.06043402 0.95943340
vn -0.27538230 0.06043402 0.95943340
vn -0.06436013 -0.65081850 0.75650054
vn -0.09959767 -0.35047826 0.93126005
vn 0.71267265 0.27739203 -0.64432250
vn -0.14170215 -0.59709170 0.78955810
vn 0.27571917 -0.03520546 -0.96059334
vn -0.26557640 0.20224883 0.94263700
vn -0.24151073 0.12833460 0.96187470
vn -0.24151073 0.12833460 0.96187470
vn -0.24637549 0.28894216 0.92510086
vn 0.15802388 0.80352400 -0.57391435
vn 0.10592645 -0.81512100 -0.56952380
vn 0.17885254 -0.73488766 -0.65418040
vn -0.23249301 -0.06107998 0.97067827
vn 0.01036377 0.63057680 -0.77605780
vn 0.37827140 0.87737720 0.29516107
vn -0.10737384 -0.02421922 0.99392380
vn 0.68581676 0.55307007 0.47304225
vn 0.29300785 0.28932545 0.91128325
vn 0.48200172 0.25183600 -0.83919790
vn 0.83361520 0.44114754 0.33237725
vn 0.41887800 0.90727246 -0.03738790
vn 0.73195120 -0.08950011 -0.67545340
vn 0.20828484 -0.03911546 -0.97728580
vn 0.20828484 -0.03911546 -0.97728580
vn 0.04168946 0.04310421 -0.99820050
vn 0.70217200 -0.21480292 -0.67883307
vn -0.07249706 0.18990648 -0.97912200
vn 0.22946210 0.95053774 -0.20934467
vn 0.71778050 -0.16952968 -0.67531540
vn 0.76392704 -0.29456484 -0.57414900
vn 0.76392704 -0.29456484 -0.57414900
vn 0.74738950 -0.33747393 -0.57229400
vn 0.74738950 -0.33747393 -0.57229400
vn 0.74738950 -0.33747393 -0.57229400
vn -0.17214717 -0.53814430 0.82508560
vn -0.17214717 -0.53814430 0.82508560
vn -0.25078446 0.31914055 0.91392374
vn -0.22729261 0.46562007 0.85529880
vn -0.28453308 0.38259300 0.87901280
vn -0.20400085 -0.23269963 0.95091254
vn -0.13457525 -0.50776285 0.85092100
vn 0.01530974 0.91349340 -0.40656543
vn 0.01530974 0.91349340 -0.40656543
vn -0.14864631 -0.63171040 0.76081955
vn -0.14864631 -0.63171040 0.76081955
vn 0.67362620 -0.17740908 -0.71746350
vn 0.69853720 -0.29272010 -0.65296316
vn -0.27839768 0.16312435 0.94651210
vn -0.06154728 0.95530250 -0.28915253
vn -0.15342559 0.15986590 0.97514284
vn 0.56456447 0.66858580 -0.48400420
vn -0.09183053 -0.56198080 0.82203704
vn 0.38195490 -0.02620145 -0.92380940
vn 0.18158396 0.80188680 -0.56921420
vn -0.23083529 0.12268805 0.96522680
vn -0.19036677 0.15626134 0.96919703
vn 0.22134013 -0.26476240 -0.93856770
vn -0.20020896 -0.38393040 0.90139544
vn 0.23850355 0.48528615 -0.84119760
vn -0.01410816 0.74418396 -0.66782576
vn -0.01410816 0.74418396 -0.66782576
vn 0.56287396 0.27134940 -0.78073200
vn -0.18907477 0.09408791 0.97744477
vn -0.17843638 0.13979260 0.97397053
vn 0.14664055 0.98868360 -0.03164430
vn -0.21318461 -0.07520537 0.97411320
vn 0.36576150 -0.07939009 -0.92731650
vn 0.49979842 0.37817875 -0.77921915
vn 0.38426140 0.87782925 0.28593540
vn -0.14969729 0.24570511 0.95771590
vn -0.17666335 0.16562039 0.97023714
vn -0.22794607 -0.00165279 0.97367240
vn 0.53286934 0.51300970 -0.67295720
vn -0.19986656 0.20972443 0.95711500
vn -0.19797716 0.31542080 0.92807050
vn 0.68806570 0.42782038 -0.58611890
vn -0.23151763 0.21504462 0.94876520
vn -0.16489767 0.23794131 0.95717955
vn -0.17448900 -0.13331464 0.97559255
vn -0.19601172 0.11527392 0.97380257
vn -0.02002997 -0.16920228 0.98537785
vn 0.12617593 0.89130370 -0.43549675
vn -0.13007437 -0.07426297 0.98871930
vn -0.19443002 0.24424630 0.95002145
vn -0.24736807 0.83243024 0.49585180
vn 0.34342843 -0.23101114 -0.91032460
vn -0.21337100 0.44150412 0.87151990
vn -0.21791117 -0.16993730 0.96105990
vn -0.28808916 0.82875717 0.47975639
vn -0.28808916 0.82875717 0.47975639
vn 0.54753680 -0.77272505 -0.32109094
vn -0.19210085 0.17909461 0.96489507
vn 0.44438323 0.89567580 -0.01698650
vn -0.19190332 0.28223556 0.93995550
vn -0.19190332 0.28223556 0.93995550
vn 0.32221510 0.94660896 0.01043998
vn 0.33592516 0.93251210 -0.13257241
vn -0.01081174 0.56024900 0.82825380
vn 0.07384158 0.40810820 0.90994240
vn -0.03945474 0.96883553 -0.24454258
vn 0.53459530 0.83277047 0.14387959
vn 0.12841326 0.51651746 0.84659300
vn -0.13896948 0.97349750 0.18163200
vn 0.25456905 0.30447716 0.91787165
vn 0.14321330 0.33508550 0.93123990
vn -0.07101794 0.08609696 0.99375240
vn -0.08646532 0.05764764 0.99458563
vn 0.09160461 0.62801963 0.77278720
vn 0.09160461 0.62801963 0.77278720
vn -0.20076185 0.26900290 0.94198316
vn 0.55539240 0.24391954 -0.79501104
vn 0.47670278 0.67785810 0.55969894
vn 0.46631807 0.69090843 0.55244270
vn -0.10959826 -0.27524388 0.95510685
vn -0.13730757 -0.00617571 0.99050920
vn 0.00085632 0.92073030 -0.39019880
vn 0.00085632 0.92073030 -0.39019880
vn 0.00085632 0.92073030 -0.39019880
vn -0.14123304 -0.25566047 0.95639480
vn -0.06527842 -0.58477380 0.80856570
vn -0.10390349 0.13955675 0.98474770
vn -0.19737571 0.37909140 0.90406450
vn -0.03872254 0.62739320 0.77773930
vn -0.24917905 0.22250985 0.94254930
vn -0.13734816 -0.74434173 0.65352190
vn -0.13734816 -0.74434173 0.65352190
vn -0.19327135 0.91075710 -0.36492154
vn -0.19327135 0.91075710 -0.36492154
vn -0.03663811 0.37137574 0.92775960
vn 0.31346473 0.93636656 0.15797995
vn 0.12637705 0.76822174 0.62758595
vn -0.17766641 0.40637950 0.89626460
vn -0.17766641 0.40637950 0.89626460
vn -0.08286028 0.48239735 0.87202470
vn -0.22746359 0.09805866 0.96883684
vn -0.22746359 0.09805866 0.96883684
vn -0.21540923 0.17471800 0.96076660
vn -0.21540923 0.17471800 0.96076660
vn -0.17289694 0.10255105 0.97958666
vn -0.18366903 0.16393751 0.96922150
vn -0.13914850 0.18365261 0.97309273
vn 0.18286620 0.26090658 -0.94788600
vn -0.11425000 0.24868499 0.96182257
vn -0.21479729 0.41562125 0.88381060
vn -0.21479729 0.41562125 0.88381060
vn -0.19285044 0.49858450 0.84511673
vn -0.19285044 0.49858450 0.84511673
vn -0.14723880 0.60994510 0.77864480
vn 0.01718323 0.93075347 0.36524343
vn -0.17505091 0.15526806 0.97223914
vn -0.24331388 0.33371657 0.91073140
vn -0.06026539 0.94661224 -0.31669146
vn -0.23126091 0.56199200 0.79415570
vn 0.19679914 0.44986550 -0.87114364
vn 0.19679914 0.44986550 -0.87114364
vn -0.31931168 0.25737044 0.91203105
vn 0.23144610 -0.87740517 -0.42022955
vn 0.36732203 0.90193720 -0.22712083
vn 0.55929130 0.72887490 -0.39488557
vn -0.17242287 0.21321462 0.96167040
vn -0.20442921 0.72857606 0.65374744
vn -0.23944634 0.62116760 0.74620130
vn -0.26018178 0.51091725 0.81931010
vn -0.21436036 0.58168966 0.78465710
vn 0.35895708 0.92398660 -0.13190374
vn -0.16442864 0.19486009 0.96695024
vn 0.07246197 0.34407637 -0.93614143
vn -0.15081450 -0.14652647 0.97764260
vn 0.19698967 -0.01727306 -0.98025340
vn -0.24255227 0.64856076 0.72148280
vn -0.24255227 0.64856076 0.72148280
vn -0.24255227 0.64856076 0.72148280
vn 0.05193768 0.78361520 -0.61907170
vn 0.05193768 0.78361520 -0.61907170
vn -0.31526750 0.81126300 0.49240103
vn -0.30425763 0.07296658 0.94979113
vn -0.30425763 0.07296658 0.94979113
vn 0.19334440 0.14228311 -0.97075930
vn -0.09717362 0.83034740 -0.54870810
vn 0.32108590 0.94170800 0.10044885
vn 0.25335140 -0.14134377 -0.95699270
vn -0.29981703 0.28905344 0.90915230
vn 0.37257898 0.92770660 -0.02335369
vn 0.22869444 0.93648416 0.26588765
vn 0.22869444 0.93648416 0.26588765
vn 0.06867892 0.69478030 0.71593547
vn -0.18015541 0.58225630 0.79279363
vn -0.18015541 0.58225630 0.79279363
vn 0.28037772 -0.33955930 -0.89782390
vn 0.28037772 -0.33955930 -0.89782390
vn -0.20680471 0.29361233 0.93328655
vn 0.22887759 0.30442733 -0.92462915
vn 0.13179524 0.35192555 -0.92670300
vn 0.13179524 0.35192555 -0.92670300
vn 0.05426812 0.50927110 0.85889350
vn 0.17602137 0.38117597 -0.90759100
vn 0.23153946 0.25653586 -0.93839170
vn 0.35488817 0.93487597 0.00783066
vn 0.17657538 0.98394066 0.02611229
vn 0.18499860 -0.94077360 -0.28411376
vn -0.03446924 0.85073520 -0.52446310
vn 0.23409162 -0.58519080 -0.77637166
vn 0.02263926 0.55681710 0.83032660
vn 0.12947416 0.29443750 -0.94685954
vn 0.27876014 0.34058425 -0.89793940
vn 0.28212374 0.27264880 -0.91982010
vn 0.28212374 0.27264880 -0.91982010
vn -0.02129807 -0.02647414 0.99942255
vn -0.19584934 0.21557750 0.95664483
vn 0.78266335 0.37249000 0.49868745
vn 0.66012716 0.44864655 0.60245204
vn 0.55127895 0.82935864 -0.09086210
vn -0.25274286 0.27295753 0.92823230
vn 0.64154170 0.67593336 -0.36268222
vn 0.14175601 0.15221384 -0.97812897
vn 0.38839418 -0.36027473 -0.84814630
vn 0.83238024 -0.20366538 -0.51542574
vn 0.22375542 -0.89354340 -0.38924766
vn -0.22095211 0.87519544 0.43036390
vn 0.15941428 -0.90209687 -0.40100917
vn -0.22728120 0.20403895 0.95221400
vn -0.20077449 0.13902132 0.96972305
vn -0.15718645 0.16470449 0.97373760
vn 0.22680372 0.40090784 0.88759950
vn 0.26232994 0.41326383 0.87200695
vn -0.19618295 0.49914607 0.84401740
vn 0.45362508 0.75582450 0.47217968
vn 0.31214896 0.92788255 0.20395356
vn -0.16661277 0.48874736 0.85636806
vn 0.32323620 0.91816100 0.22912630
vn 0.24489532 0.94683260 -0.20864882
vn -0.21800508 0.73327696 0.64403320
vn 0.10749082 0.72738165 -0.67776227
vn -0.20318456 0.71779220 0.66595080
vn 0.30142680 0.88575230 0.35296586
vn 0.13954215 0.31432652 -0.93900317
vn 0.06879803 0.87354970 0.48184830
vn 0.12279633 0.76655245 -0.63033193
vn 0.14287357 0.51912105 -0.84267470
vn 0.17689513 0.57586306 -0.79817910
vn -0.10672943 0.43245354 0.89531714
vn 0.24487178 0.59462446 -0.76580650
vn -0.03727354 0.90654534 -0.42045957
vn -0.09398504 0.99266570 -0.07603710
vn 0.08963985 0.80275200 -0.58953710
vn -0.06836102 0.98845710 0.13520107
vn 0.19293427 0.74479040 -0.63879865
vn 0.21886043 -0.36880013 -0.90337515
vn -0.04776981 0.83891135 -0.54216766
vn 0.25970897 -0.39031282 -0.88329340
vn 0.25642043 -0.08370022 -0.96293450
vn 0.30137290 -0.11738867 -0.94625276
vn 0.90703607 -0.38772390 -0.16418214
vn 0.99700075 -0.07029726 -0.03237050
vn 0.04538598 0.81856870 -0.57261290
vn 0.04538598 0.81856870 -0.57261290
vn 0.54255390 -0.44601637 -0.71183190
vn 0.09495814 0.82757080 -0.55327170
vn 0.08021802 0.88573780 -0.45720214
vn -0.19666860 0.97987970 0.03402088
vn 0.03836659 0.88426160 -0.46541333
vn 0.27963868 -0.10911132 -0.95388526
vn -0.21021408 0.01226328 0.97757846
vn 0.03673784 0.90587854 -0.42194134
vn 0.01964865 0.85662377 -0.51556740
vn 0.01964865 0.85662377 -0.51556740
vn 0.01964865 0.85662377 -0.51556740
vn -0.40434456 0.81417036 0.41669193
vn 0.29345572 0.87120950 -0.39354520
vn 0.29345572 0.87120950 -0.39354520
vn -0.13357098 0.96223700 -0.23718928
vn -0.14414450 0.90661186 -0.39658198
vn -0.14414450 0.90661186 -0.39658198
vn -0.11817481 -0.00209474 0.99299060
vn -0.08190910 0.96273840 -0.25773210
vn 0.00394364 0.89456480 0.44692093
vn -0.23819001 0.74701977 0.62066656
vn 0.19846727 -0.62048590 -0.75868830
vn 0.30430960 0.95084566 0.05734317
vn 0.07836846 0.99219610 -0.09698129
vn 0.05460188 0.96121365 0.27034600
vn -0.19357137 0.74671380 0.63635580
vn -0.19357137 0.74671380 0.63635580
vn -0.25838903 0.51384056 0.81804830
vn -0.13346104 0.70108706 0.70047490
vn -0.26153180 0.76186323 0.59259224
vn -0.25217664 0.62424684 0.73940710
vn -0.21068987 0.79343694 0.57102334
vn -0.24757560 0.57692844 0.77837000
vn -0.24757560 0.57692844 0.77837000
vn -0.17271225 0.87161120 0.45876410
vn -0.04114145 0.97197515 -0.23145585
vn -0.19906075 0.35297350 0.91421260
vn -0.17955796 0.65189385 0.73674520
vn -0.00496705 0.93595260 -0.35209113
vn 0.14695420 0.45824504 0.87659340
vn 0.08627132 0.40221885 0.91146990
vn -0.16990012 0.97341067 -0.15364155
vn 0.14030638 0.84937304 -0.50880220
vn -0.03759538 0.88585335 -0.46243984
vn -0.19195926 0.54570280 0.81569606
vn -0.14983517 0.85652970 -0.49386870
vn -0.12888883 0.94115250 -0.31244150
vn 0.01760434 0.92424315 -0.38139850
vn 0.32944798 0.92421420 -0.19311176
vn 0.12475356 0.38537312 -0.91428894
vn -0.08126742 0.96227545 -0.25965682
vn -0.08379305 0.90184903 -0.42384803
vn -0.30359042 0.43990856 0.84517060
vn 0.45560682 0.85034394 0.26332015
vn -0.10949859 0.91608070 -0.38575408
vn 0.18843156 0.92225060 -0.33756092
vn 0.07573225 0.93245554 -0.35325813
vn -0.06310229 -0.27906817 0.95819575
vn -0.01630040 0.99941580 -0.03003849
vn 0.18510136 0.87722266 0.44296476
vn 0.20108211 0.65143156 0.73157567
vn 0.20108211 0.65143156 0.73157567
vn 0.15829985 0.93531466 0.31642967
vn 0.15829985 0.93531466 0.31642967
vn -0.03572645 0.58671100 0.80900800
vn 0.07722954 0.87096864 -0.48523110
vn 0.03852134 0.98868050 -0.14500660
vn -0.14331959 0.95580610 0.25669890
vn -0.20479104 0.25922635 0.94385505
vn -0.17797074 0.98338705 0.03572660
vn 0.06590247 0.95934707 -0.27442694
vn -0.04330885 0.95932555 0.27896050
vn -0.09357109 0.99431790 0.05075768
vn -0.14726828 0.27857450 0.94905650
vn -0.29981887 0.71484274 0.63175035
vn -0.26048595 0.63234660 0.72957855
vn 0.25893724 0.96475977 0.04679925
vn -0.02395339 0.90117097 -0.43280150
vn 0.01180330 0.90421510 -0.42691422
vn -0.11560395 0.98129180 -0.15395533
vn -0.15779191 0.73628527 0.65801650
vn 0.27247210 -0.20735136 -0.93955547
vn -0.20646441 0.95776904 0.20012750
vn -0.20576057 0.09956427 0.97352433
vn -0.07172780 0.88570297 -0.45867786
vn -0.24354555 0.82701486 0.50668730
vn -0.28433877 0.85551584 0.43271703
vn 0.34585400 0.93811340 0.01812119
vn 0.26657670 -0.07847398 -0.96061370
vn 0.26657670 -0.07847398 -0.96061370
vn 0.05450263 0.97399884 0.21989945
vn -0.19069378 0.97279805 0.13152915
vn -0.30570190 -0.12208197 0.94426817
vn -0.30570190 -0.12208197 0.94426817
vn -0.19788837 0.62493940 0.75517610
vn -0.29433662 0.71338660 0.63596034
vn -0.19496973 0.92398155 0.32900614
vn 0.05367361 0.90725034 0.41715220
vn 0.27733865 0.19926104 -0.93988216
vn 0.13437827 0.38062662 0.91491300
vn -0.18556730 0.50832134 0.84093654
vn -0.16147113 0.79625050 0.58301990
vn -0.10544939 0.94148600 0.32013223
vn 0.03320242 0.95526670 -0.29387605
vn -0.22085436 0.68991333 0.68937870
vn 0.02977740 0.98876190 -0.14650350
vn -0.10711196 0.20929879 0.97196760
vn -0.10711196 0.20929879 0.97196760
vn -0.10711196 0.20929879 0.97196760
vn -0.17741852 0.30439335 0.93587790
vn -0.17741852 0.30439335 0.93587790
vn 0.08423766 0.67563370 -0.73240910
vn 0.17554674 0.98054683 0.08781400
vn -0.30424210 0.72948230 0.61261110
vn 0.36161456 0.29555184 -0.88424210
vn 0.36161456 0.29555184 -0.88424210
vn 0.30932185 0.60956440 -0.72989815
vn 0.30932185 0.60956440 -0.72989815
vn 0.27736276 0.26294610 -0.92408290
vn 0.43586025 0.80431760 0.40385530
vn 0.10977950 0.96752110 -0.22770907
vn -0.21669029 0.97531460 -0.04250589
vn -0.08310964 0.87924910 -0.46905646
vn 0.77953750 0.60410250 -0.16547355
vn -0.04397109 0.99669373 0.06832470
vn -0.26329902 0.94838804 0.17673099
vn -0.12982203 0.85838720 0.49630412
vn -0.05269677 0.99695810 0.05742623
vn -0.05269677 0.99695810 0.05742623
vn 0.13991950 0.87505080 -0.46336672
vn -0.21388981 0.68910766 0.69237410
vn 0.09277640 0.99554396 -0.01687595
vn 0.14841321 0.88530170 -0.44069767
vn 0.17360030 0.85155130 -0.49469522
vn -0.19891371 0.17997672 0.96334930
vn 0.11688447 0.89213485 -0.43638682
vn 0.38870427 0.84372390 -0.37018782
vn 0.53397880 -0.45044863 -0.71551570
vn -0.04287873 0.93092000 -0.36269736
vn -0.19174771 0.66550740 0.72134100
vn -0.01212674 0.95541865 -0.29500553
vn -0.04613595 0.90817300 -0.41604490
vn 0.14779083 0.86457825 -0.48027330
vn 0.20547579 0.92147280 -0.32964778
vn -0.14234321 0.98863560 -0.04835395
vn 0.22556736 -0.43054157 0.87392986
vn 0.96012670 0.11846990 0.25322238
vn -0.08543946 -0.19337710 0.97739726
vn 0.23859747 0.97067500 0.02934742
vn 0.25597605 0.88646656 0.38555600
vn 0.66246694 -0.64634390 -0.37865183
vn 0.14373921 0.88670194 -0.43943010
vn -0.23830752 0.95406960 0.18155098
vn -0.23830752 0.95406960 0.18155098
vn 0.12615816 0.56684715 -0.81410590
vn -0.05785486 0.94704700 -0.31583995
vn 0.11464115 0.76886670 -0.62904805
vn -0.00612950 0.70053160 -0.71359510
vn -0.01661043 0.99977850 0.01292544
vn 0.03838818 0.96382010 -0.26377480
vn 0.16297174 0.84688157 -0.50619364
vn 0.06836902 0.93074830 -0.35921213
vn 0.23599063 0.29354507 -0.92635834
vn 0.02396180 0.91337335 0.40641725
vn 0.02396180 0.91337335 0.40641725
vn 0.38817433 -0.10015900 -0.91612715
vn 0.25085258 0.96122440 0.11454555
vn 0.25085258 0.96122440 0.11454555
vn -0.03017204 0.98653000 -0.16077396
vn 0.00566307 0.85358480 -0.52092320
vn 0.63128290 0.18562820 -0.75301003
vn 0.20196200 0.76373100 -0.61312836
vn -0.10066486 0.95995086 -0.26145940
vn 0.16955818 0.50822770 -0.84436643
vn 0.16955818 0.50822770 -0.84436643
vn 0.20902641 0.29665968 -0.93182665
vn 0.15875620 0.60377480 -0.78118660
vn 0.15875620 0.60377480 -0.78118660
vn 0.26863155 0.78527440 0.55783620
vn 0.24537680 0.34721467 -0.90511450
vn 0.10918645 0.67056940 -0.73376770
vn 0.21682306 0.68959670 -0.69097340
vn 0.19885847 -0.16921972 -0.96530825
vn 0.49652836 0.47986020 -0.72332130
vn 0.16247632 -0.72774714 -0.66632240
vn 0.29430303 0.78193060 0.54951830
vn 0.29090740 -0.16330100 -0.94271195
vn 0.28592908 0.20627451 -0.93578600
vn 0.35589024 0.00817864 -0.93449205
vn 0.20171912 -0.06676440 -0.97716530
vn 0.10063662 0.60729620 -0.78807586
vn 0.10063662 0.60729620 -0.78807586
vn 0.38531545 0.74051833 -0.55060387
vn 0.33954558 0.11847031 -0.93309900
vn 0.69671780 0.02746207 -0.71681950
vt 0.04972160 0.20803669
vt 0.06325348 0.22121602
vt 0.94044095 0.03923499
vt 0.05295199 0.13009027
vt 0.05643740 0.22627473
vt 0.94772476 0.03820071
vt 0.12545319 0.24189138
vt 0.29663438 0.21381946
vt 0.08779266 0.56012910
vt 0.25516770 0.17584023
vt 0.59768670 0.00034962
vt 0.31501976 0.21633472
vt 0.32220992 0.24799328
vt 0.54019785 0.02746857
vt 0.30857310 0.24826868
vt 0.29684043 0.24008992
vt 0.31355166 0.22956400
vt 0.55407727 0.00591593
vt 0.30854535 0.23952840
vt 0.29503430 0.22704794
vt 0.28118598 0.22895756
vt 0.37125158 0.69533920
vt 0.36780170 0.72716993
vt 0.34740236 0.72758055
vt 0.37101904 0.74985930
vt 0.39196005 0.71647704
vt 0.38188556 0.71269710
vt 0.34720546 0.69688900
vt 0.34474394 0.66352415
vt 0.38528576 0.76304070
vt 0.39737200 0.74729645
vt 0.31991910 0.69265340
vt 0.10412570 0.05510393
vt 0.28019494 0.66164440
vt 0.06747866 0.06148934
vt 0.32157552 0.63997240
vt 0.32038552 0.66670280
vt 0.08496843 0.06294007
vt 0.30989330 0.65042484
vt 0.43242064 0.80867326
vt 0.42126715 0.81838506
vt 0.41716242 0.84387004
vt 0.71397120 0.66710806
vt 0.73752540 0.68504810
vt 0.51762366 0.04226495
vt 0.73361224 0.70712710
vt 0.75418720 0.65843040
vt 0.73713917 0.66131020
vt 0.69727117 0.66386235
vt 0.68246955 0.66339240
vt 0.69799110 0.64533010
vt 0.70191070 0.67023020
vt 0.68181795 0.62152890
vt 0.00453085 0.59381870
vt 0.68735003 0.60300225
vt 0.75251305 0.67429130
vt 0.76782360 0.65208465
vt 0.77642560 0.44577047
vt 0.73475707 0.63357070
vt 0.70356130 0.67993706
vt 0.68264586 0.69086130
vt 0.65676200 0.67291050
vt 0.74334410 0.72905780
vt 0.73132896 0.74823520
vt 0.72271610 0.72659940
vt 0.74725115 0.70532680
vt 0.71595350 0.69558620
vt 0.73225343 0.77383800
vt 0.36350483 0.87953913
vt 0.33089897 0.86878455
vt 0.48951912 0.20138995
vt 0.91959650 0.84667040
vt 0.28826020 0.89580350
vt 0.34408972 0.87931660
vt 0.32613286 0.90107300
vt 0.92477524 0.88059545
vt 0.11303234 0.70293830
vt 0.94773996 0.85242236
vt 0.29871112 0.85280794
vt 0.93737125 0.81995090
vt 0.28341857 0.85341580
vt 0.86183940 0.79499750
vt 0.85494150 0.77400297
vt 0.86988600 0.78252640
vt 0.48006812 0.09374926
vt 0.07048296 0.57591486
vt 0.37440860 0.86338410
vt 0.38397570 0.86358607
vt 0.89201430 0.84133560
vt 0.32181790 0.84712340
vt 0.91424760 0.89930470
vt 0.34465984 0.91002780
vt 0.92461980 0.75137550
vt 0.42241558 0.85027397
vt 0.39319846 0.84008515
vt 0.38788465 0.83367026
vt 0.18900505 0.50248176
vt 0.69451020 0.67670220
vt 0.69911620 0.72091806
vt 0.88451890 0.80502355
vt 0.71573746 0.62590660
vt 0.70571405 0.60808927
vt 0.79780570 0.69933310
vt 0.77324290 0.68206500
vt 0.77549440 0.70537347
vt 0.82050930 0.78451407
vt 0.84050256 0.78820926
vt 0.20492250 0.49983782
vt 0.92756730 0.08739329
vt 0.14348081 0.32158950
vt 0.69105790 0.75979050
vt 0.71325560 0.78366834
vt 0.74749154 0.75710833
vt 0.75479680 0.78594790
vt 0.85732790 0.88673820
vt 0.36644894 0.93523070
vt 0.88620280 0.90576637
vt 0.36459833 0.91159385
vt 0.46376655 0.96962840
vt 0.16513838 0.42940494
vt 0.50957245 0.10915349
vt 0.07603213 0.53797716
vt 0.16830150 0.44297567
vt 0.10936090 0.53548980
vt 0.66260860 0.24448653
vt 0.72367130 0.27265233
vt 0.09380651 0.53153044
vt 0.17730345 0.42131132
vt 0.03368695 0.32285792
vt 0.77415720 0.38614297
vt 0.79009986 0.38112193
vt 0.81709224 0.43889582
vt 0.83654153 0.43546890
vt 0.93340630 0.61690260
vt 0.88558900 0.00956204
vt 0.85434650 0.90917990
vt 0.85070485 0.42666400
vt 0.85228497 0.44143295
vt 0.86963280 0.44693717
vt 0.68652874 0.26403925
vt 0.67676955 0.25426096
vt 0.68182220 0.27325842
vt 0.13430254 0.56328994
vt 0.66909176 0.27228260
vt 0.20715103 0.51543844
vt 0.20052327 0.51664660
vt 0.17471254 0.50609260
vt 0.94753230 0.69599485
vt 0.73163850 0.44247240
vt 0.90931900 0.77692723
vt 0.91478765 0.72181875
vt 0.83243835 0.41225177
vt 0.84228050 0.40513152
vt 0.00492642 0.31521276
vt 0.36878720 0.47332420
vt 0.00605777 0.33654030
vt 0.36670935 0.48517670
vt 0.48097390 0.96415085
vt 0.87481920 0.15592457
vt 0.82177716 0.40273133
vt 0.80740577 0.39081860
vt 0.03114040 0.89394340
vt 0.81694580 0.37949046
vt 0.26647300 0.10489649
vt 0.81643945 0.41338763
vt 0.79157925 0.40178415
vt 0.04106778 0.40204850
vt 0.80192024 0.37440252
vt 0.25677407 0.10804798
vt 0.04908157 0.40640253
vt 0.80830420 0.36746415
vt 0.11234238 0.57713900
vt 0.11369198 0.55833340
vt 0.65764830 0.26242417
vt 0.92654390 0.02651423
vt 0.93271210 0.03039023
vt 0.11358420 0.54622275
vt 0.66429550 0.25419006
vt 0.71581490 0.91778620
vt 0.52920050 0.99889640
vt 0.72642845 0.28479233
vt 0.71674955 0.29240950
vt 0.27146304 0.18030727
vt 0.27584100 0.16975878
vt 0.26178715 0.15945183
vt 0.26516184 0.17013538
vt 0.27278355 0.19584240
vt 0.07115545 0.60281640
vt 0.45869136 0.09648852
vt 0.45257312 0.09282043
vt 0.06626303 0.60865140
vt 0.27953914 0.23982666
vt 0.55937260 0.06111357
vt 0.57235070 0.05525011
vt 0.58027860 0.04057333
vt 0.57225734 0.03039993
vt 0.55166334 0.05711876
vt 0.31176737 0.25853533
vt 0.53944920 0.05320442
vt 0.43027430 0.79583030
vt 0.43782890 0.82177300
vt 0.71428650 0.75245720
vt 0.67083466 0.72567415
vt 0.67020480 0.64315456
vt 0.88481396 0.07086306
vt 0.62253690 0.66906940
vt 0.86150190 0.10867462
vt 0.63115640 0.62071580
vt 0.02543526 0.33822387
vt 0.35721050 0.47889262
vt 0.92521054 0.82451046
vt 0.91170710 0.80788990
vt 0.90162970 0.02402012
vt 0.89924730 0.02017651
vt 0.89667386 0.74853020
vt 0.86766830 0.13808382
vt 0.76601905 0.80039680
vt 0.77371440 0.80822110
vt 0.76959840 0.64059824
vt 0.81696993 0.86566790
vt 0.80797460 0.83690550
vt 0.03025969 0.58737975
vt 0.84444094 0.13800055
vt 0.65150213 0.58818954
vt 0.87863170 0.11812703
vt 0.82557870 0.07216349
vt 0.80213310 0.85074240
vt 0.82116300 0.82163090
vt 0.44310766 0.81335944
vt 0.34669322 0.47756740
vt 0.65656230 0.74547130
vt 0.92691845 0.06981169
vt 0.16373564 0.34523797
vt 0.64035540 0.71408385
vt 0.02009443 0.32266796
vt 0.91968710 0.09576288
vt 0.13064343 0.31133032
vt 0.30576482 0.20049281
vt 0.32123150 0.20690623
vt 0.62709880 0.00041839
vt 0.65383494 0.12237467
vt 0.65595037 0.13437673
vt 0.64564840 0.16232716
vt 0.63189745 0.15149887
vt 0.62986070 0.16721115
vt 0.64862370 0.14436932
vt 0.63746860 0.13639103
vt 0.41659880 0.27273688
vt 0.43045807 0.46763140
vt 0.44388926 0.28370670
vt 0.24408399 0.30806634
vt 0.56191880 0.16078533
vt 0.19174588 0.96906250
vt 0.50474130 0.47741345
vt 0.56574714 0.13516246
vt 0.26576740 0.29975470
vt 0.53944590 0.14598460
vt 0.57509800 0.11553632
vt 0.50104010 0.21551944
vt 0.57075470 0.10415290
vt 0.58112630 0.11018301
vt 0.21298073 0.29867435
vt 0.20721836 0.28423578
vt 0.61554676 0.16674767
vt 0.19083731 0.29499042
vt 0.10197836 0.93879350
vt 0.10161188 0.28016403
vt 0.14756536 0.92636410
vt 0.13933487 0.94033340
vt 0.12368190 0.89603030
vt 0.77113575 0.51783925
vt 0.11223526 0.90214604
vt 0.13899519 0.89542100
vt 0.18634716 0.30951320
vt 0.75607080 0.94789570
vt 0.74334580 0.95575213
vt 0.09656147 0.88009490
vt 0.51153690 0.21406677
vt 0.17390679 0.30553627
vt 0.19905199 0.33178884
vt 0.61202310 0.17773417
vt 0.11638439 0.91817030
vt 0.12886322 0.96184790
vt 0.14903943 0.96522280
vt 0.19010039 0.33361460
vt 0.61888725 0.18552148
vt 0.08392059 0.82808940
vt 0.66092550 0.19525333
vt 0.08135989 0.85270240
vt 0.63896340 0.20245449
vt 0.65065810 0.20218389
vt 0.08478785 0.84414136
vt 0.45844287 0.27473050
vt 0.10205324 0.85886570
vt 0.10328972 0.87016790
vt 0.09137188 0.86063110
vt 0.49110360 0.19247645
vt 0.16380292 0.32747513
vt 0.07669506 0.86082260
vt 0.62811446 0.20541638
vt 0.16156085 0.31234285
vt 0.15233370 0.29468518
vt 0.09542248 0.89644240
vt 0.10911847 0.30799900
vt 0.12010187 0.61427510
vt 0.16923709 0.93862120
vt 0.49707857 0.42805030
vt 0.19491412 0.94636124
vt 0.17970246 0.92379390
vt 0.41812432 0.40998876
vt 0.43599325 0.42359632
vt 0.15492718 0.90998834
vt 0.10155878 0.80137190
vt 0.09999830 0.81175160
vt 0.68117490 0.19106139
vt 0.65362480 0.17663163
vt 0.67065980 0.17839593
vt 0.11426322 0.80460510
vt 0.69418670 0.15740034
vt 0.19489625 0.86146420
vt 0.21492659 0.83098084
vt 0.14583279 0.30793530
vt 0.08399365 0.88212740
vt 0.11659789 0.77684240
vt 0.70885370 0.16917083
vt 0.12234478 0.79015154
vt 0.11333836 0.76350915
vt 0.70965750 0.15786122
vt 0.71569050 0.33266544
vt 0.10725263 0.79165550
vt 0.67842840 0.16064352
vt 0.42511380 0.43004012
vt 0.41066605 0.43823070
vt 0.27307108 0.90345360
vt 0.13368218 0.90860957
vt 0.05603031 0.80278310
vt 0.27142894 0.25091168
vt 0.55521580 0.09108757
vt 0.56338656 0.09306084
vt 0.55846137 0.07754295
vt 0.55025110 0.06746601
vt 0.30194747 0.26569644
vt 0.53944590 0.07534109
vt 0.28711542 0.26187366
vt 0.26549312 0.24047212
vt 0.26028487 0.22561385
vt 0.29319978 0.27340108
vt 0.53944590 0.09829701
vt 0.25372157 0.23588578
vt 0.25741014 0.24407968
vt 0.75162190 0.29871202
vt 0.25618340 0.20202678
vt 0.27714604 0.21708405
vt 0.16946115 0.18603280
vt 0.74641250 0.32817653
vt 0.16684474 0.12187591
vt 0.91230243 0.45616984
vt 0.90827733 0.43586418
vt 0.93247914 0.27177528
vt 0.93825173 0.55610590
vt 0.91880375 0.46644524
vt 0.91184660 0.46802807
vt 0.92803540 0.47141990
vt 0.93799865 0.22459501
vt 0.01096860 0.47260338
vt 0.93316990 0.46396150
vt 0.92272730 0.48045290
vt 0.91177857 0.47325212
vt 0.90492857 0.46025430
vt 0.06527839 0.43461898
vt 0.57502170 0.81158876
vt 0.62443720 0.33227515
vt 0.21341237 0.16840996
vt 0.69904150 0.32523566
vt 0.64288723 0.35479257
vt 0.68903090 0.29905410
vt 0.63846460 0.32084470
vt 0.59258264 0.25993562
vt 0.15675183 0.59723544
vt 0.10705829 0.60510594
vt 0.70263860 0.28943574
vt 0.71588110 0.30710405
vt 0.59742475 0.01583449
vt 0.74028313 0.30282060
vt 0.72845710 0.29938683
vt 0.73933670 0.29082268
vt 0.76683074 0.26054980
vt 0.08811096 0.57496730
vt 0.07797262 0.55790406
vt 0.49364233 0.10416634
vt 0.17846859 0.43439920
vt 0.08138123 0.54641030
vt 0.13846108 0.60111696
vt 0.13407831 0.59437620
vt 0.20683369 0.14626747
vt 0.19606754 0.15049763
vt 0.76504930 0.30599236
vt 0.76794310 0.32223994
vt 0.22059833 0.15112603
vt 0.01464739 0.92240300
vt 0.83281470 0.99314850
vt 0.37401003 0.40791222
vt 0.24240040 0.15422262
vt 0.02683739 0.92061420
vt 0.70863690 0.01263593
vt 0.31287447 0.14191164
vt 0.29589465 0.17431620
vt 0.17892718 0.14225128
vt 0.18372555 0.16380110
vt 0.28711668 0.18868200
vt 0.48529917 0.74992025
vt 0.67430360 0.28783920
vt 0.62518150 0.29696700
vt 0.62158880 0.31245070
vt 0.68351360 0.28279033
vt 0.25192210 0.14034575
vt 0.20749210 0.13321160
vt 0.78181670 0.33912727
vt 0.15799782 0.13071543
vt 0.19589803 0.13950285
vt 0.49072760 0.78645396
vt 0.19929413 0.19385134
vt 0.20339549 0.18506908
vt 0.17898609 0.17963733
vt 0.22233668 0.19234982
vt 0.49942344 0.74472100
vt 0.71726817 0.34364060
vt 0.72850700 0.32624272
vt 0.23646902 0.18595229
vt 0.59819615 0.75813120
vt 0.23373032 0.16608758
vt 0.73393230 0.04362935
vt 0.41899252 0.61686520
vt 0.44772540 0.80107250
vt 0.43752804 0.78051020
vt 0.43251005 0.78264720
vt 0.44810688 0.67887646
vt 0.44910035 0.69249780
vt 0.59736280 0.03331959
vt 0.44179147 0.59115990
vt 0.45545340 0.59244060
vt 0.45418265 0.55825830
vt 0.45537457 0.57416844
vt 0.58883965 0.04609740
vt 0.48058105 0.55657110
vt 0.59280884 0.83518630
vt 0.48870525 0.57689350
vt 0.59978550 0.83006394
vt 0.58814996 0.06574874
vt 0.57417100 0.06261044
vt 0.59491540 0.05986009
vt 0.62903750 0.01230471
vt 0.60910660 0.02243963
vt 0.56874610 0.04343665
vt 0.57946440 0.04877535
vt 0.30697090 0.16878094
vt 0.43049547 0.61694700
vt 0.44420590 0.60739280
vt 0.27772957 0.14989655
vt 0.73150080 0.02818194
vt 0.29431720 0.14258587
vt 0.29860547 0.15822200
vt 0.38380218 0.56830100
vt 0.28288782 0.13612545
vt 0.79810923 0.34302700
vt 0.22635372 0.13699043
vt 0.27295410 0.12641090
vt 0.25429960 0.12612756
vt 0.82352460 0.35003040
vt 0.80751960 0.33901352
vt 0.23178913 0.12318888
vt 0.38110578 0.54475910
vt 0.41523927 0.58665880
vt 0.40153268 0.58088630
vt 0.83321400 0.33207422
vt 0.85784835 0.27543986
vt 0.40215743 0.53615516
vt 0.39099310 0.58942026
vt 0.72038156 0.03351728
vt 0.72377950 0.02185913
vt 0.30546886 0.12710087
vt 0.77712800 0.30250794
vt 0.04906984 0.08823935
vt 0.38079476 0.03249719
vt 0.29953220 0.60184570
vt 0.37278306 0.58274600
vt 0.34121970 0.62701523
vt 0.37960064 0.66657140
vt 0.36654693 0.64330620
vt 0.88755476 0.34404644
vt 0.75206900 0.04641924
vt 0.84031296 0.31696808
vt 0.39093712 0.70197520
vt 0.38592860 0.69542610
vt 0.38345537 0.73361010
vt 0.39317983 0.72983855
vt 0.40635010 0.76498950
vt 0.35589910 0.75048990
vt 0.40257530 0.73932080
vt 0.88169380 0.32022113
vt 0.90333140 0.34852016
vt 0.75206900 0.06383848
vt 0.78224180 0.27596515
vt 0.18233120 0.70338523
vt 0.90105950 0.32305390
vt 0.86528330 0.31622350
vt 0.85900540 0.32826420
vt 0.39037877 0.64403504
vt 0.85930306 0.33940400
vt 0.40808654 0.66453993
vt 0.42196086 0.67904360
vt 0.10628142 0.89064896
vt 0.41203162 0.70815200
vt 0.41547126 0.66835785
vt 0.41620195 0.65665525
vt 0.35460314 0.61445280
vt 0.38107222 0.61147547
vt 0.40902868 0.67637265
vt 0.32713450 0.71633774
vt 0.32197922 0.74061220
vt 0.33515808 0.75703925
vt 0.48994106 0.21963911
vt 0.88484470 0.35377505
vt 0.74336760 0.03406853
vt 0.41896978 0.72626480
vt 0.34691444 0.77758944
vt 0.87067000 0.35055226
vt 0.37463632 0.78921620
vt 0.36597994 0.77014610
vt 0.35799900 0.80523130
vt 0.35874750 0.79013170
vt 0.40526053 0.85495377
vt 0.38754407 0.85271940
vt 0.39235190 0.86686444
vt 0.19764219 0.32165620
vt 0.19355649 0.32790387
vt 0.35575910 0.85687850
vt 0.37341362 0.84594685
vt 0.79294910 0.19912927
vt 0.38659072 0.80966175
vt 0.12385602 0.04134344
vt 0.28034922 0.68902580
vt 0.33408767 0.79813910
vt 0.29951566 0.72020024
vt 0.34410587 0.81762060
vt 0.36251360 0.81732770
vt 0.35207874 0.82096010
vt 0.71816707 0.23868653
vt 0.39750390 0.78920230
vt 0.41271502 0.77854340
vt 0.06787743 0.10615993
vt 0.40726600 0.03337165
vt 0.41977203 0.19277002
vt 0.05837385 0.09898703
vt 0.39570808 0.03319977
vt 0.42378270 0.06324895
vt 0.44395384 0.06092339
vt 0.05674132 0.61755353
vt 0.44715145 0.08612460
vt 0.43261543 0.06593999
vt 0.43341494 0.08545913
vt 0.05044642 0.63349926
vt 0.41566920 0.08490294
vt 0.45217827 0.19419925
vt 0.41994270 0.09857170
vt 0.05852164 0.65167000
vt 0.08959664 0.72426003
vt 0.38148642 0.51331500
vt 0.07274554 0.62443540
vt 0.09178051 0.70892820
vt 0.04093961 0.66305060
vt 0.40386125 0.10550176
vt 0.43293297 0.70725036
vt 0.91074090 0.30223830
vt 0.19358198 0.71863600
vt 0.42314196 0.69481670
vt 0.46072176 0.67605520
vt 0.43623220 0.68378675
vt 0.44758296 0.66311390
vt 0.43123692 0.66901370
vt 0.46613964 0.69240990
vt 0.48607475 0.72795105
vt 0.51578590 0.84411560
vt 0.50779283 0.79380610
vt 0.42347518 0.78308904
vt 0.43716344 0.80585890
vt 0.44094560 0.80108760
vt 0.41705903 0.79710670
vt 0.40338856 0.80897325
vt 0.40425400 0.83088950
vt 0.39526537 0.80965996
vt 0.41860956 0.86573460
vt 0.39354560 0.81565700
vt 0.42988710 0.84025663
vt 0.40251133 0.88018376
vt 0.42032140 0.88392806
vt 0.47373730 0.86760980
vt 0.44901270 0.89861834
vt 0.69912510 0.69297200
vt 0.00068679 0.62705650
vt 0.72351515 0.57525086
vt 0.75784430 0.74003760
vt 0.76885130 0.76122206
vt 0.78401790 0.74503815
vt 0.76959760 0.73697895
vt 0.77770597 0.72484183
vt 0.02478638 0.60775170
vt 0.80882520 0.76533794
vt 0.79810380 0.75025160
vt 0.82462513 0.76659757
vt 0.73881584 0.64596313
vt 0.75915870 0.69360065
vt 0.01976443 0.64153380
vt 0.02763149 0.00849012
vt 0.72648390 0.60773290
vt 0.44374534 0.19606516
vt 0.00053324 0.61090980
vt 0.70485520 0.58426076
vt 0.79154630 0.75318850
vt 0.74907327 0.64093050
vt 0.75872580 0.63235880
vt 0.72369400 0.64494330
vt 0.02687758 0.08286854
vt 0.93022615 0.98542310
vt 0.01526529 0.10082798
vt 0.07554392 0.88898830
vt 0.72727805 0.13388024
vt 0.93651090 0.99174660
vt 0.03343264 0.09910009
vt 0.07403568 0.90237190
vt 0.02214949 0.03444556
vt 0.06252410 0.05950721
vt 0.09818535 0.93894756
vt 0.84080523 0.19383472
vt 0.06625704 0.02982639
vt 0.03211087 0.69607145
vt 0.27497128 0.32781723
vt 0.00645087 0.03569490
vt 0.25446640 0.31083593
vt 0.04351619 0.71328830
vt 0.00812451 0.05710722
vt 0.27288353 0.31330028
vt 0.80427670 0.93535060
vt 0.04756692 0.62992936
vt 0.05431879 0.01763264
vt 0.82785743 0.17882529
vt 0.08528987 0.92716570
vt 0.05188511 0.07622244
vt 0.87562160 0.25254393
vt 0.04224742 0.07243538
vt 0.85691430 0.16578607
vt 0.05256409 0.60961187
vt 0.83454290 0.16327402
vt 0.05116476 0.90785456
vt 0.06443670 0.91229945
vt 0.74123144 0.13095026
vt 0.94774060 0.98508120
vt 0.01061548 0.07870425
vt 0.72152610 0.15093987
vt 0.03499679 0.73287195
vt 0.26117072 0.35006317
vt 0.88759740 0.86043930
vt 0.82931930 0.80670570
vt 0.84355724 0.81188786
vt 0.86230105 0.82352210
vt 0.24685289 0.36524330
vt 0.79368496 0.72418267
vt 0.81335410 0.74582970
vt 0.79971105 0.80307030
vt 0.77717900 0.79279315
vt 0.80673903 0.78508580
vt 0.84315956 0.83099550
vt 0.86838980 0.86445930
vt 0.81510030 0.80108570
vt 0.85777370 0.75683790
vt 0.85757864 0.23014784
vt 0.83613497 0.85151650
vt 0.34317720 0.83689150
vt 0.83785640 0.75314647
vt 0.29396330 0.83063160
vt 0.92427800 0.80651150
vt 0.75034170 0.31217715
vt 0.71750790 0.51252216
vt 0.72790706 0.53108805
vt 0.69642640 0.52547380
vt 0.09483682 0.07615725
vt 0.71654737 0.08243680
vt 0.51064980 0.02715485
vt 0.73087100 0.55511856
vt 0.40537563 0.65134950
vt 0.44955292 0.03653438
vt 0.43269378 0.03445766
vt 0.31086436 0.76886610
vt 0.28316712 0.26867726
vt 0.46720228 0.08872376
vt 0.06173827 0.59185870
vt 0.71806216 0.54290813
vt 0.51047456 0.01532013
vt 0.49816810 0.02914990
vt 0.48638433 0.02556909
vt 0.71088535 0.52745765
vt 0.49935308 0.00773326
vt 0.70413435 0.54436094
vt 0.18934762 0.11030898
vt 0.48518017 0.00918849
vt 0.69256990 0.55264180
vt 0.68708130 0.53855630
vt 0.38168272 0.88154477
vt 0.46838890 0.03562364
vt 0.74082620 0.54674584
vt 0.52161044 0.02493039
vt 0.25432324 0.49489823
vt 0.23680402 0.85929507
vt 0.46471167 0.05136445
vt 0.48735440 0.04801966
vt 0.33378774 0.81918450
vt 0.31565654 0.81518810
vt 0.30432430 0.81484930
vt 0.38458264 0.80062413
vt 0.39294160 0.80372160
vt 0.37918654 0.83350080
vt 0.19878374 0.75068146
vt 0.36364776 0.83325450
vt 0.61169230 0.57041377
vt 0.27387240 0.75986904
vt 0.92369590 0.79201776
vt 0.18144505 0.59702460
vt 0.60763836 0.54742270
vt 0.27081317 0.81680980
vt 0.37240452 0.80639110
vt 0.43216172 0.19393161
vt 0.15486254 0.59042950
vt 0.94773996 0.81523407
vt 0.27189448 0.83978266
vt 0.31437606 0.79058780
vt 0.29542482 0.80185705
vt 0.15942512 0.56063830
vt 0.94761600 0.77994820
vt 0.22568016 0.78521365
vt 0.32797548 0.78275050
vt 0.25219200 0.48535535
vt 0.05317400 0.16321602
vt 0.15895934 0.47823474
vt 0.94642913 0.65037690
vt 0.85053605 0.31262500
vt 0.19028309 0.48317242
vt 0.27193760 0.36313325
vt 0.38452467 0.84129610
vt 0.93487084 0.79894410
vt 0.71852030 0.49590462
vt 0.86738753 0.76705086
vt 0.23913147 0.49498737
vt 0.68797150 0.51258420
vt 0.70095270 0.51098870
vt 0.67319596 0.53635780
vt 0.67108256 0.51547280
vt 0.29516453 0.74502550
vt 0.45693642 0.04245579
vt 0.47646030 0.06927598
vt 0.40750727 0.07302296
vt 0.46358620 0.07180503
vt 0.59350960 0.15518816
vt 0.45445520 0.07214037
vt 0.45650053 0.05837598
vt 0.45376804 0.02236255
vt 0.16218545 0.10820341
vt 0.46485376 0.02279729
vt 0.18157856 0.08956324
vt 0.67178375 0.55393946
vt 0.19585510 0.57562995
vt 0.60720220 0.53271520
vt 0.66605750 0.11844148
vt 0.66402036 0.52210206
vt 0.62970024 0.53301877
vt 0.20933902 0.55478823
vt 0.60894820 0.51259450
vt 0.60385376 0.12063239
vt 0.61231190 0.12679920
vt 0.41267866 0.05041768
vt 0.08599566 0.10549781
vt 0.41787767 0.03051122
vt 0.64356310 0.53685870
vt 0.21017650 0.53109770
vt 0.63325703 0.48987743
vt 0.65298900 0.52037560
vt 0.65847340 0.52955693
vt 0.21802604 0.52006066
vt 0.65574740 0.54542850
vt 0.18503954 0.04679750
vt 0.64209030 0.57249475
vt 0.17706050 0.10372412
vt 0.47552690 0.01085608
vt 0.18673612 0.09942658
vt 0.68033980 0.55085100
vt 0.16445377 0.08431172
vt 0.16921103 0.09634477
vt 0.21934126 0.48729032
vt 0.66192114 0.50323397
vt 0.22034381 0.53354615
vt 0.25831914 0.41589820
vt 0.24854903 0.47383368
vt 0.28521890 0.39483145
vt 0.26620796 0.39753005
vt 0.25794482 0.37641507
vt 0.24343581 0.40673600
vt 0.22289243 0.38045120
vt 0.47627610 0.04206227
vt 0.46592942 0.23230135
vt 0.22463680 0.43717247
vt 0.28302607 0.37125546
vt 0.18707360 0.07794844
vt 0.66369920 0.54944170
vt 0.20693827 0.47866064
vt 0.83879210 0.87117280
vt 0.20242721 0.42922848
vt 0.20031664 0.46113265
vt 0.22121167 0.40948078
vt 0.88513654 0.66173440
vt 0.38904333 0.68358860
vt 0.84502465 0.64879400
vt 0.77462435 0.50861170
vt 0.85360290 0.73855840
vt 0.03210814 0.96197504
vt 0.67901915 0.00641252
vt 0.31752947 0.16771737
vt 0.21437424 0.50933284
vt 0.82030230 0.64564717
vt 0.18014017 0.45152170
vt 0.90598200 0.63022380
vt 0.79703194 0.63934860
vt 0.76174540 0.71821550
vt 0.79266300 0.66999530
vt 0.81802070 0.66603920
vt 0.18562275 0.43278690
vt 0.88090700 0.62476950
vt 0.78255190 0.61158590
vt 0.77172446 0.59263690
vt 0.77273583 0.62964130
vt 0.79099140 0.77005160
vt 0.73522943 0.58977866
vt 0.00341264 0.64828100
vt 0.00645087 0.00849011
vt 0.23305802 0.31569725
vt 0.73713290 0.56179980
vt 0.90708760 0.69066480
vt 0.87302960 0.72231760
vt 0.87249670 0.69083077
vt 0.84145610 0.72122556
vt 0.84741020 0.70175750
vt 0.82088447 0.69556504
vt 0.83720505 0.73393130
vt 0.26881123 0.04005917
vt 0.63904860 0.87757224
vt 0.75432110 0.60841630
vt 0.28216678 0.34876698
vt 0.24933633 0.33077613
vt 0.78596580 0.70190835
vt 0.01937258 0.05699285
vt 0.75530845 0.58172060
vt 0.74013020 0.62317514
vt 0.22456874 0.33364075
vt 0.76915510 0.56179980
vt 0.86974280 0.29087034
vt 0.85642576 0.29418877
vt 0.77641886 0.07521989
vt 0.84362054 0.28214183
vt 0.82983404 0.04133813
vt 0.90290130 0.05685273
vt 0.80969360 0.04584291
vt 0.88244367 0.05346509
vt 0.92715055 0.04056156
vt 0.92207915 0.03237618
vt 0.84924537 0.04263021
vt 0.91945480 0.04991388
vt 0.91681325 0.04151110
vt 0.92044960 0.03702202
vt 0.90577173 0.04168945
vt 0.76409197 0.96215770
vt 0.77628464 0.95515240
vt 0.94585794 0.51843184
vt 0.05901545 0.48620763
vt 0.10629034 0.37554030
vt 0.77153300 0.22099513
vt 0.05114014 0.89064260
vt 0.01363507 0.87685610
vt 0.87530386 0.96806080
vt 0.89384200 0.95160013
vt 0.01285269 0.86847170
vt 0.88653310 0.97179484
vt 0.03591099 0.87923320
vt 0.02725366 0.88231426
vt 0.77321020 0.06134709
vt 0.91161054 0.94310140
vt 0.03990725 0.89275205
vt 0.76838700 0.08971354
vt 0.75418990 0.09207085
vt 0.92942260 0.97206014
vt 0.76231490 0.07537096
vt 0.93056150 0.95465390
vt 0.18950276 0.18439068
vt 0.86951550 0.04019706
vt 0.78809330 0.06650297
vt 0.87224500 0.93043670
vt 0.85706440 0.01728180
vt 0.87939570 0.93069250
vt 0.88186306 0.02925682
vt 0.03151230 0.05588193
vt 0.68826010 0.21455783
vt 0.35982750 0.44696930
vt 0.02266000 0.97363174
vt 0.14176597 0.45269468
vt 0.00644767 0.96844510
vt 0.36243376 0.43678758
vt 0.04448369 0.90934190
vt 0.11584535 0.35709584
vt 0.03815464 0.48620763
vt 0.93893060 0.11480964
vt 0.10603105 0.31771773
vt 0.04723065 0.31486890
vt 0.90593100 0.18452562
vt 0.07639790 0.28064466
vt 0.90724270 0.19652061
vt 0.06560925 0.98369240
vt 0.06972128 0.26975235
vt 0.05163883 0.97378105
vt 0.05908070 0.26356107
vt 0.90143350 0.13338196
vt 0.02930439 0.50415610
vt 0.66956110 0.88412080
vt 0.03176492 0.99497260
vt 0.03408447 0.26808400
vt 0.01485620 0.99982620
vt 0.01637442 0.27635490
vt 0.39328936 0.44139440
vt 0.07295190 0.94593420
vt 0.87608240 0.17056480
vt 0.88150980 0.13251665
vt 0.11712304 0.32927868
vt 0.09434706 0.32619910
vt 0.05470710 0.29513597
vt 0.06501561 0.30139095
vt 0.89730376 0.15909192
vt 0.93752770 0.14366162
vt 0.08690564 0.31135267
vt 0.87088406 0.18888041
vt 0.70945840 0.21678707
vt 0.07892137 0.03442866
vt 0.85115600 0.19265197
vt 0.88740340 0.14307027
vt 0.76777890 0.46590087
vt 0.89763856 0.11881954
vt 0.71967960 0.81146060
vt 0.68977360 0.80219520
vt 0.73732350 0.79884636
vt 0.77909580 0.31317365
vt 0.06390686 0.28267280
vt 0.64821720 0.77106935
vt 0.69150454 0.83176850
vt 0.63423670 0.77604055
vt 0.10238247 0.33593953
vt 0.18433991 0.07197635
vt 0.12763742 0.34856588
vt 0.62175530 0.73734060
vt 0.74905720 0.50070107
vt 0.70948654 0.82799580
vt 0.67187136 0.82931930
vt 0.72557610 0.84578550
vt 0.66591823 0.79717300
vt 0.77034820 0.27052470
vt 0.68496320 0.86141310
vt 0.70440197 0.84971790
vt 0.63926990 0.80455660
vt 0.72650730 0.86479560
vt 0.56393940 0.20559564
vt 0.72726274 0.88179820
vt 0.74438894 0.87742030
vt 0.74601895 0.85494080
vt 0.74294376 0.82295260
vt 0.78662640 0.81673420
vt 0.47398812 0.51192826
vt 0.47407225 0.52284540
vt 0.77401936 0.82368850
vt 0.75916390 0.81038624
vt 0.78559434 0.25758785
vt 0.75638396 0.86949990
vt 0.77936476 0.28193665
vt 0.42177027 0.94320200
vt 0.84404380 0.89771533
vt 0.39368275 0.94829077
vt 0.76971996 0.88430170
vt 0.38846070 0.92518777
vt 0.38900077 0.90193160
vt 0.77057170 0.91715604
vt 0.47305074 0.98941606
vt 0.38263290 0.94125790
vt 0.40913725 0.90495580
vt 0.83392024 0.88042060
vt 0.82331413 0.88584910
vt 0.40024796 0.96443975
vt 0.84489990 0.88250750
vt 0.37697230 0.94741124
vt 0.42971876 0.91289830
vt 0.26338097 0.46636906
vt 0.12394004 0.40113000
vt 0.44563565 0.93010450
vt 0.13726188 0.39728332
vt 0.49336922 0.94814290
vt 0.49028948 0.93189390
vt 0.73013103 0.25211585
vt 0.59661406 0.80915207
vt 0.60469370 0.81422620
vt 0.41563708 0.95892966
vt 0.46798286 0.92970990
vt 0.47123688 0.94597477
vt 0.51510070 0.95578784
vt 0.45028654 0.98036474
vt 0.78538050 0.90656590
vt 0.70559764 0.24765834
vt 0.49345168 0.96686380
vt 0.69183135 0.25389400
vt 0.15776446 0.43025723
vt 0.15191415 0.42848498
vt 0.72350220 0.26484640
vt 0.15093322 0.43518326
vt 0.46675375 0.90159900
vt 0.47039342 0.89388317
vt 0.61690193 0.20303144
vt 0.69681150 0.26402800
vt 0.16852151 0.45650077
vt 0.50584894 0.09266523
vt 0.51822830 0.06328261
vt 0.82328290 0.32596390
vt 0.15345393 0.45330754
vt 0.53706306 0.04381739
vt 0.14172618 0.49992570
vt 0.76887393 0.55899160
vt 0.52511710 0.03584172
vt 0.20596664 0.40062430
vt 0.71993977 0.47995240
vt 0.52137834 0.05260148
vt 0.74166630 0.50009780
vt 0.73148674 0.49203630
vt 0.83197670 0.32424820
vt 0.79256904 0.86706686
vt 0.09970105 0.54927766
vt 0.17272705 0.37494028
vt 0.83879410 0.57979727
vt 0.81533086 0.31200415
vt 0.33466040 0.44349390
vt 0.33734470 0.43688613
vt 0.89098430 0.19609933
vt 0.07191723 0.97505015
vt 0.07291354 0.29344627
vt 0.07909343 0.30226725
vt 0.06136711 0.96158660
vt 0.14496855 0.44530597
vt 0.14110497 0.45919988
vt 0.33453205 0.47514640
vt 0.76158565 0.82666290
vt 0.60914600 0.73263380
vt 0.74982790 0.41462046
vt 0.73466670 0.40879548
vt 0.74090460 0.42283260
vt 0.00649942 0.29629174
vt 0.38531408 0.46139893
vt 0.71954125 0.39335725
vt 0.33901164 0.49147078
vt 0.32788983 0.48326546
vt 0.35356355 0.49651533
vt 0.72906720 0.37851027
vt 0.35381374 0.48657143
vt 0.76312120 0.43989408
vt 0.75397027 0.42846918
vt 0.74508550 0.48732382
vt 0.73247284 0.51011370
vt 0.73801680 0.27360615
vt 0.51598030 0.07558348
vt 0.15518565 0.47118238
vt 0.15052539 0.46739890
vt 0.75526600 0.27607250
vt 0.75095516 0.26131243
vt 0.78735400 0.32517156
vt 0.84173140 0.94123363
vt 0.13437201 0.49130088
vt 0.78374740 0.56116490
vt 0.14433202 0.46689028
vt 0.76064533 0.53832084
vt 0.12338363 0.49648812
vt 0.80293566 0.55612520
vt 0.77328920 0.54440874
vt 0.13889955 0.46700865
vt 0.75296300 0.52925783
vt 0.16787241 0.41721126
vt 0.10146049 0.51967510
vt 0.17952348 0.40954438
vt 0.79068620 0.53702307
vt 0.02038070 0.36458436
vt 0.74769944 0.34595960
vt 0.03050800 0.38897398
vt 0.79140640 0.34415272
vt 0.76660323 0.36401040
vt 0.74947590 0.36679010
vt 0.73402804 0.36820522
vt 0.36287627 0.49858785
vt 0.75719720 0.44848466
vt 0.22719727 0.50925624
vt 0.52505225 0.06152672
vt 0.15047753 0.48513642
vt 0.74850600 0.92232305
vt 0.49693730 0.98066765
vt 0.80626890 0.89652290
vt 0.42086095 0.98045164
vt 0.85505870 0.49325687
vt 0.83374030 0.48497862
vt 0.75707490 0.10628709
vt 0.84514460 0.51037240
vt 0.81939554 0.33076766
vt 0.79725920 0.31498048
vt 0.72691220 0.41336104
vt 0.87466770 0.43364546
vt 0.86360040 0.42813575
vt 0.80029637 0.42209960
vt 0.88214520 0.44274822
vt 0.61555510 0.82310635
vt 0.74396060 0.24960274
vt 0.79966044 0.29810150
vt 0.76902620 0.47934470
vt 0.86405640 0.51580690
vt 0.88265780 0.43191484
vt 0.61860925 0.83553420
vt 0.87655870 0.48960176
vt 0.85467520 0.46441722
vt 0.81485780 0.51239353
vt 0.77883530 0.26338740
vt 0.80059540 0.47860990
vt 0.80981530 0.46137370
vt 0.82948744 0.50502825
vt 0.79568900 0.50265860
vt 0.32652482 0.49238554
vt 0.71646030 0.40739822
vt 0.08069396 0.46348050
vt 0.06906815 0.45769277
vt 0.88903410 0.55106280
vt 0.90816694 0.53309480
vt 0.89353500 0.52784740
vt 0.06633813 0.48592865
vt 0.86251120 0.58111440
vt 0.75992286 0.46990865
vt 0.85489340 0.53999585
vt 0.90188910 0.44595890
vt 0.51022995 0.08417180
vt 0.16284958 0.46214770
vt 0.50211924 0.07564212
vt 0.69398080 0.27864787
vt 0.69303240 0.27322024
vt 0.88739190 0.58869480
vt 0.05472960 0.46375176
vt 0.88817760 0.44150797
vt 0.87060106 0.46606535
vt 0.58171060 0.21718058
vt 0.58108324 0.20533445
vt 0.12635607 0.41745305
vt 0.75235176 0.28562132
vt 0.10606101 0.43702558
vt 0.89530310 0.51139010
vt 0.88243490 0.51796776
vt 0.08337993 0.44007796
vt 0.87199320 0.54080945
vt 0.91252154 0.56505084
vt 0.89248790 0.43381402
vt 0.31851116 0.45601880
vt 0.81152900 0.31860380
vt 0.11190820 0.42099820
vt 0.76571053 0.29429653
vt 0.89956355 0.48869950
vt 0.61902710 0.75756013
vt 0.78149164 0.29454267
vt 0.88983380 0.47743368
vt 0.62041897 0.77600664
vt 0.88076854 0.46664200
vt 0.89099765 0.42682204
vt 0.60761860 0.84306190
vt 0.59825740 0.85684913
vt 0.83979850 0.30557380
vt 0.87051470 0.42156684
vt 0.91012820 0.40375564
vt 0.61550750 0.87152386
vt 0.58615920 0.87844384
vt 0.17753334 0.52974010
vt 0.94765806 0.73467220
vt 0.60794264 0.19172186
vt 0.69866204 0.19940960
vt 0.88829470 0.45435166
vt 0.60753125 0.79438080
vt 0.16232250 0.46860220
vt 0.51150210 0.07849160
vt 0.54687625 0.87058570
vt 0.10214103 0.50726086
vt 0.17735723 0.39751740
vt 0.66598630 0.22381511
vt 0.55885965 0.83298510
vt 0.56453250 0.87673175
vt 0.01631990 0.89603376
vt 0.85559850 0.97950820
vt 0.56246070 0.85351276
vt 0.49570778 0.89262220
vt 0.54007983 0.92473420
vt 0.77162940 0.25393248
vt 0.81151390 0.26940900
vt 0.52878153 0.90290610
vt 0.84571284 0.29527473
vt 0.77952945 0.23981334
vt 0.52375330 0.97624410
vt 0.71900280 0.20799376
vt 0.55504650 0.89999900
vt 0.60068140 0.89135920
vt 0.34663352 0.09366542
vt 0.60132160 0.91154010
vt 0.58727247 0.90033880
vt 0.57527130 0.91670996
vt 0.51089543 0.90159110
vt 0.57101816 0.19340202
vt 0.73522280 0.18830173
vt 0.59452250 0.91339840
vt 0.54152393 0.95597510
vt 0.64940270 0.82846856
vt 0.34587395 0.43105513
vt 0.73926920 0.83933485
vt 0.76707730 0.24365012
vt 0.29534042 0.04403771
vt 0.65504960 0.92232305
vt 0.51156270 0.88203670
vt 0.34683370 0.42418152
vt 0.74856670 0.23386939
vt 0.56719340 0.22368528
vt 0.33599877 0.06206304
vt 0.59125060 0.96701420
vt 0.67618730 0.22698203
vt 0.27336973 0.07855579
vt 0.73325676 0.43238710
vt 0.69046456 0.23867042
vt 0.55656266 0.94152720
vt 0.29999210 0.06562708
vt 0.84820790 0.39293998
vt 0.85734670 0.41350314
vt 0.78888340 0.44371852
vt 0.80127610 0.43920270
vt 0.16796166 0.37812203
vt 0.62661326 0.20854233
vt 0.67717870 0.19505242
vt 0.83174940 0.45787328
vt 0.12206838 0.46843630
vt 0.29594094 0.09613813
vt 0.85490890 0.37703213
vt 0.83469580 0.38846576
vt 0.67194057 0.21168366
vt 0.17293050 0.38350517
vt 0.67717200 0.22137612
vt 0.57334130 0.95040685
vt 0.55355257 0.97460264
vt 0.33956128 0.08636697
vt 0.60069025 0.92582613
vt 0.57972500 0.93326944
vt 0.04865492 0.15133724
vt 0.94646794 0.01159847
vt 0.16072038 0.42157498
vt 0.76959145 0.85618186
vt 0.13817371 0.38377193
vt 0.49545470 0.87664294
vt 0.68843630 0.89956856
vt 0.31754303 0.04051697
vt 0.69058390 0.92232305
vt 0.56046450 0.99867356
vt 0.80192580 0.49182140
vt 0.78031754 0.49038422
vt 0.00001130 0.51236360
vt 0.60242250 0.25037813
vt 0.76259960 0.52387640
vt 0.68745244 0.84446740
vt 0.58564700 0.85118170
vt 0.27463126 0.05687458
vt 0.91686624 0.58837540
vt 0.23448259 0.03510669
vt 0.62296360 0.83371670
vt 0.24741210 0.05412089
vt 0.01561224 0.51468590
vt 0.65719986 0.85483915
vt 0.72780480 0.82904150
vt 0.78280670 0.54332730
vt 0.77608230 0.53147510
vt 0.04872083 0.50528127
vt 0.66963464 0.76634910
vt 0.14908727 0.39051190
vt 0.08589508 0.33256820
vt 0.34702800 0.44647303
vt 0.03822706 0.28923023
vt 0.02460534 0.30483115
vt 0.74140877 0.38461292
vt 0.48003712 0.97580665
vt 0.44015974 0.95855060
vt 0.02893276 0.97467940
vt 0.77597900 0.41213885
vt 0.76217360 0.40616600
vt 0.20515660 0.06881423
vt 0.09767389 0.34821436
vt 0.15035614 0.37581196
vt 0.06965649 0.34378657
vt 0.44640428 0.82996610
vt 0.05611058 0.34401768
vt 0.03884086 0.34035470
vt 0.07896812 0.34193668
vt 0.28184530 0.08368018
vt 0.29452610 0.08033972
vt 0.25956586 0.06923027
vt 0.27520478 0.07362650
vt 0.16379468 0.36534458
vt 0.60945430 0.20578696
vt 0.82651216 0.39606446
vt 0.25453597 0.07826003
vt 0.09439326 0.39199615
vt 0.92218800 0.51418560
vt 0.24782940 0.07170282
vt 0.27562340 0.08842328
vt 0.83732810 0.37195277
vt 0.94784534 0.50139910
vt 0.07784644 0.49683780
vt 0.14036468 0.41106018
vt 0.74180156 0.52807810
vt 0.13204758 0.40592152
vt 0.54574030 0.20960987
vt 0.54617640 0.21825087
vt 0.14719230 0.81492950
vt 0.16162035 0.81115590
vt 0.55640800 0.18320620
vt 0.74809490 0.19139941
vt 0.51383630 0.05484924
vt 0.50216246 0.05239714
vt 0.84159034 0.34553337
vt 0.26783980 0.11782952
vt 0.10169038 0.56486480
vt 0.11625309 0.59130657
vt 0.11742985 0.43888235
vt 0.59579190 0.21455714
vt 0.62424684 0.22788910
vt 0.13797330 0.35043663
vt 0.00517469 0.48620763
vt 0.91232806 0.33129904
vt 0.16640808 0.70608130
vt 0.74863720 0.08761496
vt 0.26086736 0.08626282
vt 0.18165737 0.72544510
vt 0.55638170 0.23011261
vt 0.07049390 0.12716890
vt 0.55425520 0.23771010
vt 0.04367664 0.13698691
vt 0.04715296 0.13275250
vt 0.04627262 0.22670649
vt 0.04761927 0.14180334
vt 0.30316213 0.15237947
vt 0.30492783 0.14738847
vt 0.30074644 0.13570318
vt 0.29229575 0.13254386
vt 0.85359097 0.25660354
vt 0.87529550 0.27549747
vt 0.58995223 0.19454725
vt 0.71670187 0.19192219
vt 0.85898674 0.35452570
vt 0.28227547 0.11370470
vt 0.26461070 0.07978608
vt 0.65352273 0.00972501
vt 0.71334120 0.27968192
vt 0.73107710 0.91798645
vt 0.51155096 0.99983370
vt 0.70986360 0.26650187
vt 0.70217160 0.27319047
vt 0.90189570 0.03681871
vt 0.90312463 0.02989464
vt 0.13095428 0.60998340
vt 0.91150570 0.03561836
vt 0.75629300 0.24911761
vt 0.04640922 0.08572908
vt 0.07940864 0.91801417
vt 0.45672965 0.08485106
vt 0.01615443 0.52905947
vt 0.05544555 0.15298136
vt 0.52925000 0.24677679
vt 0.73441320 0.31347352
vt 0.56280494 0.10932381
vt 0.12906493 0.28003418
vt 0.08934465 0.91604210
vt 0.34913117 0.09995711
vt 0.03964333 0.73584170
vt 0.33408025 0.54483384
vt 0.85035380 0.34520173
vt 0.15871911 0.95558250
vt 0.81753910 0.25415406
vt 0.05846890 0.14241047
vt 0.53487000 0.23782805
vt 0.06761070 0.13560729
vt 0.60986996 0.16994385
vt 0.08418981 0.11421841
vt 0.00008570 0.53596514
vt 0.57494223 0.25315900
vt 0.13595003 0.61814510
vt 0.08470775 0.13224731
vt 0.01677567 0.54106250
vt 0.64186850 0.17442110
vt 0.63747890 0.18680143
vt 0.76778310 0.28316380
vt 0.09073693 0.26562783
vt 0.12552385 0.95132710
vt 0.09413593 0.79622950
vt 0.68330980 0.17588876
vt 0.11647059 0.82080823
vt 0.18599450 0.93199414
vt 0.11453234 0.89535993
vt 0.11409026 0.88924880
vt 0.02138750 0.62595820
vt 0.08995116 0.81843853
vt 0.67126036 0.19323537
vt 0.14163598 0.78139204
vt 0.05863439 0.51805650
vt 0.16919409 0.29009432
vt 0.89532167 0.42742983
vt 0.92304280 0.54810363
vt 0.92397810 0.52658945
vt 0.62229574 0.70411540
vt 0.47946718 0.88130540
vt 0.46484962 0.88511190
vt 0.53535590 0.85291000
vt 0.58029300 0.83213454
vt 0.59444750 0.74638087
vt 0.58209910 0.74215454
vt 0.47022372 0.72487020
vt 0.07821486 0.41221234
vt 0.90550090 0.48528272
vt 0.07385010 0.08245558
vt 0.75653450 0.84008986
vt 0.04020512 0.98117626
vt 0.04770719 0.26870470
vt 0.33694845 0.42736858
vt 0.32783830 0.43736064
vt 0.24836218 0.08541135
vt 0.07466959 0.38031626
vt 0.61084664 0.15308638
vt 0.06684382 0.37403810
vt 0.05096703 0.38493544
vt 0.42205880 0.66535145
vt 0.15721498 0.43903416
vt 0.41363427 0.60565900
vt 0.41860990 0.60917010
vt 0.36376765 0.03283672
vt 0.32703865 0.59227440
vt 0.42438558 0.60758364
vt 0.72817105 0.42355675
vt 0.39809868 0.59864060
vt 0.78816620 0.46262180
vt 0.34600890 0.80195770
vt 0.48064880 0.90074000
vt 0.42837426 0.73382163
vt 0.43425864 0.72467740
vt 0.48961140 0.06968199
vt 0.48438010 0.07897060
vt 0.36491022 0.79932900
vt 0.74708120 0.98441464
vt 0.30287787 0.40979946
vt 0.75232220 0.96510730
vt 0.42965543 0.77452606
vt 0.42105353 0.77234260
vt 0.90484690 0.61107490
vt 0.90322435 0.60389250
vt 0.43106356 0.89308030
vt 0.35802206 0.42611256
vt 0.91533660 0.98969144
vt 0.05835290 0.87702185
vt 0.87255260 0.01839590
vt 0.87205570 0.92115930
vt 0.07855210 0.05824608
vt 0.86323270 0.20973027
vt 0.09779566 0.95993840
vt 0.04116047 0.86948220
vt 0.90472096 0.97681326
vt 0.07805395 0.93184600
vt 0.81974480 0.72390470
vt 0.37452486 0.49640337
vt 0.73533773 0.35497960
vt 0.01344654 0.35238558
vt 0.29945025 0.48647820
vt 0.92155033 0.62169250
vt 0.83933020 0.90974680
vt 0.28720647 0.48659605
vt 0.65470560 0.80743260
vt 0.47220640 0.74422430
vt 0.02264769 0.92957056
vt 0.32814753 0.46486884
vt 0.32626170 0.47294357
vt 0.41557264 0.92816770
vt 0.17270810 0.06791986
vt 0.65988150 0.58737390
vt 0.88441090 0.04182432
vt 0.82610310 0.62627480
vt 0.84766626 0.67759717
vt 0.18980914 0.40700468
vt 0.86148690 0.60502450
vt 0.87280040 0.75058420
vt 0.77582350 0.47676440
vt 0.77753820 0.46604860
vt 0.78722894 0.48073040
vt 0.88306450 0.77214605
vt 0.89214510 0.17719574
vt 0.23194660 0.35166124
vt 0.80722610 0.61214350
vt 0.14492083 0.60625320
vt 0.61380280 0.34010342
vt 0.74444870 0.10556095
vt 0.92587554 0.97855750
vt 0.87056460 0.60899340
vt 0.84106630 0.11801211
vt 0.87490250 0.59969366
vt 0.01549952 0.20910232
vt 0.87719960 0.61407060
vt 0.84051260 0.12740713
vt 0.77993540 0.91688290
vt 0.60182370 0.33353066
vt 0.91644740 0.97185934
vt 0.21923730 0.34368426
vt 0.78231150 0.57823104
vt 0.19171818 0.35162230
vt 0.80573547 0.57982016
vt 0.79213893 0.04859441
vt 0.86165070 0.05442324
vt 0.80424530 0.06150166
vt 0.81596684 0.05337036
vt 0.92369395 0.61040294
vt 0.00870023 0.90589905
vt 0.84456370 0.98518670
vt 0.07696724 0.96264774
vt 0.87776970 0.20895754
vt 0.84065010 0.96843270
vt 0.07552061 0.34610520
vt 0.89337500 0.04703120
vt 0.78364040 0.98289630
vt 0.33299080 0.41349152
vt 0.89592093 0.03888011
vt 0.87883020 0.95401980
vt 0.04128296 0.14698301
vt 0.90537775 0.96387770
vt 0.07894189 0.37079190
vt 0.24264807 0.07940030
vt 0.89218750 0.93119353
vt 0.77933836 0.04607284
vt 0.85794850 0.03912704
vt 0.61954630 0.15512796
vt 0.83921564 0.11364657
vt 0.61379266 0.15787424
vt 0.62295820 0.16119649
vt 0.06348450 0.32086778
vt 0.09319501 0.33862332
vt 0.22329952 0.08056743
vt 0.08970475 0.35073700
vt 0.79303030 0.95494980
vt 0.78679470 0.94213370
vt 0.07197733 0.36352465
vt 0.78802234 0.83951490
vt 0.90948725 0.14056098
vt 0.78888250 0.28553385
vt 0.89950860 0.01557479
vt 0.90360070 0.01928110
vt 0.23867927 0.07328004
vt 0.08679166 0.36593485
vt 0.19687617 0.06806590
vt 0.10561945 0.34861842
vt 0.06527556 0.39885116
vt 0.25544673 0.09638041
vt 0.89775723 0.59917766
vt 0.90209780 0.58995014
vt 0.51072675 0.92701520
vt 0.90784675 0.01072941
vt 0.26859686 0.09603900
vt 0.82573260 0.37356114
vt 0.76923150 0.42797732
vt 0.46264172 0.91717490
vt 0.07948885 0.35509923
vt 0.14638609 0.46108758
vt 0.61916880 0.02748981
vt 0.91277770 0.60274740
vt 0.14775163 0.45482478
vt 0.75682150 0.38611075
vt 0.74830484 0.39950493
vt 0.84569633 0.05444079
vt 0.84931900 0.06530982
vt 0.47748530 0.92152840
vt 0.34262732 0.46328098
vt 0.35784835 0.46886560
vt 0.82104420 0.11317196
vt 0.86993307 0.94429110
vt 0.87528260 0.95838350
vt 0.19632490 0.04465450
vt 0.62332630 0.78888280
vt 0.08567545 0.29204604
vt 0.91935563 0.17081800
vt 0.80309620 0.52953160
vt 0.14947759 0.13365369
vt 0.82172173 0.54189420
vt 0.94163650 0.01945732
vt 0.11220179 0.50068260
vt 0.81460210 0.55534714
vt 0.74697670 0.22186336
vt 0.73868980 0.39899755
vt 0.67710790 0.02140880
vt 0.06281762 0.35661410
vt 0.89033216 0.49767658
vt 0.70890650 0.87390745
vt 0.74869110 0.51248950
vt 0.77039400 0.45621300
vt 0.78772795 0.27267113
vt 0.76191175 0.12095054
vt 0.49442288 0.91391206
vt 0.71529060 0.89734400
vt 0.69343156 0.88327080
vt 0.74440400 0.89946180
vt 0.77536030 0.10334847
vt 0.56246420 0.91802840
vt 0.66737074 0.13317114
vt 0.68314195 0.13168322
vt 0.15110820 0.27343530
vt 0.07364822 0.30991468
vt 0.90729946 0.02440514
vt 0.24347885 0.06984166
vt 0.91824790 0.02257119
vt 0.91333824 0.02208116
vt 0.91399145 0.02733939
vt 0.52981990 0.16135044
vt 0.77596770 0.20502563
vt 0.09516662 0.85332740
vt 0.75946045 0.22667890
vt 0.09791246 0.42824390
vt 0.77629846 0.12179492
vt 0.52857405 0.19443083
vt 0.54492325 0.19118182
vt 0.10769467 0.88215440
vt 0.75821270 0.48302805
vt 0.73164150 0.22133544
vt 0.74643050 0.20663970
vt 0.40422502 0.63730985
vt 0.40819234 0.62336910
vt 0.03782771 0.13320951
vt 0.49338022 0.76481575
vt 0.39279690 0.52373480
vt 0.04169949 0.36301503
vt 0.69189060 0.00811809
vt 0.05762119 0.36445257
vt 0.83066064 0.11657025
vt 0.57013476 0.89929190
vt 0.77201050 0.83610266
vt 0.61907290 0.54786530
vt 0.27084783 0.79556423
vt 0.40029892 0.61372006
vt 0.39817700 0.62649250
vt 0.78021370 0.64745456
vt 0.34737208 0.05464317
vt 0.34798852 0.58511590
vt 0.03732941 0.22067748
vt 0.04227075 0.22143726
vt 0.92611706 0.01520458
vt 0.40378640 0.56019837
vt 0.92500540 0.02077046
vt 0.78764490 0.42731163
vt 0.11062864 0.54734200
vt 0.82569295 0.91931050
vt 0.81793714 0.92809457
vt 0.90372330 0.61923724
vt 0.81511470 0.91429060
vt 0.67587810 0.26144782
vt 0.55728110 0.05040028
vt 0.38106278 0.82242846
vt 0.60669210 0.66644940
vt 0.58700950 0.66414660
vt 0.90597165 0.59453450
vt 0.90822390 0.25956467
vt 0.60895360 0.63124514
vt 0.02354233 0.45799366
vt 0.90827554 0.24152620
vt 0.05415060 0.14186876
vt 0.94643370 0.02260165
vt 0.94196117 0.01658952
vt 0.01536230 0.45831752
vt 0.92180526 0.45431164
vt 0.93265510 0.24198385
vt 0.89717495 0.58756920
vt 0.02082760 0.14254309
vt 0.92384130 0.25650588
vt 0.03274736 0.43017125
vt 0.78311974 0.96053344
vt 0.77186820 0.96719410
vt 0.79654086 0.07571644
vt 0.02326854 0.43272153
vt 0.03069163 0.52640200
vt 0.05266171 0.53695524
vt 0.04285828 0.44591144
vt 0.00421983 0.44608915
vt 0.91325570 0.22273523
vt 0.02447194 0.57255110
vt 0.07335340 0.17129405
vt 0.01167105 0.43764424
vt 0.90754217 0.22793026
vt 0.02132451 0.44066754
vt 0.03995534 0.43181357
vt 0.02125727 0.45069040
vt 0.00996431 0.42573342
vt 0.60482460 0.57151600
vt 0.91002965 0.23386148
vt 0.80422570 0.09886044
vt 0.91395340 0.23050067
vt 0.02992119 0.44585866
vt 0.60233620 0.58818020
vt 0.90166800 0.24496381
vt 0.61032200 0.61326814
vt 0.79426354 0.09117557
vt 0.93694860 0.01935587
vt 0.93044490 0.01138426
vt 0.93528160 0.01362822
vt 0.71942437 0.36485344
vt 0.64749974 0.43817404
vt 0.11177082 0.11265381
vt 0.01081470 0.45141710
vt 0.01347235 0.44486234
vt 0.02833444 0.57626800
vt 0.07473594 0.17755044
vt 0.89565740 0.02392909
vt 0.83705467 0.07131975
vt 0.83654255 0.05956766
vt 0.54920100 0.61194400
vt 0.85795504 0.94408730
vt 0.00935329 0.88298950
vt 0.86687434 0.96640235
vt 0.59017855 0.55898404
vt 0.91595540 0.26298764
vt 0.04862229 0.45968342
vt 0.06484421 0.54891640
vt 0.61446434 0.58922390
vt 0.90273553 0.22081958
vt 0.00072581 0.43840545
vt 0.13665257 0.17625172
vt 0.91193306 0.26935855
vt 0.60463330 0.64226090
vt 0.56540334 0.65991944
vt 0.53688530 0.59764470
vt 0.05352711 0.44980390
vt 0.06310270 0.55974853
vt 0.55202120 0.63326980
vt 0.53407824 0.63511390
vt 0.07807299 0.52920360
vt 0.03334004 0.48183160
vt 0.94442344 0.47376823
vt 0.56411430 0.62675380
vt 0.58510830 0.63363120
vt 0.55313270 0.62456780
vt 0.57439550 0.59896110
vt 0.59832530 0.62478830
vt 0.05048259 0.42869500
vt 0.57991870 0.62663570
vt 0.91580430 0.24014898
vt 0.92351000 0.26877677
vt 0.58484700 0.61581165
vt 0.61254180 0.65130275
vt 0.91713655 0.27249828
vt 0.92498720 0.27996135
vt 0.94563480 0.54135430
vt 0.61353683 0.66736317
vt 0.76233550 0.95176140
vt 0.53340050 0.81403655
vt 0.56185920 0.79313390
vt 0.53679010 0.78324986
vt 0.52415013 0.79235500
vt 0.51980210 0.77575790
vt 0.55180340 0.77408050
vt 0.51170570 0.82882170
vt 0.49185700 0.84131664
vt 0.52081126 0.80570424
vt 0.53307210 0.82973100
vt 0.17929286 0.19782415
vt 0.53831130 0.80042540
vt 0.18663329 0.19506258
vt 0.59178210 0.57710713
vt 0.54179860 0.58624780
vt 0.60287130 0.77249840
vt 0.57845350 0.58477350
vt 0.59349430 0.76754960
vt 0.58749140 0.75914730
vt 0.60553986 0.65712090
vt 0.49896395 0.61894860
vt 0.91162586 0.44629170
vt 0.93763375 0.25965768
vt 0.61400400 0.67768925
vt 0.92947125 0.54188060
vt 0.62307620 0.68400645
vt 0.59365517 0.67857710
vt 0.25437325 0.45250311
vt 0.59081600 0.72494870
vt 0.60002910 0.73405707
vt 0.60659343 0.72124960
vt 0.60422397 0.69656426
vt 0.61846730 0.73715645
vt 0.90779590 0.50570166
vt 0.53702813 0.76565135
vt 0.60478900 0.68061320
vt 0.55528660 0.71725017
vt 0.56574730 0.72436810
vt 0.31568444 0.44170177
vt 0.06955009 0.40983910
vt 0.05350082 0.59555800
vt 0.59839910 0.50616120
vt 0.57177365 0.76885974
vt 0.54976970 0.81403524
vt 0.06032712 0.57288530
vt 0.05893869 0.43430164
vt 0.58444850 0.78125970
vt 0.16011973 0.45610780
vt 0.15267465 0.46158457
vt 0.58079390 0.78882680
vt 0.55351007 0.75397307
vt 0.56571910 0.59087664
vt 0.60312570 0.71532655
vt 0.57620716 0.66226006
vt 0.54571720 0.73657190
vt 0.57999370 0.65149330
vt 0.55515500 0.69093820
vt 0.06024471 0.56527140
vt 0.05633873 0.44311252
vt 0.23915589 0.22410935
vt 0.71233150 0.95417020
vt 0.05398317 0.40937090
vt 0.59464127 0.52217480
vt 0.57820700 0.67184424
vt 0.57946040 0.68442506
vt 0.35093573 0.01509669
vt 0.21723011 0.22938344
vt 0.60985530 0.67383397
vt 0.58562630 0.69303143
vt 0.57007760 0.61255140
vt 0.57173780 0.55114096
vt 0.33783170 0.01538552
vt 0.55528593 0.56925786
vt 0.59875210 0.70806890
vt 0.56617624 0.68551240
vt 0.54749060 0.67570390
vt 0.57796735 0.72285830
vt 0.57155675 0.71120030
vt 0.56057490 0.70091414
vt 0.90211684 0.23123390
vt 0.61282170 0.60099920
vt 0.57174620 0.69789780
vt 0.60154176 0.49476296
vt 0.07964535 0.21318560
vt 0.04618413 0.59812340
vt 0.72088550 0.42904195
vt 0.01898672 0.72491956
vt 0.73355395 0.15855783
vt 0.75113523 0.13975380
vt 0.70684206 0.94895550
vt 0.04620173 0.22199093
vt 0.60239470 0.74801550
vt 0.59088250 0.59290000
vt 0.59105770 0.70538970
vt 0.54521810 0.72615755
vt 0.56437670 0.67408510
vt 0.56644434 0.58106536
vt 0.59306455 0.64417250
vt 0.04966300 0.59303460
vt 0.60256260 0.49864290
vt 0.54950356 0.66039610
vt 0.55263245 0.58043340
vt 0.13926898 0.47583288
vt 0.54634920 0.70283955
vt 0.53558070 0.52862394
vt 0.59102654 0.53782200
vt 0.03936077 0.40948537
vt 0.54224130 0.53326280
vt 0.54886920 0.55266076
vt 0.60768490 0.70919180
vt 0.55399640 0.53286600
vt 0.53699464 0.74634120
vt 0.59643760 0.69209860
vt 0.69584190 0.49871555
vt 0.52426314 0.75718415
vt 0.55592066 0.73499030
vt 0.50941880 0.75967145
vt 0.55005190 0.74395220
vt 0.51546943 0.71818490
vt 0.52472067 0.70603110
vt 0.53098845 0.57055460
vt 0.54321660 0.57250970
vt 0.52124304 0.68889830
vt 0.51675560 0.72750974
vt 0.05071764 0.04419041
vt 0.55295104 0.59580440
vt 0.53414820 0.61339960
vt 0.54473627 0.64783750
vt 0.53102290 0.49456117
vt 0.53051520 0.72797674
vt 0.23714413 0.26338992
vt 0.50921607 0.67667950
vt 0.53088490 0.62365500
vt 0.52393353 0.64226395
vt 0.54181075 0.62280110
vt 0.53234010 0.58438677
vt 0.52570030 0.59568690
vt 0.52842665 0.05179167
vt 0.14869136 0.49253526
vt 0.52679384 0.04318364
vt 0.36821786 0.34821520
vt 0.56329420 0.64584500
vt 0.30884168 0.47419974
vt 0.53523000 0.66026473
vt 0.50847860 0.64099670
vt 0.53865960 0.68952495
vt 0.52856135 0.64903370
vt 0.54350560 0.51583990
vt 0.23449461 0.25047440
vt 0.25307283 0.25162593
vt 0.52738150 0.55440450
vt 0.53125040 0.53845286
vt 0.57625055 0.53688914
vt 0.49960640 0.66164920
vt 0.04159837 0.64895560
vt 0.03918745 0.02251260
vt 0.50207930 0.65058430
vt 0.12845361 0.44784483
vt 0.66702960 0.48988134
vt 0.23319826 0.52325500
vt 0.54021270 0.71592820
vt 0.57919574 0.52061860
vt 0.56776744 0.74264010
vt 0.36674312 0.01424777
vt 0.04862713 0.57134914
vt 0.04594421 0.58076864
vt 0.06706914 0.21312286
vt 0.09369814 0.73836770
vt 0.51718134 0.74065630
vt 0.04192468 0.77620906
vt 0.08733299 0.75325835
vt 0.50859886 0.70921350
vt 0.52571374 0.67490387
vt 0.49318070 0.70314470
vt 0.50454384 0.72340410
vt 0.39007220 0.32726696
vt 0.36811780 0.31548995
vt 0.51488970 0.48818275
vt 0.42418784 0.76060456
vt 0.50693710 0.69327116
vt 0.58037525 0.70485290
vt 0.60164480 0.72244410
vt 0.52538466 0.62576960
vt 0.52046627 0.63306737
vt 0.51334846 0.65741450
vt 0.02714491 0.90753126
vt 0.46497607 0.39825934
vt 0.49182984 0.67921500
vt 0.58621890 0.60169846
vt 0.51191520 0.64551675
vt 0.46365243 0.61233140
vt 0.52624650 0.60622185
vt 0.48958090 0.59498936
vt 0.37625164 0.02519001
vt 0.35680190 0.38967913
vt 0.46166550 0.63886523
vt 0.48015347 0.62762760
vt 0.33142164 0.45355860
vt 0.43476670 0.57066140
vt 0.04366916 0.95354570
vt 0.05623765 0.94340160
vt 0.04114625 0.92495760
vt 0.50648975 0.58486456
vt 0.48064650 0.61135590
vt 0.49821225 0.53885233
vt 0.59513580 0.65682610
vt 0.52246594 0.61827683
vt 0.52557856 0.51678604
vt 0.50819520 0.56252650
vt 0.50230400 0.52117600
vt 0.51061400 0.50556780
vt 0.03049941 0.42332593
vt 0.60724854 0.55126566
vt 0.37571380 0.29689854
vt 0.50216790 0.49656087
vt 0.07777300 0.22215217
vt 0.58947430 0.48704967
vt 0.39825284 0.31435046
vt 0.50982680 0.53235300
vt 0.42193106 0.36232430
vt 0.53185810 0.48083058
vt 0.36257732 0.33457252
vt 0.40150028 0.35203204
vt 0.38285765 0.34871864
vt 0.49210393 0.51770650
vt 0.50427340 0.51027787
vt 0.47358093 0.49635515
vt 0.49132472 0.49561813
vt 0.41387350 0.02413771
vt 0.33703607 0.35120710
vt 0.55772686 0.47163036
vt 0.45793787 0.85321945
vt 0.81525683 0.48961550
vt 0.42403847 0.34685034
vt 0.44449520 0.54584205
vt 0.44368660 0.52745074
vt 0.46690980 0.51425500
vt 0.45987314 0.51534224
vt 0.04479980 0.41930684
vt 0.46823186 0.54601586
vt 0.49968934 0.63752880
vt 0.42679500 0.59435430
vt 0.44276243 0.62546650
vt 0.44218410 0.64312863
vt 0.06987432 0.73110247
vt 0.36257133 0.52500090
vt 0.41048580 0.52045520
vt 0.46514928 0.30209857
vt 0.41563103 0.56418383
vt 0.43057752 0.30421138
vt 0.44091610 0.51104980
vt 0.41961040 0.25262123
vt 0.41722342 0.48680064
vt 0.43970442 0.36598270
vt 0.44508433 0.37613030
vt 0.11169798 0.12668744
vt 0.46649694 0.44013733
vt 0.23417032 0.94517726
vt 0.48032695 0.45181543
vt 0.21861666 0.95295227
vt 0.21712255 0.93581253
vt 0.46741617 0.50190670
vt 0.44593558 0.30031574
vt 0.41274680 0.69084346
vt 0.53844240 0.33734176
vt 0.43290532 0.35660863
vt 0.12556624 0.71356140
vt 0.46349520 0.50711170
vt 0.43712620 0.77291894
vt 0.52830625 0.41557086
vt 0.12493718 0.72997570
vt 0.37543276 0.47284138
vt 0.43358597 0.36463377
vt 0.43617362 0.37314457
vt 0.42212078 0.38143330
vt 0.41144034 0.34093735
vt 0.43833170 0.79046680
vt 0.42758730 0.54372144
vt 0.10910610 0.71742500
vt 0.50790490 0.33232600
vt 0.60524980 0.34979710
vt 0.45174030 0.63171380
vt 0.14627153 0.70308876
vt 0.40652698 0.68590220
vt 0.40020886 0.69454587
vt 0.15661696 0.70563394
vt 0.47335100 0.26364425
vt 0.35098374 0.81200093
vt 0.40060860 0.68168896
vt 0.39713687 0.66684115
vt 0.40320855 0.50945410
vt 0.36249977 0.67308210
vt 0.07778561 0.66255580
vt 0.12437925 0.62881315
vt 0.10976365 0.63492920
vt 0.09399288 0.69012010
vt 0.09778329 0.65801880
vt 0.11475148 0.66417450
vt 0.06860047 0.69843460
vt 0.49740157 0.47908980
vt 0.39073923 0.30209002
vt 0.43283424 0.52576400
vt 0.44501394 0.40995196
vt 0.38955430 0.02851788
vt 0.35006884 0.37424070
vt 0.49101257 0.08587700
vt 0.07913310 0.61047720
vt 0.08525977 0.64413345
vt 0.06787252 0.71642256
vt 0.18163699 0.21347451
vt 0.09653170 0.67315320
vt 0.07242610 0.68041265
vt 0.10714103 0.64885210
vt 0.12030385 0.61945605
vt 0.38657555 0.10814425
vt 0.03972101 0.68999640
vt 0.37112537 0.11034111
vt 0.04696354 0.71280620
vt 0.36758855 0.07126947
vt 0.42619710 0.74583536
vt 0.45379502 0.71539840
vt 0.41229737 0.74459690
vt 0.47770960 0.65666324
vt 0.37027130 0.36342922
vt 0.48064137 0.69093674
vt 0.43770140 0.75893813
vt 0.47510675 0.70738790
vt 0.44261065 0.73825830
vt 0.35809930 0.36806650
vt 0.27056247 0.88938093
vt 0.31437856 0.02138983
vt 0.28395137 0.89404770
vt 0.47657704 0.77028530
vt 0.43123168 0.39958110
vt 0.50348420 0.77653820
vt 0.45875973 0.73591800
vt 0.45702025 0.75772357
vt 0.54207700 0.47689918
vt 0.35300025 0.34336950
vt 0.36294237 0.03026912
vt 0.36987892 0.39381720
vt 0.34193543 0.03061469
vt 0.38136122 0.41236317
vt 0.44453683 0.78020040
vt 0.50862140 0.81388530
vt 0.44790160 0.31669635
vt 0.41067386 0.54289997
vt 0.45241530 0.33838826
vt 0.47581586 0.80018250
vt 0.42133862 0.73712635
vt 0.27888480 0.89683590
vt 0.43066630 0.45354733
vt 0.24732386 0.91034037
vt 0.48578510 0.82034767
vt 0.49359270 0.80744500
vt 0.46426960 0.80905110
vt 0.24399978 0.88713180
vt 0.46356960 0.78059810
vt 0.44644704 0.84579080
vt 0.45121732 0.43401808
vt 0.44765970 0.44972903
vt 0.23664543 0.92675120
vt 0.42803204 0.85612893
vt 0.47190335 0.82499860
vt 0.45625390 0.80361100
vt 0.45094216 0.79108040
vt 0.46023180 0.79453075
vt 0.44455296 0.78774166
vt 0.38961664 0.41847244
vt 0.40371725 0.72638226
vt 0.39915866 0.70994323
vt 0.22185351 0.85992030
vt 0.45847175 0.87073370
vt 0.35386840 0.41720340
vt 0.06750284 0.78815210
vt 0.68421906 0.46828690
vt 0.25641793 0.50560050
vt 0.15365516 0.65380840
vt 0.58179460 0.32756507
vt 0.70551790 0.49766135
vt 0.27564126 0.50709020
vt 0.70245410 0.45928797
vt 0.69593020 0.47319950
vt 0.27787718 0.48385330
vt 0.15529129 0.14803016
vt 0.13711937 0.13509919
vt 0.27912807 0.49276572
vt 0.32589576 0.44466567
vt 0.05514354 0.81812876
vt 0.69103640 0.46291232
vt 0.26474908 0.50496763
vt 0.68967205 0.50127410
vt 0.68062250 0.49291210
vt 0.26201123 0.48148212
vt 0.31901774 0.42065382
vt 0.32422405 0.42535946
vt 0.27753782 0.46171060
vt 0.30180413 0.44376987
vt 0.30918458 0.43020570
vt 0.32469377 0.00943575
vt 0.07212755 0.82182175
vt 0.08912012 0.09004832
vt 0.63682070 0.55203480
vt 0.68966585 0.49165710
vt 0.25007550 0.50686204
vt 0.67714020 0.47089896
vt 0.22109607 0.89328927
vt 0.68175304 0.52425340
vt 0.71663636 0.35339114
vt 0.65099100 0.41190156
vt 0.85852796 0.92000860
vt 0.87550336 0.01406729
vt 0.86455400 0.92156530
vt 0.61807830 0.35821488
vt 0.38813400 0.39429882
vt 0.27081317 0.70701045
vt 0.14630383 0.04020531
vt 0.26662380 0.49215394
vt 0.88694270 0.01857284
vt 0.27371684 0.47489375
vt 0.16529715 0.03284571
vt 0.62712990 0.58501166
vt 0.27193427 0.73033714
vt 0.16220002 0.62865360
vt 0.10364130 0.61944850
vt 0.11205085 0.09955789
vt 0.42295647 0.01121844
vt 0.13222890 0.06504548
vt 0.46100690 0.01523172
vt 0.15326527 0.09844789
vt 0.57081157 0.37922713
vt 0.14871082 0.16923137
vt 0.20648652 0.25014170
vt 0.40753013 0.37034193
vt 0.39168194 0.06381991
vt 0.32860354 0.02439996
vt 0.38424498 0.42545238
vt 0.67741984 0.50665814
vt 0.66968930 0.50591576
vt 0.27296963 0.41479300
vt 0.20932685 0.86563810
vt 0.15907067 0.05405113
vt 0.15535627 0.07289898
vt 0.13922109 0.08951325
vt 0.44772908 0.00574432
vt 0.24700557 0.86724246
vt 0.43377084 0.60323480
vt 0.25814128 0.48786852
vt 0.29687458 0.42501718
vt 0.30578798 0.00673259
vt 0.05801629 0.83656040
vt 0.27927640 0.87795360
vt 0.26323238 0.42837933
vt 0.58684325 0.28342107
vt 0.28545502 0.43996882
vt 0.26747950 0.43797350
vt 0.03432830 0.79478480
vt 0.47341725 0.25022045
vt 0.73720480 0.98341614
vt 0.30516487 0.39285007
vt 0.28461537 0.41942158
vt 0.03642094 0.78406490
vt 0.29375464 0.40521220
vt 0.27688140 0.43630960
vt 0.28504878 0.43074235
vt 0.24096288 0.45149980
vt 0.42480943 0.51778245
vt 0.66436505 0.53849680
vt 0.28918934 0.47571358
vt 0.28560960 0.46512640
vt 0.23828343 0.47368163
vt 0.22076060 0.46339744
vt 0.76108414 0.98493665
vt 0.31435353 0.41300064
vt 0.76958466 0.13227860
vt 0.72038126 0.94173600
vt 0.72068113 0.95955795
vt 0.70035917 0.96942880
vt 0.29691908 0.33333886
vt 0.00281384 0.71102774
vt 0.73734500 0.96983117
vt 0.70918730 0.98515780
vt 0.29686410 0.35384830
vt 0.00659257 0.72589620
vt 0.74750644 0.15071274
vt 0.70035917 0.95302546
vt 0.47497967 0.67792100
vt 0.74874160 0.94246900
vt 0.72681180 0.94679904
vt 0.78895880 0.11271965
vt 0.46472794 0.52746016
vt 0.30770750 0.37097760
vt 0.72293690 0.98535280
vt 0.78359200 0.08367702
vt 0.46254740 0.53916100
vt 0.75873530 0.93885080
vt 0.79171440 0.15150520
vt 0.72992560 0.92284080
vt 0.08229756 0.78098880
vt 0.71612850 0.97237080
vt 0.35739770 0.00455697
vt 0.08359719 0.79148080
vt 0.45187172 0.38934480
vt 0.13534996 0.67025733
vt 0.93175200 0.02391937
vt 0.82125550 0.05959627
vt 0.38475496 0.01357103
vt 0.10389614 0.77190180
vt 0.80914710 0.07541144
vt 0.22098844 0.26024310
vt 0.21946032 0.24662489
vt 0.03685387 0.19442850
vt 0.87139404 0.07426178
vt 0.83035720 0.08341221
vt 0.51109670 0.59892064
vt 0.93075240 0.01754292
vt 0.28623423 0.27316162
vt 0.42143187 0.63650680
vt 0.92076260 0.02578770
vt 0.37046373 0.00445325
vt 0.09301888 0.78331995
vt 0.04690746 0.21777649
vt 0.84436440 0.05896342
vt 0.76460135 0.94236150
vt 0.82032010 0.10014515
vt 0.73558330 0.94826700
vt 0.07589463 0.76882940
vt 0.02694464 0.20236294
vt 0.86331177 0.09053767
vt 0.80638040 0.08692685
vt 0.02754208 0.20967205
vt 0.24719138 0.43195125
vt 0.83664405 0.10747144
vt 0.40244728 0.30213097
vt 0.41339794 0.30357790
vt 0.83850240 0.09394935
vt 0.15454277 0.19443886
vt 0.45901430 0.48837835
vt 0.81577540 0.08632872
vt 0.85058930 0.10040778
vt 0.02149720 0.20822420
vt 0.05472110 0.22072123
vt 0.85217000 0.10952718
vt 0.86797610 0.60065436
vt 0.01271593 0.20283872
vt 0.05249970 0.19472200
vt 0.85951590 0.05729807
vt 0.92968800 0.06015818
vt 0.04105290 0.12843314
vt 0.03959761 0.22406712
vt 0.05601576 0.13348776
vt 0.94296000 0.03116612
vt 0.81638930 0.12185767
vt 0.76492935 0.93184036
vt 0.03911168 0.21670398
vt 0.03411824 0.22233473
vt 0.03621436 0.12626237
vt 0.02115257 0.20461800
vt 0.86176074 0.10134458
vt 0.51626766 0.57992580
vt 0.02799801 0.13755181
vt 0.15758735 0.44802150
vt 0.03588559 0.14122039
vt 0.04191704 0.14028138
vt 0.02551176 0.12715563
vt 0.02491034 0.21846953
vt 0.85105306 0.08876750
vt 0.93916297 0.02472579
vt 0.93762773 0.00918211
vt 0.93574360 0.60576520
vt 0.89661150 0.01005916
vt 0.12419636 0.47955130
vt 0.82938140 0.12365829
vt 0.76998430 0.92107254
vt 0.04241557 0.20992947
vt 0.03426261 0.20878151
vt 0.92444520 0.01042937
vt 0.05380758 0.14688428
vt 0.94741786 0.01598549
vt 0.81561470 0.95656556
vt 0.35204986 0.40649630
vt 0.80254173 0.98571324
vt 0.80293673 0.95975980
vt 0.77427906 0.94275520
vt 0.80959930 0.93411330
vt 0.79682505 0.97779270
vt 0.34248966 0.40360588
vt 0.93577180 0.57142955
vt 0.92593384 0.00381034
vt 0.53670406 0.31830870
vt 0.91716770 0.00745362
vt 0.42978796 0.65537417
vt 0.91836000 0.01558637
vt 0.83398390 0.92722285
vt 0.90986730 0.01809153
vt 0.85149974 0.92405890
vt 0.34393954 0.41688234
vt 0.34147936 0.42127696
vt 0.81794600 0.94441915
vt 0.83019920 0.95836270
vt 0.82781130 0.93916190
vt 0.10744140 0.72848755
vt 0.39056057 0.50711890
vt 0.40295460 0.01402718
vt 0.47738770 0.53588945
vt 0.84383010 0.95612407
vt 0.36198062 0.40317616
vt 0.81429650 0.99352430
vt 0.81442690 0.97130480
vt 0.80467135 0.11800933
vt 0.75425684 0.92958480
vt 0.59865177 0.60333204
vt 0.40782340 0.00327048
vt 0.06424954 0.23358275
vt 0.10167438 0.74402416
vt 0.72941184 0.96489770
vt 0.05977414 0.20760724
vt 0.93723400 0.04849017
vt 0.85357960 0.96590970
vt 0.89494420 0.01608937
vt 0.88096744 0.01352974
vt 0.85961290 0.91701680
vt 0.03142198 0.14696449
vt 0.84598810 0.07992795
vt 0.05833750 0.92490620
vt 0.93091110 0.59243464
vt 0.90963000 0.00022705
vt 0.88825110 0.61103710
vt 0.79456790 0.91277250
vt 0.47276154 0.58163690
vt 0.01170745 0.21715122
vt 0.88200340 0.59950210
vt 0.00905445 0.12616311
vt 0.10219726 0.45307090
vt 0.86883260 0.93276080
vt 0.07580786 0.14833675
vt 0.01911890 0.55686590
vt 0.47256082 0.23001677
vt 0.14409113 0.48603627
vt 0.48196924 0.22006796
vt 0.68469340 0.48033455
vt 0.89797246 0.61161610
vt 0.73307900 0.47482207
vt 0.71775330 0.44769385
vt 0.70780610 0.48456010
vt 0.69656290 0.48719063
vt 0.29314202 0.49932790
vt 0.70457435 0.43826103
vt 0.15878029 0.67494990
vt 0.52719235 0.21129863
vt 0.31440097 0.46244395
vt 0.26749194 0.44729328
vt 0.27636015 0.45129130
vt 0.72118723 0.43745947
vt 0.31932542 0.47020358
vt 0.31601197 0.48641443
vt 0.24774796 0.49985355
vt 0.67357635 0.47841800
vt 0.24273218 0.51098790
vt 0.28929463 0.45058450
vt 0.77493066 0.97854560
vt 0.32738972 0.40893397
vt 0.12055992 0.68566060
vt 0.80795330 0.94412670
vt 0.51197810 0.20107420
vt 0.05506826 0.17893215
vt 0.82992810 0.97736675
vt 0.36419580 0.41747314
vt 0.14677525 0.69130230
vt 0.37331560 0.41499704
vt 0.01085252 0.93403580
vt 0.51995170 0.32387236
vt 0.01666404 0.95276725
vt 0.37094630 0.42437074
vt 0.30163810 0.45785078
vt 0.03284524 0.77895000
vt 0.48720595 0.24559371
vt 0.29595790 0.43783683
vt 0.78876170 0.96847630
vt 0.52326745 0.30769387
vt 0.02895450 0.93886673
vt 0.49851784 0.25340006
vt 0.04109047 0.76809850
vt 0.33550490 0.41896376
vt 0.35990113 0.45783094
vt 0.31826565 0.49836126
vt 0.71884580 0.41946706
vt 0.02929527 0.16521370
vt 0.03739082 0.76174630
vt 0.50632700 0.25155730
vt 0.91200580 0.61657770
vt 0.82607550 0.90913070
vt 0.72093460 0.46471430
vt 0.58608025 0.30980802
vt 0.02711379 0.56498760
vt 0.70886797 0.47210990
vt 0.75698360 0.45820045
vt 0.15517240 0.41460920
vt 0.14197694 0.43848673
vt 0.13531752 0.46433917
vt 0.13170268 0.47514755
vt 0.47608900 0.02237775
vt 0.12436784 0.45837235
vt 0.72848170 0.45279890
vt 0.78087056 0.52217203
vt 0.51856124 0.33780116
vt 0.79344920 0.55778540
vt 0.12771012 0.49210950
vt 0.30610487 0.49492670
vt 0.71011820 0.42587590
vt 0.52758870 0.34605676
vt 0.31965414 0.47776014
vt 0.74756074 0.46840003
vt 0.73402860 0.46132076
vt 0.74725970 0.43806973
vt 0.23154993 0.49211850
vt 0.78317165 0.53393510
vt 0.51384140 0.98792810
vt 0.77117985 0.49508166
vt 0.78556570 0.51235616
vt 0.04509625 0.52657580
vt 0.61618227 0.71834440
vt 0.45862958 0.83634174
vt 0.03890241 0.55359210
vt 0.13721621 0.45843735
vt 0.53206290 0.02777791
vt 0.75149430 0.54385710
vt 0.07630786 0.20377333
vt 0.04025550 0.59134370
vt 0.52398413 0.07027887
vt 0.14903374 0.47636497
vt 0.83340570 0.52729130
vt 0.11355680 0.48029333
vt 0.22658000 0.20945169
vt 0.43704337 0.86683637
vt 0.73403560 0.23866281
vt 0.05855808 0.13128597
vt 0.54200370 0.23355693
vt 0.09205694 0.49243706
vt 0.84146850 0.56546843
vt 0.13282011 0.43017775
vt 0.10636447 0.49430590
vt 0.82559800 0.56406090
vt 0.12968308 0.46404022
vt 0.67884580 0.23918477
vt 0.11018750 0.51827120
vt 0.07471199 0.19282657
vt 0.03306224 0.58406985
vt 0.60933600 0.68688387
vt 0.16835187 0.40942255
vt 0.54094833 0.37202680
vt 0.16165933 0.39702088
vt 0.03616875 0.56780005
vt 0.87452453 0.33883134
vt 0.13523254 0.45098764
vt 0.61037743 0.62219065
vt 0.90528727 0.25145210
vt 0.05717006 0.57874340
vt 0.06492878 0.42849106
vt 0.11617553 0.46132287
vt 0.06871871 0.75630560
vt 0.09048544 0.46540532
vt 0.10211112 0.47391802
vt 0.07747003 0.75505364
vt 0.60148305 0.80076605
vt 0.60837734 0.75375867
vt 0.58931947 0.79950590
vt 0.61028870 0.71305090
vt 0.45057416 0.77517486
vt 0.60823700 0.74181120
vt 0.59784720 0.82242440
vt 0.59219380 0.78201310
vt 0.16252350 0.14460635
vt 0.59880860 0.77891374
vt 0.04344468 0.16616929
vt 0.55417717 0.65096480
vt 0.88358290 0.41595400
vt 0.76496670 0.33526468
vt 0.18689954 0.12921111
vt 0.03673054 0.15918548
vt 0.51408565 0.24601647
vt 0.50795900 0.86289560
vt 0.48717758 0.86360170
vt 0.60646474 0.82882315
vt 0.52253570 0.87158020
vt 0.57700783 0.50491150
vt 0.52432390 0.88676894
vt 0.53643763 0.88097143
vt 0.05993863 0.20033450
vt 0.08152703 0.74552200
vt 0.46841198 0.21428624
vt 0.54469335 0.89161706
vt 0.06497774 0.18751208
vt 0.45644963 0.81863385
vt 0.87255750 0.39917105
vt 0.86765500 0.38072908
vt 0.31460798 0.10201256
vt 0.33766356 0.10635894
vt 0.88412770 0.38635600
vt 0.62051535 0.89688020
vt 0.32271513 0.08850734
vt 0.03133403 0.18027997
vt 0.05366245 0.76341355
vt 0.46515548 0.18362080
vt 0.47661972 0.19720088
vt 0.70218940 0.90628720
vt 0.49948958 0.24429351
vt 0.76145065 0.50260645
vt 0.74260330 0.45168690
vt 0.20907585 0.06060378
vt 0.07509721 0.32665210
vt 0.59883710 0.66878520
vt 0.05085791 0.56153140
vt 0.71096927 0.06576196
vt 0.04862685 0.17001158
vt 0.67308340 0.04768248
vt 0.61181600 0.70165950
vt 0.61709350 0.69044430
vt 0.67949134 0.03707616
vt 0.79853994 0.93995310
vt 0.24005096 0.20812416
vt 0.80644953 0.92302740
vt 0.89438486 0.62341833
vt 0.03586015 0.17234536
vt 0.04554215 0.75678970
vt 0.89663090 0.25326630
vt 0.21426392 0.75115640
vt 0.80225927 0.21978250
vt 0.07011297 0.18250558
vt 0.02630970 0.58294750
vt 0.19306000 0.73127410
vt 0.83802320 0.26376122
vt 0.82466640 0.24017002
vt 0.73557840 0.02107934
vt 0.29847795 0.11561414
vt 0.87926155 0.35813013
vt 0.72597665 0.08359160
vt 0.73357550 0.08558126
vt 0.44498575 0.18017119
vt 0.81123596 0.21350290
vt 0.18466046 0.75535430
vt 0.46081078 0.20580292
vt 0.45058283 0.20647287
vt 0.47793537 0.22412567
vt 0.89119434 0.27000335
vt 0.70329850 0.07819712
vt 0.60049940 0.79004455
vt 0.69688060 0.06657972
vt 0.47286853 0.85477763
vt 0.47051910 0.84186370
vt 0.48984528 0.23445864
vt 0.50440013 0.23037937
vt 0.49784010 0.82291900
vt 0.09010801 0.76943165
vt 0.52329680 0.22942406
vt 0.39843962 0.02226536
vt 0.34138548 0.36731538
vt 0.40673304 0.18099514
vt 0.88510930 0.22411706
vt 0.58884610 0.81775990
vt 0.44351850 0.21165074
vt 0.06533085 0.17157342
vt 0.04658931 0.43691440
vt 0.05162531 0.57570535
vt 0.55940604 0.48770478
vt 0.24788527 0.26052502
vt 0.46167234 0.19367191
vt 0.63057560 0.03090086
vt 0.53340950 0.86881405
vt 0.54677933 0.49732116
vt 0.06698365 0.19481358
vt 0.55954840 0.50515670
vt 0.21975183 0.76581913
vt 0.40514100 0.19269943
vt 0.89824784 0.22368559
vt 0.46096360 0.16044685
vt 0.83928853 0.20999472
vt 0.79368734 0.23305802
vt 0.42422748 0.16739696
vt 0.86976900 0.22297840
vt 0.42925310 0.18232939
vt 0.03493188 0.57678545
vt 0.91756910 0.51306130
vt 0.62455390 0.72015000
vt 0.03281625 0.45460580
vt 0.51322010 0.06764419
vt 0.15377192 0.79882400
vt 0.80420625 0.20513340
vt 0.54690295 0.08127872
vt 0.48095316 0.20638098
vt 0.48422190 0.17275226
vt 0.81750200 0.20284419
vt 0.19342280 0.79082050
vt 0.80188050 0.28646758
vt 0.22897445 0.79256326
vt 0.08941881 0.59342320
vt 0.66398180 0.28062780
vt 0.61589724 0.26448450
vt 0.14237832 0.58348910
vt 0.52231663 0.81833380
vt 0.12369769 0.60783990
vt 0.39298530 0.37883565
vt 0.26165083 0.27020705
vt 0.26981744 0.26134852
vt 0.19054943 0.77816200
vt 0.91653200 0.28221017
vt 0.20090392 0.73707600
vt 0.25242618 0.29029280
vt 0.15397440 0.79061640
vt 0.44431695 0.19917835
vt 0.72450140 0.06942775
vt 0.20470479 0.77608610
vt 0.16208707 0.75302560
vt 0.15115069 0.75498515
vt 0.60334950 0.05748833
vt 0.62010670 0.12063512
vt 0.61183120 0.11492937
vt 0.72449260 0.12032272
vt 0.03751484 0.16715749
vt 0.12558430 0.74131130
vt 0.72246844 0.13232426
vt 0.16024785 0.72512030
vt 0.74090920 0.10543678
vt 0.70969650 0.09226751
vt 0.69761574 0.09412572
vt 0.73850200 0.07295513
vt 0.60640820 0.03704900
vt 0.69209266 0.03405195
vt 0.45597324 0.20001490
vt 0.41935512 0.01336929
vt 0.08135153 0.23507898
vt 0.57724030 0.48350388
vt 0.68270355 0.09723775
vt 0.62576145 0.08233643
vt 0.59778553 0.06341254
vt 0.63280416 0.08750199
vt 0.63437164 0.07547291
vt 0.64611550 0.08985048
vt 0.68926114 0.22945420
vt 0.18768290 0.74931700
vt 0.65172935 0.11028096
vt 0.69516920 0.11040570
vt 0.49138847 0.20969936
vt 0.71196100 0.10883047
vt 0.18417240 0.76805675
vt 0.15306571 0.74806756
vt 0.70842010 0.12404592
vt 0.62036335 0.10852712
vt 0.61021900 0.10268061
vt 0.65871180 0.10289150
vt 0.16234499 0.73814005
vt 0.16009368 0.74588764
vt 0.43271527 0.19570175
vt 0.71881807 0.05139936
vt 0.09458604 0.44882825
vt 0.66053724 0.05234499
vt 0.66402245 0.03504645
vt 0.87205110 0.36348602
vt 0.29308793 0.12109633
vt 0.04462768 0.84414166
vt 0.26969665 0.86530036
vt 0.64716800 0.04235461
vt 0.10432392 0.84513610
vt 0.90080450 0.43663558
vt 0.58669330 0.07922080
vt 0.44217685 0.16827162
vt 0.85884714 0.21152021
vt 0.18759498 0.20664120
vt 0.25099507 0.85627020
vt 0.68664527 0.05389864
vt 0.30844500 0.15583476
vt 0.69410200 0.00020572
vt 0.84214100 0.33665717
vt 0.70329875 0.23010756
vt 0.13817602 0.76331170
vt 0.64710450 0.01332419
vt 0.14410909 0.42381185
vt 0.31759900 0.18992606
vt 0.65622604 0.00130153
vt 0.70300615 0.27832237
vt 0.57649640 0.63789860
vt 0.64510070 0.06754699
vt 0.23077299 0.84772706
vt 0.64913080 0.05788789
vt 0.84104866 0.23244676
vt 0.62321190 0.06515053
vt 0.65656220 0.01811148
vt 0.03435816 0.54117596
vt 0.61521125 0.06732296
vt 0.28110984 0.12350503
vt 0.22589323 0.28038670
vt 0.16309041 0.16224141
vt 0.16449042 0.15469183
vt 0.63934666 0.03404915
vt 0.61396170 0.05995449
vt 0.63207120 0.04142663
vt 0.62122184 0.05366636
vt 0.64648473 0.02769438
vt 0.73904604 0.12379295
vt 0.14466073 0.73725020
vt 0.11272449 0.62491090
vt 0.67151475 0.11061975
vt 0.59682150 0.47286418
vt 0.07758188 0.18443887
vt 0.25752068 0.88623650
vt 0.01566280 0.13382444
vt 0.89010674 0.59426725
vt 0.43201908 0.19843164
vt 0.24276847 0.79170823
vt 0.26612850 0.13104280
vt 0.82797390 0.30448174
vt 0.61690770 0.03889552
vt 0.63593423 0.05831760
vt 0.15513690 0.61401045
vt 0.42433470 0.19690710
vt 0.23304017 0.78612626
vt 0.60716087 0.04167886
vt 0.60681385 0.36824800
vt 0.58793290 0.35171255
vt 0.03367174 0.43836167
vt 0.60994416 0.31624240
vt 0.60582745 0.06448598
vt 0.59793500 0.31700572
vt 0.53210450 0.28366375
vt 0.59164270 0.32733104
vt 0.41305307 0.19530427
vt 0.22350949 0.77784040
vt 0.70453227 0.03397420
vt 0.49353534 0.30800940
vt 0.50551080 0.31123720
vt 0.18489352 0.62749770
vt 0.55709970 0.27009246
vt 0.61233550 0.29351306
vt 0.59979590 0.29909724
vt 0.62029160 0.07498987
vt 0.60383030 0.27935666
vt 0.21447459 0.77758760
vt 0.51542866 0.28722740
vt 0.18888342 0.67310256
vt 0.51938343 0.25367308
vt 0.54319500 0.35430437
vt 0.14927955 0.78967070
vt 0.79998640 0.27044213
vt 0.81714225 0.28665444
vt 0.14220549 0.63254220
vt 0.03956029 0.42620033
vt 0.59313405 0.09650427
vt 0.12641148 0.64713540
vt 0.58687610 0.07186277
vt 0.03324547 0.21581194
vt 0.71394473 0.13615075
vt 0.59301090 0.06905744
vt 0.60409810 0.15790972
vt 0.65201230 0.07970614
vt 0.92057230 0.22808821
vt 0.00293820 0.45806330
vt 0.91161895 0.25031242
vt 0.65643710 0.06848317
vt 0.90659630 0.24690181
vt 0.60436887 0.14558546
vt 0.66451204 0.07652813
vt 0.02238897 0.15488380
vt 0.90540730 0.58198780
vt 0.03897714 0.15494058
vt 0.91229680 0.57023096
vt 0.94004890 0.00139503
vt 0.73213600 0.35814643
vt 0.12862246 0.11545009
vt 0.55175600 0.39124072
vt 0.53381750 0.40403557
vt 0.53404593 0.38237310
vt 0.62074290 0.37966420
vt 0.63064694 0.37030587
vt 0.33865356 0.00270136
vt 0.07194261 0.80550170
vt 0.65099100 0.38317832
vt 0.70797110 0.34533834
vt 0.68381375 0.07769021
vt 0.67109144 0.06464140
vt 0.56287200 0.35489103
vt 0.15836270 0.86939514
vt 0.60117750 0.40858388
vt 0.64049330 0.09970899
vt 0.62673010 0.34940594
vt 0.72335200 0.10787983
vt 0.17618880 0.80305785
vt 0.59505725 0.38635403
vt 0.58140653 0.39362875
vt 0.19090146 0.73939410
vt 0.63657284 0.39344832
vt 0.20398903 0.78384310
vt 0.05895336 0.42020816
vt 0.06003987 0.58559287
vt 0.68734175 0.11524660
vt 0.57016680 0.33581310
vt 0.61276704 0.40431118
vt 0.60052735 0.13108748
vt 0.62467355 0.40069717
vt 0.73175055 0.11218078
vt 0.69386506 0.12401687
vt 0.59495735 0.08833404
vt 0.09131103 0.17058189
vt 0.10814363 0.14769475
vt 0.61207885 0.38701388
vt 0.67988340 0.11772016
vt 0.58525010 0.45028514
vt 0.56659790 0.44091895
vt 0.61029434 0.07041731
vt 0.10361343 0.20825142
vt 0.09206193 0.19277893
vt 0.17557843 0.20091908
vt 0.13397747 0.19707967
vt 0.24162652 0.24009377
vt 0.13834618 0.80834794
vt 0.20234293 0.22126270
vt 0.10491267 0.17878270
vt 0.42552200 0.32385245
vt 0.72818530 0.09741625
vt 0.12093163 0.25360600
vt 0.63656294 0.41800255
vt 0.40270874 0.28008646
vt 0.46122286 0.46763140
vt 0.66693270 0.00971107
vt 0.60988550 0.42354026
vt 0.60732330 0.09326453
vt 0.12479390 0.99026660
vt 0.08281172 0.21394768
vt 0.66060716 0.16076018
vt 0.66439164 0.14535284
vt 0.26818392 0.28401682
vt 0.23780365 0.28458926
vt 0.38883412 0.36521703
vt 0.59732650 0.07704540
vt 0.23034708 0.27241337
vt 0.41632903 0.33137286
vt 0.21717237 0.27983980
vt 0.22430867 0.28923267
vt 0.22564264 0.23888132
vt 0.20869490 0.23735183
vt 0.28918666 0.28971258
vt 0.54663300 0.10960783
vt 0.15112644 0.24153703
vt 0.68208400 0.10951316
vt 0.56973890 0.08363644
vt 0.57808280 0.07636455
vt 0.21921046 0.21756285
vt 0.19068387 0.22826637
vt 0.31799072 0.02815480
vt 0.39441416 0.42948982
vt 0.28769860 0.90244420
vt 0.20168886 0.20549770
vt 0.21324298 0.20000851
vt 0.18970004 0.24129500
vt 0.10502715 0.23875570
vt 0.27883583 0.27468157
vt 0.51530850 0.29771534
vt 0.73044527 0.34204030
vt 0.14545415 0.11310509
vt 0.37141484 0.33241013
vt 0.52171457 0.47045964
vt 0.18942788 0.25618485
vt 0.59373690 0.11578630
vt 0.20126550 0.31173357
vt 0.15247546 0.99766670
vt 0.56437880 0.47002530
vt 0.16813861 0.26337190
vt 0.63571550 0.44285160
vt 0.10010788 0.12257455
vt 0.61739707 0.45457740
vt 0.08012445 0.14796760
vt 0.56161850 0.30749944
vt 0.59468013 0.42669854
vt 0.58288210 0.41604350
vt 0.44003817 0.20337787
vt 0.52873440 0.33344296
vt 0.12101716 0.97612095
vt 0.08817492 0.23141220
vt 0.11223929 0.96122926
vt 0.09796315 0.25454090
vt 0.12476814 0.25866532
vt 0.14038554 0.88317420
vt 0.58755600 0.40539960
vt 0.52618800 0.36349002
vt 0.39706624 0.41209920
vt 0.52068204 0.40333590
vt 0.43084285 0.21128838
vt 0.24593377 0.81347996
vt 0.55372070 0.37086183
vt 0.84685630 0.33391010
vt 0.63831276 0.11167378
vt 0.62074250 0.09112888
vt 0.57711380 0.42745516
vt 0.49169037 0.36165074
vt 0.48657465 0.32357866
vt 0.48335215 0.29568034
vt 0.47217026 0.28104806
vt 0.61492836 0.09759533
vt 0.55328780 0.33603573
vt 0.44585574 0.21732262
vt 0.12065341 0.12998156
vt 0.46705988 0.20173180
vt 0.44678190 0.25726625
vt 0.39772123 0.46763160
vt 0.14249827 0.73463060
vt 0.03031208 0.82073810
vt 0.45517015 0.24803084
vt 0.43838698 0.48921540
vt 0.17278263 0.64556450
vt 0.54439200 0.25262123
vt 0.47819320 0.21439719
vt 0.35855436 0.35596764
vt 0.60091233 0.10653569
vt 0.20682013 0.76210280
vt 0.13233390 0.70114380
vt 0.59702116 0.14996988
vt 0.59743320 0.16267343
vt 0.22085677 0.32295060
vt 0.21233803 0.31037998
vt 0.53297347 0.45925970
vt 0.18564656 0.99051200
vt 0.50775516 0.17960003
vt 0.79400280 0.18590134
vt 0.09564036 0.22417964
vt 0.43653810 0.20914702
vt 0.43219137 0.20279653
vt 0.24172477 0.80123645
vt 0.19110289 0.27162242
vt 0.43845078 0.21400763
vt 0.46453810 0.22203544
vt 0.64495075 0.12778570
vt 0.63205254 0.12386240
vt 0.71811455 0.22687048
vt 0.36277900 0.37825412
vt 0.82627416 0.27647695
vt 0.24803147 0.27513173
vt 0.45287332 0.21688262
vt 0.16261497 0.76150980
vt 0.03121814 0.78920020
vt 0.47825977 0.24515188
vt 0.58824015 0.32337677
vt 0.57220054 0.40483007
vt 0.58161760 0.07052183
vt 0.57058030 0.06925667
vt 0.60405654 0.08494244
vt 0.50280370 0.28886312
vt 0.60987246 0.07795144
vt 0.47173572 0.20743375
vt 0.73409410 0.06057450
vt 0.60856646 0.04836686
vt 0.82656986 0.31407124
vt 0.45387045 0.40253434
vt 0.81437170 0.30136818
vt 0.12685284 0.21995707
vt 0.62340580 0.42353030
vt 0.12117286 0.17207314
vt 0.21098337 0.27224100
vt 0.22053407 0.27342072
vt 0.13865994 0.97484170
vt 0.57558230 0.09638908
vt 0.60163400 0.09823620
vt 0.14313950 0.25255993
vt 0.60569507 0.16664927
vt 0.10460427 0.83825976
vt 0.47643802 0.36797510
vt 0.24164814 0.82545024
vt 0.46154547 0.37747180
vt 0.18709701 0.32558360
vt 0.45956500 0.21270661
vt 0.17911763 0.32068267
vt 0.22050886 0.81610650
vt 0.23143505 0.80614410
vt 0.21385978 0.79594135
vt 0.51408786 0.34837210
vt 0.16334122 0.77308637
vt 0.19272979 0.85128623
vt 0.19296654 0.90632737
vt 0.03988761 0.80832050
vt 0.18998934 0.91948550
vt 0.19937669 0.80607253
vt 0.82376880 0.22135320
vt 0.34912610 0.35965723
vt 0.82222897 0.21309040
vt 0.19970816 0.76855993
vt 0.21221553 0.77167560
vt 0.59982260 0.04310231
vt 0.59575486 0.05135843
vt 0.43494883 0.23286474
vt 0.25807983 0.83953400
vt 0.69159160 0.01770173
vt 0.20493025 0.81795275
vt 0.23077480 0.83308810
vt 0.46947760 0.53488576
vt 0.24164850 0.84102964
vt 0.02788666 0.46406272
vt 0.57329840 0.28543714
vt 0.19731323 0.82810910
vt 0.03052872 0.83610225
vt 0.44201234 0.24696194
vt 0.27136987 0.85102916
vt 0.45325235 0.50167140
vt 0.09855115 0.78274745
vt 0.69210430 0.16820142
vt 0.40546718 0.38848800
vt 0.09884229 0.75840690
vt 0.39313796 0.00419369
vt 0.12911217 0.15119960
vt 0.20242590 0.83874464
vt 0.12250754 0.88070660
vt 0.43826944 0.32658650
vt 0.83285046 0.28901142
vt 0.61588140 0.14734894
vt 0.61208930 0.13868990
vt 0.11594414 0.86345520
vt 0.49462512 0.44686097
vt 0.21561448 0.97251830
vt 0.51987900 0.38188794
vt 0.46265444 0.35834166
vt 0.48139083 0.41102552
vt 0.50568140 0.39504737
vt 0.48059040 0.43357378
vt 0.14495064 0.71961450
vt 0.46363810 0.26592037
vt 0.43285418 0.34143314
vt 0.19066913 0.83405966
vt 0.55826485 0.41765800
vt 0.49715912 0.34538120
vt 0.20362031 0.87631655
vt 0.22946228 0.30337965
vt 0.24116373 0.29664323
vt 0.17784843 0.89383495
vt 0.14008322 0.83771350
vt 0.16609041 0.85553240
vt 0.50649550 0.36193824
vt 0.57231253 0.56843520
vt 0.17322470 0.87910540
vt 0.14971638 0.85620123
vt 0.10035066 0.82941910
vt 0.44912142 0.22379316
vt 0.19369590 0.89007324
vt 0.18287165 0.86877394
vt 0.13943310 0.71014490
vt 0.58754020 0.10329138
vt 0.16911854 0.86828196
vt 0.12461225 0.84146340
vt 0.13780162 0.84916866
vt 0.14498803 0.15009590
vt 0.20952983 0.92379236
vt 0.21387120 0.31735706
vt 0.22644990 0.31471520
vt 0.58445275 0.16504307
vt 0.20963086 0.32620755
vt 0.60337484 0.17174606
vt 0.17626186 0.27920923
vt 0.15291104 0.84355015
vt 0.14113605 0.86241126
vt 0.17447813 0.91390496
vt 0.11054290 0.22940567
vt 0.18010980 0.90591570
vt 0.22368920 0.87510365
vt 0.15445492 0.89305570
vt 0.16147860 0.89240557
vt 0.17226455 0.24778695
vt 0.49097150 0.37944007
vt 0.50213975 0.37404758
vt 0.59868380 0.15488726
vt 0.04748934 0.83176970
vt 0.17077400 0.83725524
vt 0.16341235 0.88660110
vt 0.47785762 0.34608890
vt 0.50061214 0.20473993
vt 0.43973866 0.38964218
vt 0.16243288 0.22411050
vt 0.56101210 0.52078310
vt 0.46632730 0.41891256
vt 0.41750953 0.31597018
vt 0.62252520 0.17755060
vt 0.06843594 0.16234592
vt 0.01545569 0.56960285
vt 0.13199224 0.87059640
vt 0.16749690 0.89991030
vt 0.57044680 0.25521713
vt 0.18114394 0.60343050
vt 0.51748455 0.42304903
vt 0.49087527 0.39621812
vt 0.45557857 0.42251655
vt 0.20807332 0.31811184
vt 0.47964680 0.23665766
vt 0.20405032 0.26306250
vt 0.54671717 0.43261570
vt 0.44695804 0.35859784
vt 0.20101950 0.93290824
vt 0.20366263 0.85279185
vt 0.49785554 0.41052732
vt 0.22514129 0.91206825
vt 0.57810270 0.47928926
vt 0.08090755 0.19884320
vt 0.13677450 0.99989450
vt 0.17011933 0.69089633
vt 0.49560478 0.25683138
vt 0.05962933 0.77457520
vt 0.62381460 0.13289046
vt 0.47754806 0.38746318
vt 0.12415117 0.74637806
vt 0.72121950 0.14089319
vt 0.11650688 0.75245400
vt 0.71495580 0.14723220
vt 0.13555093 0.74944896
vt 0.58263720 0.08839753
vt 0.23732926 0.87012815
vt 0.41677552 0.36877498
vt 0.18314780 0.85125210
vt 0.60204095 0.06953661
vt 0.20021728 0.92742810
vt 0.40964210 0.31704010
vt 0.16876762 0.92449590
vt 0.45913710 0.44838613
vt 0.22683537 0.93523800
vt 0.15514109 0.82767445
vt 0.46486947 0.32557577
vt 0.12505628 0.85486615
vt 0.12735334 0.80924505
vt 0.13397800 0.79850626
vt 0.11734714 0.19566790
vt 0.13157351 0.81681925
vt 0.68055990 0.14567626
vt 0.70238190 0.05112451
vt 0.37881243 0.37896330
vt 0.51018690 0.44317612
vt 0.24794747 0.87682164
vt 0.26013288 0.87416520
vt 0.13324192 0.82744515
vt 0.11327846 0.83412650
vt 0.40507698 0.32683575
vt 0.29487490 0.25049070
vt 0.58395034 0.05487724
vt 0.22951485 0.23013392
vt 0.59545410 0.14043881
vt 0.58759310 0.12813482
vt 0.63861400 0.01998386
vt 0.17431895 0.81982390
vt 0.39186466 0.29242453
vt 0.47532648 0.48057088
vt 0.04578683 0.78117080
vt 0.18350908 0.83841825
vt 0.04957062 0.79189640
vt 0.05136015 0.58709000
vt 0.14872484 0.87778340
vt 0.21501495 0.84561880
vt 0.18963704 0.81642440
vt 0.18409188 0.82850260
vt 0.47239313 0.23827022
vt 0.14839520 0.32177850
vt 0.08746274 0.87016284
vt 0.71801686 0.09969454
vt 0.17864344 0.33398864
vt 0.62405980 0.19471319
vt 0.20687951 0.90652186
vt 0.03872651 0.82275933
vt 0.67211527 0.10233364
vt 0.16010511 0.78673047
vt 0.19139183 0.84372730
vt 0.05556939 0.18841274
vt 0.06820178 0.74506897
vt 0.21654886 0.78451500
vt 0.02364161 0.80956840
vt 0.46358517 0.23918547
vt 0.19015618 0.31738620
vt 0.45815900 0.22717836
vt 0.44970423 0.23251185
vt 0.17676970 0.78680470
vt 0.44413164 0.19239755
vt 0.70285510 0.13527200
vt 0.79974765 0.25350782
vt 0.58786720 0.14403050
vt 0.17837633 0.73917450
vt 0.19454423 0.77290860
vt 0.17480172 0.74946410
vt 0.19135164 0.75968560
vt 0.43979886 0.22130042
vt 0.25961927 0.82112350
vt 0.69773847 0.14672394
vt 0.17810270 0.75919940
vt 0.66534610 0.09051872
f 1858/1858/1858 636/636/636 640/640/640
f 2251/2251/2251 1858/1858/1858 2255/2255/2255
f 1858/1858/1858 640/640/640 660/660/660
f 636/636/636 1858/1858/1858 2251/2251/2251
f 600/600/600 617/617/617 1418/1418/1418
f 600/600/600 613/613/613 841/841/841
f 222/222/222 652/652/652 607/607/607
f 1418/1418/1418 1926/1926/1926 613/613/613
f 607/607/607 644/644/644 1418/1418/1418
f 644/644/644 607/607/607 652/652/652
f 1418/1418/1418 617/617/617 607/607/607
f 222/222/222 607/607/607 54/54/54
f 54/54/54 607/607/607 617/617/617
f 613/613/613 600/600/600 1418/1418/1418
f 1926/1926/1926 1418/1418/1418 644/644/644
f 2207/2207/2207 2919/2919/2919 2102/2102/2102
f 2102/2102/2102 2171/2171/2171 2207/2207/2207
f 2845/2845/2845 1843/1843/1843 2171/2171/2171
f 2171/2171/2171 1843/1843/1843 2207/2207/2207
f 2845/2845/2845 1837/1837/1837 1843/1843/1843
f 2113/2113/2113 2207/2207/2207 1843/1843/1843
f 2171/2171/2171 2102/2102/2102 2221/2221/2221
f 1837/1837/1837 2111/2111/2111 2113/2113/2113
f 1837/1837/1837 2113/2113/2113 1843/1843/1843
f 1935/1935/1935 1837/1837/1837 2272/2272/2272
f 1837/1837/1837 2845/2845/2845 2272/2272/2272
f 3076/3076/3076 2384/2384/2384 2375/2375/2375
f 1935/1935/1935 1965/1965/1965 2111/2111/2111
f 1935/1935/1935 2278/2278/2278 1965/1965/1965
f 1935/1935/1935 2272/2272/2272 2291/2291/2291
f 2278/2278/2278 2375/2375/2375 2627/2627/2627
f 3076/3076/3076 2375/2375/2375 2278/2278/2278
f 2701/2701/2701 2000/2000/2000 2375/2375/2375
f 2278/2278/2278 1935/1935/1935 2291/2291/2291
f 2075/2075/2075 2278/2278/2278 2627/2627/2627
f 2627/2627/2627 2375/2375/2375 2000/2000/2000
f 2278/2278/2278 2075/2075/2075 1965/1965/1965
f 2701/2701/2701 2375/2375/2375 2384/2384/2384
f 1837/1837/1837 1935/1935/1935 2111/2111/2111
f 629/629/629 625/625/625 623/623/623
f 631/631/631 907/907/907 858/858/858
f 658/658/658 641/641/641 858/858/858
f 650/650/650 632/632/632 648/648/648
f 907/907/907 650/650/650 623/623/623
f 1381/1381/1381 650/650/650 648/648/648
f 1896/1896/1896 635/635/635 632/632/632
f 1381/1381/1381 629/629/629 650/650/650
f 631/631/631 638/638/638 842/842/842
f 947/947/947 1478/1478/1478 632/632/632
f 907/907/907 1927/1927/1927 1896/1896/1896
f 650/650/650 629/629/629 623/623/623
f 632/632/632 650/650/650 1896/1896/1896
f 614/614/614 631/631/631 842/842/842
f 907/907/907 1896/1896/1896 650/650/650
f 907/907/907 658/658/658 858/858/858
f 632/632/632 635/635/635 947/947/947
f 641/641/641 638/638/638 631/631/631
f 858/858/858 641/641/641 631/631/631
f 658/658/658 907/907/907 623/623/623
f 1896/1896/1896 645/645/645 635/635/635
f 614/614/614 1927/1927/1927 631/631/631
f 658/658/658 623/623/623 625/625/625
f 1927/1927/1927 907/907/907 631/631/631
f 645/645/645 1896/1896/1896 1927/1927/1927
f 1158/1158/1158 1170/1170/1170 1150/1150/1150
f 1150/1150/1150 1793/1793/1793 357/357/357
f 367/367/367 368/368/368 361/361/361
f 362/362/362 368/368/368 369/369/369
f 1793/1793/1793 1688/1688/1688 357/357/357
f 357/357/357 369/369/369 1150/1150/1150
f 361/361/361 366/366/366 363/363/363
f 2735/2735/2735 1150/1150/1150 1170/1170/1170
f 361/361/361 369/369/369 357/357/357
f 1688/1688/1688 366/366/366 361/361/361
f 2735/2735/2735 1424/1424/1424 358/358/358
f 368/368/368 362/362/362 361/361/361
f 363/363/363 367/367/367 361/361/361
f 363/363/363 1755/1755/1755 367/367/367
f 366/366/366 1755/1755/1755 363/363/363
f 1170/1170/1170 1424/1424/1424 2735/2735/2735
f 369/369/369 361/361/361 362/362/362
f 1325/1325/1325 880/880/880 1321/1321/1321
f 1436/1436/1436 368/368/368 367/367/367
f 367/367/367 1325/1325/1325 1321/1321/1321
f 357/357/357 1688/1688/1688 361/361/361
f 367/367/367 1321/1321/1321 1436/1436/1436
f 367/367/367 1755/1755/1755 1325/1325/1325
f 358/358/358 1793/1793/1793 2735/2735/2735
f 1150/1150/1150 369/369/369 1158/1158/1158
f 1793/1793/1793 1150/1150/1150 2735/2735/2735
f 1436/1436/1436 369/369/369 368/368/368
f 1264/1264/1264 1358/1358/1358 2349/2349/2349
f 2777/2777/2777 2332/2332/2332 1691/1691/1691
f 1355/1355/1355 1356/1356/1356 1358/1358/1358
f 2335/2335/2335 1358/1358/1358 1546/1546/1546
f 1546/1546/1546 1264/1264/1264 2835/2835/2835
f 2320/2320/2320 1356/1356/1356 1647/1647/1647
f 2394/2394/2394 1546/1546/1546 2835/2835/2835
f 2394/2394/2394 2835/2835/2835 2833/2833/2833
f 4/4/4 2322/2322/2322 1356/1356/1356
f 2394/2394/2394 1691/1691/1691 2332/2332/2332
f 1546/1546/1546 2334/2334/2334 2335/2335/2335
f 2332/2332/2332 2334/2334/2334 2394/2394/2394
f 2334/2334/2334 2332/2332/2332 1647/1647/1647
f 2404/2404/2404 2336/2336/2336 2777/2777/2777
f 2334/2334/2334 1546/1546/1546 2394/2394/2394
f 2335/2335/2335 2334/2334/2334 1647/1647/1647
f 1647/1647/1647 2332/2332/2332 2336/2336/2336
f 2335/2335/2335 1647/1647/1647 1355/1355/1355
f 2336/2336/2336 2332/2332/2332 2777/2777/2777
f 1684/1684/1684 1358/1358/1358 1356/1356/1356
f 1355/1355/1355 1647/1647/1647 1356/1356/1356
f 2335/2335/2335 1355/1355/1355 1358/1358/1358
f 1358/1358/1358 1684/1684/1684 2349/2349/2349
f 1647/1647/1647 2336/2336/2336 2328/2328/2328
f 1546/1546/1546 1358/1358/1358 1264/1264/1264
f 2328/2328/2328 2320/2320/2320 1647/1647/1647
f 1684/1684/1684 1356/1356/1356 2322/2322/2322
f 2394/2394/2394 2833/2833/2833 1691/1691/1691
f 1714/1714/1714 2826/2826/2826 1763/1763/1763
f 1764/1764/1764 1768/1768/1768 1767/1767/1767
f 2828/2828/2828 2830/2830/2830 1683/1683/1683
f 2826/2826/2826 1714/1714/1714 1702/1702/1702
f 1763/1763/1763 1712/1712/1712 1714/1714/1714
f 359/359/359 1764/1764/1764 1692/1692/1692
f 1706/1706/1706 1702/1702/1702 1714/1714/1714
f 1763/1763/1763 1689/1689/1689 1692/1692/1692
f 1683/1683/1683 1712/1712/1712 1763/1763/1763
f 1763/1763/1763 2826/2826/2826 1689/1689/1689
f 2830/2830/2830 1717/1717/1717 1683/1683/1683
f 2528/2528/2528 1717/1717/1717 2830/2830/2830
f 1768/1768/1768 1764/1764/1764 359/359/359
f 1702/1702/1702 1706/1706/1706 1742/1742/1742
f 1742/1742/1742 1706/1706/1706 1851/1851/1851
f 1738/1738/1738 1767/1767/1767 1745/1745/1745
f 2528/2528/2528 2830/2830/2830 2828/2828/2828
f 2828/2828/2828 1680/1680/1680 2528/2528/2528
f 1680/1680/1680 2828/2828/2828 1738/1738/1738
f 1763/1763/1763 2828/2828/2828 1683/1683/1683
f 1794/1794/1794 359/359/359 1692/1692/1692
f 1712/1712/1712 1683/1683/1683 1851/1851/1851
f 1794/1794/1794 1692/1692/1692 1689/1689/1689
f 1764/1764/1764 1767/1767/1767 1738/1738/1738
f 1738/1738/1738 1745/1745/1745 1680/1680/1680
f 1851/1851/1851 1683/1683/1683 1717/1717/1717
f 1764/1764/1764 1738/1738/1738 1692/1692/1692
f 2828/2828/2828 1692/1692/1692 1738/1738/1738
f 1712/1712/1712 1851/1851/1851 1706/1706/1706
f 1712/1712/1712 1706/1706/1706 1714/1714/1714
f 1692/1692/1692 2828/2828/2828 1763/1763/1763
f 1689/1689/1689 2826/2826/2826 364/364/364
f 2413/2413/2413 2594/2594/2594 2399/2399/2399
f 1471/1471/1471 1679/1679/1679 1586/1586/1586
f 1517/1517/1517 1519/1519/1519 1521/1521/1521
f 134/134/134 1489/1489/1489 1534/1534/1534
f 2413/2413/2413 1470/1470/1470 1672/1672/1672
f 2399/2399/2399 1575/1575/1575 2413/2413/2413
f 1471/1471/1471 2413/2413/2413 1575/1575/1575
f 2462/2462/2462 1672/1672/1672 1470/1470/1470
f 1489/1489/1489 2462/2462/2462 1534/1534/1534
f 2403/2403/2403 1521/1521/1521 1519/1519/1519
f 2341/2341/2341 134/134/134 1534/1534/1534
f 1471/1471/1471 1470/1470/1470 2413/2413/2413
f 2462/2462/2462 1586/1586/1586 1534/1534/1534
f 2778/2778/2778 1575/1575/1575 2399/2399/2399
f 1534/1534/1534 2397/2397/2397 2341/2341/2341
f 2462/2462/2462 1470/1470/1470 1586/1586/1586
f 2413/2413/2413 1672/1672/1672 2594/2594/2594
f 1534/1534/1534 1586/1586/1586 2397/2397/2397
f 1282/1282/1282 1586/1586/1586 1679/1679/1679
f 1575/1575/1575 1690/1690/1690 1576/1576/1576
f 2834/2834/2834 1679/1679/1679 1576/1576/1576
f 2403/2403/2403 2778/2778/2778 2399/2399/2399
f 1586/1586/1586 1470/1470/1470 1471/1471/1471
f 1282/1282/1282 2397/2397/2397 1586/1586/1586
f 1282/1282/1282 1679/1679/1679 2834/2834/2834
f 1282/1282/1282 2359/2359/2359 2397/2397/2397
f 1575/1575/1575 1576/1576/1576 1679/1679/1679
f 1521/1521/1521 2403/2403/2403 2399/2399/2399
f 1517/1517/1517 2315/2315/2315 1519/1519/1519
f 2778/2778/2778 1690/1690/1690 1575/1575/1575
f 1282/1282/1282 2834/2834/2834 2359/2359/2359
f 1575/1575/1575 1679/1679/1679 1471/1471/1471
f 2836/2836/2836 2359/2359/2359 2834/2834/2834
f 1690/1690/1690 2834/2834/2834 1576/1576/1576
f 766/766/766 796/796/796 791/791/791
f 2173/2173/2173 2197/2197/2197 780/780/780
f 2215/2215/2215 2197/2197/2197 2199/2199/2199
f 791/791/791 796/796/796 793/793/793
f 551/551/551 1437/1437/1437 2173/2173/2173
f 704/704/704 791/791/791 793/793/793
f 793/793/793 796/796/796 768/768/768
f 554/554/554 1437/1437/1437 551/551/551
f 554/554/554 483/483/483 1437/1437/1437
f 2188/2188/2188 2213/2213/2213 2199/2199/2199
f 2213/2213/2213 2188/2188/2188 2192/2192/2192
f 1437/1437/1437 686/686/686 2173/2173/2173
f 2213/2213/2213 2192/2192/2192 789/789/789
f 2199/2199/2199 33/33/33 541/541/541
f 483/483/483 35/35/35 1437/1437/1437
f 686/686/686 1437/1437/1437 38/38/38
f 686/686/686 33/33/33 2197/2197/2197
f 38/38/38 33/33/33 686/686/686
f 2213/2213/2213 789/789/789 1498/1498/1498
f 686/686/686 2197/2197/2197 2173/2173/2173
f 780/780/780 551/551/551 2173/2173/2173
f 795/795/795 2201/2201/2201 2215/2215/2215
f 1498/1498/1498 795/795/795 2214/2214/2214
f 38/38/38 1437/1437/1437 35/35/35
f 768/768/768 795/795/795 811/811/811
f 2197/2197/2197 33/33/33 2199/2199/2199
f 2201/2201/2201 796/796/796 766/766/766
f 2213/2213/2213 2214/2214/2214 2199/2199/2199
f 1498/1498/1498 811/811/811 795/795/795
f 1498/1498/1498 2214/2214/2214 2213/2213/2213
f 2201/2201/2201 795/795/795 796/796/796
f 795/795/795 2215/2215/2215 2214/2214/2214
f 795/795/795 768/768/768 796/796/796
f 2199/2199/2199 541/541/541 2188/2188/2188
f 2199/2199/2199 2214/2214/2214 2215/2215/2215
f 2337/2337/2337 2302/2302/2302 2821/2821/2821
f 1663/1663/1663 2821/2821/2821 2326/2326/2326
f 2299/2299/2299 2347/2347/2347 2302/2302/2302
f 2283/2283/2283 1/1/1 2346/2346/2346
f 2821/2821/2821 2347/2347/2347 2326/2326/2326
f 1/1/1 2388/2388/2388 2313/2313/2313
f 2293/2293/2293 1/1/1 2313/2313/2313
f 2347/2347/2347 2821/2821/2821 2302/2302/2302
f 2327/2327/2327 2337/2337/2337 2821/2821/2821
f 2329/2329/2329 2302/2302/2302 2312/2312/2312
f 1663/1663/1663 2327/2327/2327 2821/2821/2821
f 1/1/1 2283/2283/2283 2317/2317/2317
f 2327/2327/2327 1663/1663/1663 2321/2321/2321
f 2317/2317/2317 2388/2388/2388 1/1/1
f 2313/2313/2313 2388/2388/2388 2/2/2
f 2293/2293/2293 2346/2346/2346 1/1/1
f 2347/2347/2347 2283/2283/2283 2346/2346/2346
f 2293/2293/2293 2313/2313/2313 1862/1862/1862
f 2326/2326/2326 2347/2347/2347 2346/2346/2346
f 2326/2326/2326 1664/1664/1664 1663/1663/1663
f 1862/1862/1862 2313/2313/2313 1357/1357/1357
f 2283/2283/2283 2347/2347/2347 2299/2299/2299
f 2312/2312/2312 2316/2316/2316 2329/2329/2329
f 2346/2346/2346 2293/2293/2293 2326/2326/2326
f 1663/1663/1663 1664/1664/1664 2321/2321/2321
f 2326/2326/2326 2293/2293/2293 1664/1664/1664
f 2316/2316/2316 2312/2312/2312 1520/1520/1520
f 1862/1862/1862 1664/1664/1664 2293/2293/2293
f 1357/1357/1357 1664/1664/1664 1862/1862/1862
f 5/5/5 1357/1357/1357 2313/2313/2313
f 2313/2313/2313 2/2/2 5/5/5
f 1520/1520/1520 2337/2337/2337 2402/2402/2402
f 2337/2337/2337 1520/1520/1520 2312/2312/2312
f 2299/2299/2299 2302/2302/2302 2329/2329/2329
f 1357/1357/1357 2321/2321/2321 1664/1664/1664
f 2302/2302/2302 2337/2337/2337 2312/2312/2312
f 1399/1399/1399 2508/2508/2508 1353/1353/1353
f 2595/2595/2595 2690/2690/2690 2586/2586/2586
f 2546/2546/2546 2586/2586/2586 2690/2690/2690
f 2437/2437/2437 2633/2633/2633 2600/2600/2600
f 2518/2518/2518 2499/2499/2499 2642/2642/2642
f 1938/1938/1938 1987/1987/1987 2385/2385/2385
f 2551/2551/2551 2690/2690/2690 2459/2459/2459
f 1938/1938/1938 1855/1855/1855 1987/1987/1987
f 742/742/742 2586/2586/2586 2546/2546/2546
f 2564/2564/2564 3233/3233/3233 2437/2437/2437
f 2595/2595/2595 2459/2459/2459 2690/2690/2690
f 1729/1729/1729 2600/2600/2600 2633/2633/2633
f 2437/2437/2437 2586/2586/2586 2633/2633/2633
f 3233/3233/3233 2573/2573/2573 2437/2437/2437
f 2642/2642/2642 2560/2560/2560 3233/3233/3233
f 1938/1938/1938 2560/2560/2560 2499/2499/2499
f 1987/1987/1987 2702/2702/2702 2385/2385/2385
f 2437/2437/2437 2600/2600/2600 2564/2564/2564
f 2600/2600/2600 2518/2518/2518 2564/2564/2564
f 2551/2551/2551 742/742/742 2546/2546/2546
f 1405/1405/1405 1399/1399/1399 1353/1353/1353
f 2564/2564/2564 2518/2518/2518 2642/2642/2642
f 2551/2551/2551 2546/2546/2546 2690/2690/2690
f 1855/1855/1855 1938/1938/1938 2499/2499/2499
f 2437/2437/2437 2595/2595/2595 2586/2586/2586
f 2573/2573/2573 2595/2595/2595 2437/2437/2437
f 1399/1399/1399 2407/2407/2407 1397/1397/1397
f 1399/1399/1399 1405/1405/1405 2407/2407/2407
f 2407/2407/2407 3148/3148/3148 1385/1385/1385
f 2564/2564/2564 2642/2642/2642 3233/3233/3233
f 1729/1729/1729 2633/2633/2633 1704/1704/1704
f 1385/1385/1385 742/742/742 2551/2551/2551
f 1385/1385/1385 3148/3148/3148 742/742/742
f 1353/1353/1353 1401/1401/1401 1405/1405/1405
f 742/742/742 3148/3148/3148 2633/2633/2633
f 2499/2499/2499 2560/2560/2560 2642/2642/2642
f 2407/2407/2407 1385/1385/1385 1397/1397/1397
f 2633/2633/2633 3148/3148/3148 1704/1704/1704
f 1397/1397/1397 2508/2508/2508 1399/1399/1399
f 2586/2586/2586 742/742/742 2633/2633/2633
f 949/949/949 937/937/937 951/951/951
f 917/917/917 1565/1565/1565 927/927/927
f 651/651/651 945/945/945 948/948/948
f 942/942/942 1601/1601/1601 1510/1510/1510
f 236/236/236 917/917/917 951/951/951
f 942/942/942 949/949/949 1565/1565/1565
f 1051/1051/1051 1510/1510/1510 920/920/920
f 1479/1479/1479 948/948/948 945/945/945
f 634/634/634 646/646/646 653/653/653
f 651/651/651 948/948/948 653/653/653
f 951/951/951 205/205/205 236/236/236
f 949/949/949 159/159/159 216/216/216
f 205/205/205 232/232/232 109/109/109
f 205/205/205 225/225/225 207/207/207
f 945/945/945 651/651/651 936/936/936
f 942/942/942 943/943/943 1601/1601/1601
f 949/949/949 942/942/942 159/159/159
f 936/936/936 942/942/942 1510/1510/1510
f 942/942/942 936/936/936 159/159/159
f 951/951/951 927/927/927 949/949/949
f 225/225/225 216/216/216 207/207/207
f 1565/1565/1565 949/949/949 927/927/927
f 1510/1510/1510 1051/1051/1051 945/945/945
f 223/223/223 651/651/651 653/653/653
f 1051/1051/1051 920/920/920 922/922/922
f 937/937/937 225/225/225 951/951/951
f 225/225/225 937/937/937 216/216/216
f 207/207/207 216/216/216 223/223/223
f 951/951/951 225/225/225 205/205/205
f 205/205/205 109/109/109 236/236/236
f 917/917/917 943/943/943 1565/1565/1565
f 945/945/945 1538/1538/1538 1479/1479/1479
f 943/943/943 942/942/942 1565/1565/1565
f 1601/1601/1601 920/920/920 1510/1510/1510
f 653/653/653 948/948/948 634/634/634
f 651/651/651 223/223/223 216/216/216
f 917/917/917 927/927/927 951/951/951
f 651/651/651 159/159/159 936/936/936
f 937/937/937 949/949/949 216/216/216
f 1538/1538/1538 945/945/945 1051/1051/1051
f 216/216/216 159/159/159 651/651/651
f 945/945/945 936/936/936 1510/1510/1510
f 961/961/961 1598/1598/1598 1571/1571/1571
f 1285/1285/1285 1283/1283/1283 852/852/852
f 1629/1629/1629 1569/1569/1569 2581/2581/2581
f 2581/2581/2581 1571/1571/1571 1598/1598/1598
f 852/852/852 1230/1230/1230 1281/1281/1281
f 1579/1579/1579 164/164/164 1574/1574/1574
f 1314/1314/1314 1239/1239/1239 1369/1369/1369
f 1369/1369/1369 1239/1239/1239 1323/1323/1323
f 1350/1350/1350 1319/1319/1319 1369/1369/1369
f 1369/1369/1369 1319/1319/1319 1314/1314/1314
f 1314/1314/1314 1285/1285/1285 1281/1281/1281
f 1323/1323/1323 1350/1350/1350 1369/1369/1369
f 1569/1569/1569 1629/1629/1629 1322/1322/1322
f 1629/1629/1629 1314/1314/1314 1322/1322/1322
f 1315/1315/1315 1313/1313/1313 1239/1239/1239
f 1312/1312/1312 1323/1323/1323 1239/1239/1239
f 1283/1283/1283 2581/2581/2581 1598/1598/1598
f 1271/1271/1271 1236/1236/1236 1230/1230/1230
f 1313/1313/1313 1312/1312/1312 1239/1239/1239
f 1319/1319/1319 1322/1322/1322 1314/1314/1314
f 1443/1443/1443 1319/1319/1319 1350/1350/1350
f 1629/1629/1629 2581/2581/2581 1285/1285/1285
f 1315/1315/1315 1314/1314/1314 1281/1281/1281
f 1281/1281/1281 1285/1285/1285 852/852/852
f 1315/1315/1315 1243/1243/1243 1313/1313/1313
f 2572/2572/2572 1261/1261/1261 1217/1217/1217
f 2572/2572/2572 1236/1236/1236 1261/1261/1261
f 2572/2572/2572 2569/2569/2569 2568/2568/2568
f 1217/1217/1217 2569/2569/2569 2572/2572/2572
f 2572/2572/2572 2568/2568/2568 1313/1313/1313
f 1313/1313/1313 2568/2568/2568 1253/1253/1253
f 1323/1323/1323 1312/1312/1312 1253/1253/1253
f 1313/1313/1313 1253/1253/1253 1312/1312/1312
f 1350/1350/1350 1323/1323/1323 1579/1579/1579
f 2581/2581/2581 1304/1304/1304 1571/1571/1571
f 1243/1243/1243 2572/2572/2572 1313/1313/1313
f 1322/1322/1322 1319/1319/1319 1549/1549/1549
f 1574/1574/1574 1350/1350/1350 1579/1579/1579
f 1239/1239/1239 1314/1314/1314 1315/1315/1315
f 1549/1549/1549 1569/1569/1569 1322/1322/1322
f 1443/1443/1443 1549/1549/1549 1319/1319/1319
f 1559/1559/1559 1304/1304/1304 2581/2581/2581
f 1559/1559/1559 2581/2581/2581 1569/1569/1569
f 1350/1350/1350 1574/1574/1574 1443/1443/1443
f 1629/1629/1629 1285/1285/1285 1314/1314/1314
f 1574/1574/1574 164/164/164 169/169/169
f 1243/1243/1243 1236/1236/1236 2572/2572/2572
f 1230/1230/1230 1243/1243/1243 1281/1281/1281
f 1315/1315/1315 1281/1281/1281 1243/1243/1243
f 1230/1230/1230 1236/1236/1236 1243/1243/1243
f 2581/2581/2581 1283/1283/1283 1285/1285/1285
f 365/365/365 3065/3065/3065 1754/1754/1754
f 1682/1682/1682 3065/3065/3065 1687/1687/1687
f 1682/1682/1682 2656/2656/2656 3065/3065/3065
f 1739/1739/1739 1754/1754/1754 3065/3065/3065
f 1687/1687/1687 3065/3065/3065 365/365/365
f 1697/1697/1697 1983/1983/1983 1693/1693/1693
f 3065/3065/3065 2656/2656/2656 1739/1739/1739
f 1749/1749/1749 1700/1700/1700 1830/1830/1830
f 1727/1727/1727 1707/1707/1707 1709/1709/1709
f 1700/1700/1700 1715/1715/1715 2791/2791/2791
f 1700/1700/1700 2634/2634/2634 1830/1830/1830
f 1707/1707/1707 1697/1697/1697 2791/2791/2791
f 2791/2791/2791 1715/1715/1715 1707/1707/1707
f 1743/1743/1743 1710/1710/1710 1705/1705/1705
f 1700/1700/1700 2791/2791/2791 2634/2634/2634
f 1693/1693/1693 1708/1708/1708 2791/2791/2791
f 2530/2530/2530 1761/1761/1761 2863/2863/2863
f 365/365/365 2827/2827/2827 1687/1687/1687
f 1715/1715/1715 1709/1709/1709 1707/1707/1707
f 2634/2634/2634 2791/2791/2791 1708/1708/1708
f 1701/1701/1701 1705/1705/1705 1727/1727/1727
f 1761/1761/1761 1817/1817/1817 2634/2634/2634
f 1705/1705/1705 1710/1710/1710 1697/1697/1697
f 1739/1739/1739 1700/1700/1700 1749/1749/1749
f 1693/1693/1693 2817/2817/2817 1708/1708/1708
f 2656/2656/2656 1700/1700/1700 1739/1739/1739
f 2656/2656/2656 1715/1715/1715 1700/1700/1700
f 1761/1761/1761 1708/1708/1708 2817/2817/2817
f 2656/2656/2656 1682/1682/1682 1709/1709/1709
f 1715/1715/1715 2656/2656/2656 1709/1709/1709
f 1707/1707/1707 1727/1727/1727 1705/1705/1705
f 1833/1833/1833 2010/2010/2010 1878/1878/1878
f 1682/1682/1682 1687/1687/1687 1709/1709/1709
f 2010/2010/2010 1761/1761/1761 2817/2817/2817
f 1726/1726/1726 1727/1727/1727 1709/1709/1709
f 1726/1726/1726 1709/1709/1709 1687/1687/1687
f 1705/1705/1705 1701/1701/1701 1743/1743/1743
f 1726/1726/1726 1701/1701/1701 1727/1727/1727
f 1705/1705/1705 1697/1697/1697 1707/1707/1707
f 2863/2863/2863 1761/1761/1761 2010/2010/2010
f 1708/1708/1708 1761/1761/1761 2634/2634/2634
f 1830/1830/1830 2634/2634/2634 1817/1817/1817
f 1761/1761/1761 2530/2530/2530 1817/1817/1817
f 1710/1710/1710 1983/1983/1983 1697/1697/1697
f 1693/1693/1693 2791/2791/2791 1697/1697/1697
f 1833/1833/1833 2863/2863/2863 2010/2010/2010
f 1833/1833/1833 1811/1811/1811 2863/2863/2863
f 2010/2010/2010 2817/2817/2817 1983/1983/1983
f 2010/2010/2010 1983/1983/1983 1878/1878/1878
f 1983/1983/1983 2817/2817/2817 1693/1693/1693
f 1726/1726/1726 1687/1687/1687 2827/2827/2827
f 2827/2827/2827 1701/1701/1701 1726/1726/1726
f 2146/2146/2146 3216/3216/3216 3171/3171/3171
f 2535/2535/2535 2561/2561/2561 1942/1942/1942
f 3171/3171/3171 2532/2532/2532 2298/2298/2298
f 2222/2222/2222 3137/3137/3137 2160/2160/2160
f 2270/2270/2270 2273/2273/2273 2146/2146/2146
f 2292/2292/2292 2270/2270/2270 2625/2625/2625
f 1941/1941/1941 2454/2454/2454 2574/2574/2574
f 2532/2532/2532 2535/2535/2535 2298/2298/2298
f 2535/2535/2535 2532/2532/2532 2561/2561/2561
f 2233/2233/2233 3009/3009/3009 2447/2447/2447
f 2270/2270/2270 2292/2292/2292 2273/2273/2273
f 2625/2625/2625 1942/1942/1942 3075/3075/3075
f 2976/2976/2976 3236/3236/3236 3048/3048/3048
f 3214/3214/3214 2574/2574/2574 3171/3171/3171
f 2386/2386/2386 3075/3075/3075 1942/1942/1942
f 2532/2532/2532 3234/3234/3234 2561/2561/2561
f 3229/3229/3229 3137/3137/3137 3068/3068/3068
f 2160/2160/2160 2172/2172/2172 2222/2222/2222
f 3171/3171/3171 2574/2574/2574 2532/2532/2532
f 3229/3229/3229 2160/2160/2160 3137/3137/3137
f 3068/3068/3068 3137/3137/3137 2731/2731/2731
f 3075/3075/3075 2279/2279/2279 2625/2625/2625
f 2146/2146/2146 2298/2298/2298 2270/2270/2270
f 2146/2146/2146 3171/3171/3171 2298/2298/2298
f 2233/2233/2233 2447/2447/2447 1941/1941/1941
f 2228/2228/2228 3214/3214/3214 3216/3216/3216
f 2846/2846/2846 2160/2160/2160 336/336/336
f 2574/2574/2574 3234/3234/3234 2532/2532/2532
f 2386/2386/2386 1942/1942/1942 1939/1939/1939
f 2454/2454/2454 2460/2460/2460 2596/2596/2596
f 2160/2160/2160 3048/3048/3048 336/336/336
f 2222/2222/2222 2731/2731/2731 3137/3137/3137
f 3214/3214/3214 2233/2233/2233 1941/1941/1941
f 2625/2625/2625 2270/2270/2270 2298/2298/2298
f 2298/2298/2298 1942/1942/1942 2625/2625/2625
f 1941/1941/1941 2447/2447/2447 2454/2454/2454
f 3048/3048/3048 3236/3236/3236 2228/2228/2228
f 3048/3048/3048 3229/3229/3229 2976/2976/2976
f 2292/2292/2292 2625/2625/2625 2279/2279/2279
f 3048/3048/3048 3216/3216/3216 336/336/336
f 3229/3229/3229 3048/3048/3048 2160/2160/2160
f 3171/3171/3171 3216/3216/3216 3214/3214/3214
f 2454/2454/2454 2596/2596/2596 2574/2574/2574
f 2228/2228/2228 3009/3009/3009 2233/2233/2233
f 2228/2228/2228 3216/3216/3216 3048/3048/3048
f 2146/2146/2146 2273/2273/2273 2846/2846/2846
f 2146/2146/2146 2846/2846/2846 336/336/336
f 3068/3068/3068 2976/2976/2976 3229/3229/3229
f 3216/3216/3216 2146/2146/2146 336/336/336
f 1939/1939/1939 1942/1942/1942 2561/2561/2561
f 2228/2228/2228 2233/2233/2233 3214/3214/3214
f 2846/2846/2846 2172/2172/2172 2160/2160/2160
f 2535/2535/2535 1942/1942/1942 2298/2298/2298
f 2574/2574/2574 3214/3214/3214 1941/1941/1941
f 1937/1937/1937 2529/2529/2529 3217/3217/3217
f 928/928/928 916/916/916 1291/1291/1291
f 1753/1753/1753 1422/1422/1422 1326/1326/1326
f 2635/2635/2635 1937/1937/1937 1936/1936/1936
f 1829/1829/1829 2584/2584/2584 1750/1750/1750
f 1750/1750/1750 2584/2584/2584 1740/1740/1740
f 2759/2759/2759 1698/1698/1698 2492/2492/2492
f 1699/1699/1699 1740/1740/1740 2495/2495/2495
f 2495/2495/2495 2524/2524/2524 2466/2466/2466
f 2759/2759/2759 1699/1699/1699 2495/2495/2495
f 2495/2495/2495 2408/2408/2408 2759/2759/2759
f 1740/1740/1740 1699/1699/1699 1753/1753/1753
f 2759/2759/2759 2408/2408/2408 1406/1406/1406
f 2408/2408/2408 2495/2495/2495 2466/2466/2466
f 2495/2495/2495 1740/1740/1740 2584/2584/2584
f 3149/3149/3149 2466/2466/2466 1703/1703/1703
f 2584/2584/2584 2524/2524/2524 2495/2495/2495
f 1422/1422/1422 2492/2492/2492 1291/1291/1291
f 2466/2466/2466 2524/2524/2524 1703/1703/1703
f 2466/2466/2466 3149/3149/3149 2408/2408/2408
f 1829/1829/1829 1936/1936/1936 2584/2584/2584
f 1698/1698/1698 2759/2759/2759 1406/1406/1406
f 2519/2519/2519 2653/2653/2653 1937/1937/1937
f 2500/2500/2500 2519/2519/2519 1937/1937/1937
f 1936/1936/1936 2524/2524/2524 2584/2584/2584
f 2492/2492/2492 1699/1699/1699 2759/2759/2759
f 1936/1936/1936 2653/2653/2653 2524/2524/2524
f 2601/2601/2601 1728/1728/1728 2653/2653/2653
f 1703/1703/1703 2524/2524/2524 1728/1728/1728
f 2653/2653/2653 1936/1936/1936 1937/1937/1937
f 1816/1816/1816 1936/1936/1936 1829/1829/1829
f 2500/2500/2500 1937/1937/1937 3217/3217/3217
f 2601/2601/2601 2653/2653/2653 2519/2519/2519
f 2500/2500/2500 3217/3217/3217 1870/1870/1870
f 2524/2524/2524 2653/2653/2653 1728/1728/1728
f 1291/1291/1291 1698/1698/1698 928/928/928
f 1870/1870/1870 1856/1856/1856 2500/2500/2500
f 1816/1816/1816 2635/2635/2635 1936/1936/1936
f 2864/2864/2864 3217/3217/3217 2529/2529/2529
f 1698/1698/1698 1291/1291/1291 2492/2492/2492
f 2635/2635/2635 1816/1816/1816 2529/2529/2529
f 1326/1326/1326 1422/1422/1422 1291/1291/1291
f 1870/1870/1870 3217/3217/3217 1812/1812/1812
f 3217/3217/3217 2864/2864/2864 1812/1812/1812
f 1346/1346/1346 928/928/928 1286/1286/1286
f 2529/2529/2529 1937/1937/1937 2635/2635/2635
f 1291/1291/1291 881/881/881 1326/1326/1326
f 1276/1276/1276 1286/1286/1286 1402/1402/1402
f 1698/1698/1698 1384/1384/1384 1286/1286/1286
f 1402/1402/1402 1384/1384/1384 1406/1406/1406
f 1346/1346/1346 1286/1286/1286 1276/1276/1276
f 1698/1698/1698 1286/1286/1286 928/928/928
f 2492/2492/2492 1422/1422/1422 1699/1699/1699
f 1753/1753/1753 1699/1699/1699 1422/1422/1422
f 1384/1384/1384 1402/1402/1402 1286/1286/1286
f 928/928/928 1346/1346/1346 916/916/916
f 916/916/916 881/881/881 1291/1291/1291
f 1406/1406/1406 1384/1384/1384 1698/1698/1698
f 1973/1973/1973 162/162/162 914/914/914
f 923/923/923 925/925/925 1055/1055/1055
f 630/630/630 1382/1382/1382 655/655/655
f 925/925/925 1971/1971/1971 1055/1055/1055
f 1475/1475/1475 626/626/626 630/630/630
f 823/823/823 1971/1971/1971 1439/1439/1439
f 1483/1483/1483 1382/1382/1382 647/647/647
f 910/910/910 823/823/823 1301/1301/1301
f 1301/1301/1301 1439/1439/1439 930/930/930
f 910/910/910 2444/2444/2444 823/823/823
f 1481/1481/1481 1475/1475/1475 884/884/884
f 914/914/914 162/162/162 894/894/894
f 891/891/891 890/890/890 894/894/894
f 1055/1055/1055 1971/1971/1971 1972/1972/1972
f 823/823/823 2452/2452/2452 1971/1971/1971
f 888/888/888 1481/1481/1481 890/890/890
f 1973/1973/1973 1972/1972/1972 1971/1971/1971
f 914/914/914 2396/2396/2396 1973/1973/1973
f 1973/1973/1973 2452/2452/2452 404/404/404
f 885/885/885 891/891/891 162/162/162
f 935/935/935 1537/1537/1537 1055/1055/1055
f 884/884/884 890/890/890 1481/1481/1481
f 1055/1055/1055 1537/1537/1537 1052/1052/1052
f 912/912/912 910/910/910 932/932/932
f 2442/2442/2442 1494/1494/1494 2452/2452/2452
f 1203/1203/1203 162/162/162 1957/1957/1957
f 630/630/630 884/884/884 1475/1475/1475
f 630/630/630 655/655/655 884/884/884
f 633/633/633 1480/1480/1480 1483/1483/1483
f 654/654/654 894/894/894 884/884/884
f 1052/1052/1052 923/923/923 1055/1055/1055
f 912/912/912 2444/2444/2444 910/910/910
f 930/930/930 910/910/910 1301/1301/1301
f 910/910/910 930/930/930 932/932/932
f 1972/1972/1972 2396/2396/2396 935/935/935
f 1537/1537/1537 935/935/935 1480/1480/1480
f 1483/1483/1483 935/935/935 2396/2396/2396
f 400/400/400 1535/1535/1535 404/404/404
f 1957/1957/1957 1973/1973/1973 404/404/404
f 654/654/654 884/884/884 655/655/655
f 2452/2452/2452 1494/1494/1494 404/404/404
f 2396/2396/2396 1972/1972/1972 1973/1973/1973
f 1972/1972/1972 935/935/935 1055/1055/1055
f 1439/1439/1439 1971/1971/1971 925/925/925
f 890/890/890 884/884/884 894/894/894
f 655/655/655 1483/1483/1483 2396/2396/2396
f 1480/1480/1480 935/935/935 1483/1483/1483
f 1494/1494/1494 2442/2442/2442 400/400/400
f 888/888/888 890/890/890 891/891/891
f 1382/1382/1382 1483/1483/1483 655/655/655
f 633/633/633 1483/1483/1483 647/647/647
f 823/823/823 1439/1439/1439 1301/1301/1301
f 2452/2452/2452 1973/1973/1973 1971/1971/1971
f 1957/1957/1957 404/404/404 1535/1535/1535
f 162/162/162 1735/1735/1735 885/885/885
f 162/162/162 1203/1203/1203 1735/1735/1735
f 894/894/894 654/654/654 914/914/914
f 1973/1973/1973 1957/1957/1957 162/162/162
f 1494/1494/1494 400/400/400 404/404/404
f 2444/2444/2444 2442/2442/2442 2452/2452/2452
f 885/885/885 888/888/888 891/891/891
f 894/894/894 162/162/162 891/891/891
f 823/823/823 2444/2444/2444 2452/2452/2452
f 655/655/655 2396/2396/2396 654/654/654
f 1957/1957/1957 1535/1535/1535 1203/1203/1203
f 2396/2396/2396 914/914/914 654/654/654
f 1307/1307/1307 2582/2582/2582 1311/1311/1311
f 1540/1540/1540 1311/1311/1311 1583/1583/1583
f 1652/1652/1652 1650/1650/1650 1309/1309/1309
f 1311/1311/1311 1294/1294/1294 1560/1560/1560
f 1558/1558/1558 1294/1294/1294 939/939/939
f 924/924/924 1053/1053/1053 956/956/956
f 2582/2582/2582 1294/1294/1294 1311/1311/1311
f 1307/1307/1307 1611/1611/1611 1309/1309/1309
f 962/962/962 1572/1572/1572 960/960/960
f 1583/1583/1583 1560/1560/1560 1570/1570/1570
f 1309/1309/1309 1611/1611/1611 1652/1652/1652
f 960/960/960 1558/1558/1558 939/939/939
f 1294/1294/1294 1558/1558/1558 1560/1560/1560
f 960/960/960 939/939/939 918/918/918
f 926/926/926 956/956/956 1440/1440/1440
f 1583/1583/1583 1307/1307/1307 1540/1540/1540
f 1558/1558/1558 1305/1305/1305 1560/1560/1560
f 1305/1305/1305 960/960/960 1572/1572/1572
f 960/960/960 1305/1305/1305 1558/1558/1558
f 1570/1570/1570 1548/1548/1548 1583/1583/1583
f 956/956/956 1053/1053/1053 941/941/941
f 931/931/931 1440/1440/1440 1296/1296/1296
f 1307/1307/1307 1311/1311/1311 1540/1540/1540
f 944/944/944 918/918/918 939/939/939
f 1309/1309/1309 1310/1310/1310 919/919/919
f 1294/1294/1294 944/944/944 939/939/939
f 1563/1563/1563 1307/1307/1307 1583/1583/1583
f 940/940/940 1440/1440/1440 956/956/956
f 956/956/956 926/926/926 924/924/924
f 1296/1296/1296 933/933/933 931/931/931
f 1064/1064/1064 933/933/933 1297/1297/1297
f 919/919/919 1557/1557/1557 1309/1309/1309
f 941/941/941 940/940/940 956/956/956
f 940/940/940 1296/1296/1296 1440/1440/1440
f 1296/1296/1296 1297/1297/1297 933/933/933
f 940/940/940 919/919/919 1296/1296/1296
f 237/237/237 962/962/962 938/938/938
f 919/919/919 1297/1297/1297 1296/1296/1296
f 154/154/154 1297/1297/1297 235/235/235
f 919/919/919 940/940/940 1557/1557/1557
f 1447/1447/1447 1446/1446/1446 1573/1573/1573
f 209/209/209 156/156/156 235/235/235
f 1311/1311/1311 1560/1560/1560 1583/1583/1583
f 233/233/233 962/962/962 110/110/110
f 924/924/924 921/921/921 1053/1053/1053
f 129/129/129 1310/1310/1310 209/209/209
f 1650/1650/1650 1310/1310/1310 1309/1309/1309
f 1548/1548/1548 1563/1563/1563 1583/1583/1583
f 1446/1446/1446 1444/1444/1444 1573/1573/1573
f 962/962/962 237/237/237 110/110/110
f 1447/1447/1447 1652/1652/1652 1446/1446/1446
f 156/156/156 154/154/154 235/235/235
f 1447/1447/1447 1573/1573/1573 170/170/170
f 1447/1447/1447 1099/1099/1099 1650/1650/1650
f 1650/1650/1650 1099/1099/1099 1097/1097/1097
f 129/129/129 235/235/235 1297/1297/1297
f 1487/1487/1487 156/156/156 209/209/209
f 1307/1307/1307 1563/1563/1563 1611/1611/1611
f 1053/1053/1053 921/921/921 1600/1600/1600
f 1600/1600/1600 1054/1054/1054 1053/1053/1053
f 209/209/209 1097/1097/1097 1487/1487/1487
f 1557/1557/1557 1307/1307/1307 1309/1309/1309
f 1548/1548/1548 1444/1444/1444 1563/1563/1563
f 2582/2582/2582 1307/1307/1307 1557/1557/1557
f 1652/1652/1652 1447/1447/1447 1650/1650/1650
f 1310/1310/1310 1650/1650/1650 1097/1097/1097
f 940/940/940 941/941/941 1557/1557/1557
f 1054/1054/1054 1600/1600/1600 944/944/944
f 209/209/209 235/235/235 129/129/129
f 919/919/919 129/129/129 1297/1297/1297
f 170/170/170 167/167/167 1447/1447/1447
f 2582/2582/2582 1557/1557/1557 1627/1627/1627
f 1563/1563/1563 1446/1446/1446 1611/1611/1611
f 1627/1627/1627 1557/1557/1557 941/941/941
f 1097/1097/1097 209/209/209 1310/1310/1310
f 1627/1627/1627 941/941/941 1053/1053/1053
f 919/919/919 1310/1310/1310 129/129/129
f 1627/1627/1627 1053/1053/1053 1054/1054/1054
f 1444/1444/1444 1446/1446/1446 1563/1563/1563
f 2582/2582/2582 944/944/944 1294/1294/1294
f 1054/1054/1054 944/944/944 1627/1627/1627
f 944/944/944 2582/2582/2582 1627/1627/1627
f 918/918/918 938/938/938 960/960/960
f 1064/1064/1064 1297/1297/1297 154/154/154
f 918/918/918 237/237/237 938/938/938
f 1611/1611/1611 1446/1446/1446 1652/1652/1652
f 1099/1099/1099 1447/1447/1447 167/167/167
f 960/960/960 938/938/938 962/962/962
f 1860/1860/1860 656/656/656 1617/1617/1617
f 1115/1115/1115 656/656/656 1515/1515/1515
f 1115/1115/1115 896/896/896 895/895/895
f 898/898/898 895/895/895 896/896/896
f 1622/1622/1622 1617/1617/1617 1115/1115/1115
f 1115/1115/1115 1617/1617/1617 656/656/656
f 627/627/627 656/656/656 659/659/659
f 1860/1860/1860 1859/1859/1859 656/656/656
f 869/869/869 867/867/867 1533/1533/1533
f 1859/1859/1859 1860/1860/1860 2256/2256/2256
f 1533/1533/1533 867/867/867 2277/2277/2277
f 2324/2324/2324 2381/2381/2381 1595/1595/1595
f 1533/1533/1533 1532/1532/1532 869/869/869
f 902/902/902 892/892/892 1530/1530/1530
f 2300/2300/2300 2330/2330/2330 2311/2311/2311
f 1115/1115/1115 1515/1515/1515 896/896/896
f 1622/1622/1622 1115/1115/1115 895/895/895
f 1653/1653/1653 1595/1595/1595 2304/2304/2304
f 1859/1859/1859 659/659/659 656/656/656
f 2284/2284/2284 1591/1591/1591 2318/2318/2318
f 1591/1591/1591 1590/1590/1590 2318/2318/2318
f 1713/1713/1713 1719/1719/1719 2301/2301/2301
f 2318/2318/2318 1590/1590/1590 873/873/873
f 1719/1719/1719 1713/1713/1713 2261/2261/2261
f 2277/2277/2277 1532/1532/1532 1533/1533/1533
f 865/865/865 892/892/892 902/902/902
f 902/902/902 1530/1530/1530 1532/1532/1532
f 1732/1732/1732 2294/2294/2294 1591/1591/1591
f 1731/1731/1731 1591/1591/1591 2395/2395/2395
f 2307/2307/2307 2395/2395/2395 2338/2338/2338
f 1696/1696/1696 1719/1719/1719 2265/2265/2265
f 2311/2311/2311 2338/2338/2338 2300/2300/2300
f 2311/2311/2311 2304/2304/2304 2307/2307/2307
f 2296/2296/2296 2307/2307/2307 2304/2304/2304
f 1530/1530/1530 869/869/869 1532/1532/1532
f 895/895/895 2265/2265/2265 1622/1622/1622
f 2296/2296/2296 1595/1595/1595 2381/2381/2381
f 2381/2381/2381 2268/2268/2268 2261/2261/2261
f 1696/1696/1696 2265/2265/2265 902/902/902
f 1590/1590/1590 1732/1732/1732 867/867/867
f 2324/2324/2324 1595/1595/1595 1653/1653/1653
f 1732/1732/1732 2277/2277/2277 867/867/867
f 2300/2300/2300 2338/2338/2338 2284/2284/2284
f 2338/2338/2338 2311/2311/2311 2307/2307/2307
f 1590/1590/1590 867/867/867 873/873/873
f 2261/2261/2261 1622/1622/1622 1719/1719/1719
f 2268/2268/2268 1638/1638/1638 2261/2261/2261
f 892/892/892 1551/1551/1551 1530/1530/1530
f 2294/2294/2294 1590/1590/1590 1591/1591/1591
f 226/226/226 1731/1731/1731 2285/2285/2285
f 2395/2395/2395 1591/1591/1591 2284/2284/2284
f 1732/1732/1732 226/226/226 2277/2277/2277
f 226/226/226 1732/1732/1732 1731/1731/1731
f 2310/2310/2310 2296/2296/2296 1713/1713/1713
f 2338/2338/2338 2395/2395/2395 2284/2284/2284
f 1731/1731/1731 1732/1732/1732 1591/1591/1591
f 2311/2311/2311 2314/2314/2314 2304/2304/2304
f 2285/2285/2285 1731/1731/1731 2395/2395/2395
f 1719/1719/1719 1622/1622/1622 2265/2265/2265
f 2307/2307/2307 2285/2285/2285 2395/2395/2395
f 1622/1622/1622 2261/2261/2261 1638/1638/1638
f 2246/2246/2246 1638/1638/1638 2268/2268/2268
f 2285/2285/2285 2307/2307/2307 2296/2296/2296
f 1696/1696/1696 2280/2280/2280 1719/1719/1719
f 1719/1719/1719 2280/2280/2280 2301/2301/2301
f 1713/1713/1713 2381/2381/2381 2261/2261/2261
f 1638/1638/1638 1617/1617/1617 1622/1622/1622
f 2301/2301/2301 2280/2280/2280 2310/2310/2310
f 2301/2301/2301 2310/2310/2310 1713/1713/1713
f 2381/2381/2381 1713/1713/1713 2296/2296/2296
f 1617/1617/1617 1638/1638/1638 2246/2246/2246
f 1590/1590/1590 2294/2294/2294 1732/1732/1732
f 898/898/898 865/865/865 895/895/895
f 2285/2285/2285 2310/2310/2310 226/226/226
f 2285/2285/2285 2296/2296/2296 2310/2310/2310
f 1595/1595/1595 2296/2296/2296 2304/2304/2304
f 2277/2277/2277 2280/2280/2280 1532/1532/1532
f 1653/1653/1653 2304/2304/2304 1554/1554/1554
f 902/902/902 1532/1532/1532 1696/1696/1696
f 2314/2314/2314 1518/1518/1518 1554/1554/1554
f 1522/1522/1522 2344/2344/2344 1518/1518/1518
f 1532/1532/1532 2280/2280/2280 1696/1696/1696
f 2265/2265/2265 895/895/895 865/865/865
f 1860/1860/1860 1617/1617/1617 2246/2246/2246
f 902/902/902 2265/2265/2265 865/865/865
f 2311/2311/2311 2330/2330/2330 2314/2314/2314
f 2324/2324/2324 1653/1653/1653 2344/2344/2344
f 2344/2344/2344 1653/1653/1653 1518/1518/1518
f 2280/2280/2280 2277/2277/2277 226/226/226
f 898/898/898 892/892/892 865/865/865
f 1518/1518/1518 1653/1653/1653 1554/1554/1554
f 226/226/226 2310/2310/2310 2280/2280/2280
f 1554/1554/1554 2304/2304/2304 2314/2314/2314
f 1632/1632/1632 872/872/872 1379/1379/1379
f 870/870/870 1500/1500/1500 1541/1541/1541
f 1568/1568/1568 2366/2366/2366 1628/1628/1628
f 1578/1578/1578 2366/2366/2366 1568/1568/1568
f 1568/1568/1568 214/214/214 1567/1567/1567
f 2323/2323/2323 2339/2339/2339 1685/1685/1685
f 1720/1720/1720 1686/1686/1686 1605/1605/1605
f 2360/2360/2360 2837/2837/2837 2340/2340/2340
f 1567/1567/1567 1578/1578/1578 1568/1568/1568
f 176/176/176 175/175/175 2276/2276/2276
f 1541/1541/1541 877/877/877 868/868/868
f 1541/1541/1541 868/868/868 870/870/870
f 906/906/906 901/901/901 904/904/904
f 2398/2398/2398 1578/1578/1578 2342/2342/2342
f 2183/2183/2183 2190/2190/2190 906/906/906
f 872/872/872 871/871/871 876/876/876
f 1730/1730/1730 1567/1567/1567 214/214/214
f 1541/1541/1541 1500/1500/1500 1544/1544/1544
f 1544/1544/1544 1500/1500/1500 906/906/906
f 1632/1632/1632 2290/2290/2290 872/872/872
f 1667/1667/1667 2276/2276/2276 175/175/175
f 2340/2340/2340 1722/1722/1722 1721/1721/1721
f 901/901/901 870/870/870 1531/1531/1531
f 1567/1567/1567 2342/2342/2342 1578/1578/1578
f 1265/1265/1265 1686/1686/1686 2340/2340/2340
f 1667/1667/1667 1665/1665/1665 2287/2287/2287
f 2389/2389/2389 2319/2319/2319 874/874/874
f 2340/2340/2340 1686/1686/1686 1722/1722/1722
f 901/901/901 1552/1552/1552 904/904/904
f 872/872/872 2290/2290/2290 175/175/175
f 1500/1500/1500 870/870/870 901/901/901
f 2392/2392/2392 2190/2190/2190 2183/2183/2183
f 213/213/213 1730/1730/1730 214/214/214
f 874/874/874 871/871/871 2389/2389/2389
f 2339/2339/2339 1605/1605/1605 1685/1685/1685
f 2360/2360/2360 1721/1721/1721 2348/2348/2348
f 1730/1730/1730 2391/2391/2391 1567/1567/1567
f 2391/2391/2391 2342/2342/2342 1567/1567/1567
f 1476/1476/1476 906/906/906 904/904/904
f 1632/1632/1632 1628/1628/1628 1631/1631/1631
f 877/877/877 875/875/875 874/874/874
f 871/871/871 874/874/874 875/875/875
f 2339/2339/2339 2323/2323/2323 176/176/176
f 2389/2389/2389 871/871/871 3/3/3
f 1721/1721/1721 2360/2360/2360 2340/2340/2340
f 1377/1377/1377 1632/1632/1632 1379/1379/1379
f 1667/1667/1667 175/175/175 2290/2290/2290
f 135/135/135 2190/2190/2190 2392/2392/2392
f 135/135/135 2342/2342/2342 2190/2190/2190
f 1376/1376/1376 1377/1377/1377 1379/1379/1379
f 1730/1730/1730 1377/1377/1377 906/906/906
f 2348/2348/2348 2364/2364/2364 2362/2362/2362
f 213/213/213 1377/1377/1377 1730/1730/1730
f 1379/1379/1379 875/875/875 877/877/877
f 1628/1628/1628 2366/2366/2366 1631/1631/1631
f 2339/2339/2339 176/176/176 2276/2276/2276
f 2364/2364/2364 2366/2366/2366 1578/1578/1578
f 2366/2366/2366 2364/2364/2364 1631/1631/1631
f 1667/1667/1667 2287/2287/2287 2276/2276/2276
f 875/875/875 876/876/876 871/871/871
f 2360/2360/2360 2348/2348/2348 2362/2362/2362
f 1720/1720/1720 2276/2276/2276 2287/2287/2287
f 176/176/176 3/3/3 871/871/871
f 1720/1720/1720 2339/2339/2339 2276/2276/2276
f 2364/2364/2364 1578/1578/1578 2362/2362/2362
f 1476/1476/1476 2183/2183/2183 906/906/906
f 1630/1630/1630 2290/2290/2290 1632/1632/1632
f 1720/1720/1720 1722/1722/1722 1686/1686/1686
f 2190/2190/2190 2342/2342/2342 2391/2391/2391
f 2287/2287/2287 1721/1721/1721 1722/1722/1722
f 1379/1379/1379 877/877/877 1376/1376/1376
f 901/901/901 906/906/906 1500/1500/1500
f 875/875/875 1379/1379/1379 876/876/876
f 2323/2323/2323 3/3/3 176/176/176
f 1721/1721/1721 1665/1665/1665 2348/2348/2348
f 871/871/871 872/872/872 176/176/176
f 1665/1665/1665 1721/1721/1721 2287/2287/2287
f 1379/1379/1379 872/872/872 876/876/876
f 2323/2323/2323 6/6/6 3/3/3
f 1605/1605/1605 2339/2339/2339 1720/1720/1720
f 1686/1686/1686 2350/2350/2350 1685/1685/1685
f 2348/2348/2348 1665/1665/1665 2364/2364/2364
f 1665/1665/1665 1667/1667/1667 2364/2364/2364
f 1265/1265/1265 2340/2340/2340 2837/2837/2837
f 901/901/901 1531/1531/1531 1552/1552/1552
f 2190/2190/2190 2391/2391/2391 1730/1730/1730
f 2398/2398/2398 2360/2360/2360 2362/2362/2362
f 1632/1632/1632 1631/1631/1631 1630/1630/1630
f 1628/1628/1628 1632/1632/1632 1377/1377/1377
f 906/906/906 2190/2190/2190 1730/1730/1730
f 906/906/906 1376/1376/1376 1544/1544/1544
f 1667/1667/1667 2290/2290/2290 1630/1630/1630
f 1568/1568/1568 213/213/213 214/214/214
f 1722/1722/1722 1720/1720/1720 2287/2287/2287
f 1686/1686/1686 1685/1685/1685 1605/1605/1605
f 175/175/175 176/176/176 872/872/872
f 2398/2398/2398 2362/2362/2362 1578/1578/1578
f 1544/1544/1544 877/877/877 1541/1541/1541
f 874/874/874 868/868/868 877/877/877
f 1667/1667/1667 1630/1630/1630 2364/2364/2364
f 2350/2350/2350 1686/1686/1686 1265/1265/1265
f 1568/1568/1568 1628/1628/1628 213/213/213
f 213/213/213 1628/1628/1628 1377/1377/1377
f 2364/2364/2364 1630/1630/1630 1631/1631/1631
f 877/877/877 1544/1544/1544 1376/1376/1376
f 1376/1376/1376 906/906/906 1377/1377/1377
f 1337/1337/1337 2657/2657/2657 1153/1153/1153
f 2090/2090/2090 1661/1661/1661 1452/1452/1452
f 1911/1911/1911 1909/1909/1909 1040/1040/1040
f 691/691/691 557/557/557 692/692/692
f 691/691/691 767/767/767 758/758/758
f 2657/2657/2657 1196/1196/1196 1153/1153/1153
f 761/761/761 764/764/764 714/714/714
f 557/557/557 764/764/764 763/763/763
f 2497/2497/2497 1911/1911/1911 1037/1037/1037
f 2216/2216/2216 765/765/765 692/692/692
f 561/561/561 556/556/556 560/560/560
f 691/691/691 692/692/692 765/765/765
f 1196/1196/1196 2657/2657/2657 1077/1077/1077
f 758/758/758 764/764/764 557/557/557
f 711/711/711 45/45/45 688/688/688
f 190/190/190 559/559/559 1383/1383/1383
f 2501/2501/2501 2657/2657/2657 1031/1031/1031
f 2473/2473/2473 705/705/705 700/700/700
f 561/561/561 560/560/560 557/557/557
f 767/767/767 2473/2473/2473 709/709/709
f 1153/1153/1153 1196/1196/1196 1151/1151/1151
f 563/563/563 572/572/572 760/760/760
f 555/555/555 552/552/552 2206/2206/2206
f 2086/2086/2086 2206/2206/2206 572/572/572
f 765/765/765 2216/2216/2216 2200/2200/2200
f 699/699/699 688/688/688 1337/1337/1337
f 1383/1383/1383 695/695/695 189/189/189
f 2473/2473/2473 807/807/807 709/709/709
f 1909/1909/1909 1911/1911/1911 1034/1034/1034
f 711/711/711 2497/2497/2497 1037/1037/1037
f 2497/2497/2497 1034/1034/1034 1911/1911/1911
f 2657/2657/2657 2501/2501/2501 1077/1077/1077
f 1040/1040/1040 1031/1031/1031 1336/1336/1336
f 45/45/45 1911/1911/1911 1040/1040/1040
f 692/692/692 2198/2198/2198 2216/2216/2216
f 2206/2206/2206 484/484/484 555/555/555
f 1391/1391/1391 2090/2090/2090 2088/2088/2088
f 779/779/779 692/692/692 556/556/556
f 715/715/715 699/699/699 1337/1337/1337
f 688/688/688 45/45/45 1337/1337/1337
f 1037/1037/1037 45/45/45 711/711/711
f 2086/2086/2086 2088/2088/2088 2090/2090/2090
f 1107/1107/1107 2501/2501/2501 1031/1031/1031
f 695/695/695 1383/1383/1383 761/761/761
f 779/779/779 552/552/552 781/781/781
f 759/759/759 695/695/695 761/761/761
f 2206/2206/2206 779/779/779 760/760/760
f 807/807/807 2473/2473/2473 700/700/700
f 765/765/765 767/767/767 691/691/691
f 2206/2206/2206 552/552/552 779/779/779
f 1031/1031/1031 1040/1040/1040 1107/1107/1107
f 695/695/695 759/759/759 85/85/85
f 759/759/759 714/714/714 807/807/807
f 709/709/709 714/714/714 758/758/758
f 563/563/563 565/565/565 572/572/572
f 792/792/792 705/705/705 2473/2473/2473
f 85/85/85 2077/2077/2077 390/390/390
f 758/758/758 767/767/767 709/709/709
f 1909/1909/1909 1107/1107/1107 1040/1040/1040
f 1462/1462/1462 1463/1463/1463 759/759/759
f 1463/1463/1463 2077/2077/2077 85/85/85
f 565/565/565 563/563/563 561/561/561
f 85/85/85 759/759/759 1463/1463/1463
f 761/761/761 763/763/763 764/764/764
f 2206/2206/2206 2086/2086/2086 2090/2090/2090
f 2090/2090/2090 1452/1452/1452 484/484/484
f 557/557/557 556/556/556 692/692/692
f 1383/1383/1383 763/763/763 761/761/761
f 189/189/189 190/190/190 1383/1383/1383
f 1336/1336/1336 2657/2657/2657 1337/1337/1337
f 759/759/759 715/715/715 1462/1462/1462
f 572/572/572 2206/2206/2206 760/760/760
f 1391/1391/1391 1661/1661/1661 2090/2090/2090
f 715/715/715 807/807/807 700/700/700
f 2473/2473/2473 767/767/767 792/792/792
f 1336/1336/1336 1337/1337/1337 45/45/45
f 700/700/700 699/699/699 715/715/715
f 1462/1462/1462 1153/1153/1153 2077/2077/2077
f 688/688/688 699/699/699 698/698/698
f 714/714/714 709/709/709 807/807/807
f 714/714/714 759/759/759 761/761/761
f 557/557/557 559/559/559 561/561/561
f 781/781/781 692/692/692 779/779/779
f 557/557/557 560/560/560 556/556/556
f 715/715/715 759/759/759 807/807/807
f 764/764/764 758/758/758 714/714/714
f 2657/2657/2657 1336/1336/1336 1031/1031/1031
f 781/781/781 2198/2198/2198 692/692/692
f 556/556/556 760/760/760 779/779/779
f 557/557/557 691/691/691 758/758/758
f 1462/1462/1462 1337/1337/1337 1153/1153/1153
f 700/700/700 705/705/705 702/702/702
f 760/760/760 556/556/556 563/563/563
f 699/699/699 700/700/700 702/702/702
f 1030/1030/1030 121/121/121 390/390/390
f 699/699/699 702/702/702 698/698/698
f 556/556/556 561/561/561 563/563/563
f 1911/1911/1911 45/45/45 1037/1037/1037
f 557/557/557 763/763/763 559/559/559
f 1337/1337/1337 1462/1462/1462 715/715/715
f 1462/1462/1462 2077/2077/2077 1463/1463/1463
f 765/765/765 2200/2200/2200 767/767/767
f 2090/2090/2090 484/484/484 2206/2206/2206
f 1030/1030/1030 390/390/390 2077/2077/2077
f 763/763/763 1383/1383/1383 559/559/559
f 1030/1030/1030 2077/2077/2077 1153/1153/1153
f 1151/1151/1151 1030/1030/1030 1153/1153/1153
f 45/45/45 1040/1040/1040 1336/1336/1336
f 1094/1094/1094 2517/2517/2517 124/124/124
f 2038/2038/2038 3112/3112/3112 2042/2042/2042
f 2082/2082/2082 2069/2069/2069 2434/2434/2434
f 2054/2054/2054 2057/2057/2057 3112/3112/3112
f 172/172/172 2667/2667/2667 388/388/388
f 1341/1341/1341 2667/2667/2667 172/172/172
f 1045/1045/1045 1669/1669/1669 173/173/173
f 2667/2667/2667 2078/2078/2078 188/188/188
f 2038/2038/2038 2985/2985/2985 3112/3112/3112
f 2819/2819/2819 2065/2065/2065 2816/2816/2816
f 2149/2149/2149 2275/2275/2275 2819/2819/2819
f 2772/2772/2772 2085/2085/2085 2065/2065/2065
f 1513/1513/1513 379/379/379 2785/2785/2785
f 2068/2068/2068 2084/2084/2084 2069/2069/2069
f 2054/2054/2054 2440/2440/2440 2057/2057/2057
f 3153/3153/3153 2802/2802/2802 2195/2195/2195
f 1378/1378/1378 2085/2085/2085 305/305/305
f 177/177/177 1669/1669/1669 124/124/124
f 2080/2080/2080 2016/2016/2016 1392/1392/1392
f 2083/2083/2083 2070/2070/2070 2087/2087/2087
f 3169/3169/3169 2420/2420/2420 2810/2810/2810
f 379/379/379 393/393/393 394/394/394
f 1045/1045/1045 1340/1340/1340 9/9/9
f 305/305/305 2085/2085/2085 2196/2196/2196
f 2196/2196/2196 2085/2085/2085 2772/2772/2772
f 380/380/380 394/394/394 2672/2672/2672
f 1045/1045/1045 173/173/173 1340/1340/1340
f 2083/2083/2083 2087/2087/2087 571/571/571
f 2819/2819/2819 2066/2066/2066 2065/2065/2065
f 2275/2275/2275 2069/2069/2069 2819/2819/2819
f 566/566/566 2064/2064/2064 571/571/571
f 2066/2066/2066 2772/2772/2772 2065/2065/2065
f 3112/3112/3112 3092/3092/3092 2042/2042/2042
f 2042/2042/2042 2373/2373/2373 2050/2050/2050
f 77/77/77 2038/2038/2038 2050/2050/2050
f 2079/2079/2079 562/562/562 569/569/569
f 2985/2985/2985 77/77/77 2434/2434/2434
f 1513/1513/1513 2785/2785/2785 1404/1404/1404
f 2672/2672/2672 1378/1378/1378 305/305/305
f 2434/2434/2434 2069/2069/2069 2275/2275/2275
f 2057/2057/2057 3092/3092/3092 3112/3112/3112
f 2772/2772/2772 2066/2066/2066 2196/2196/2196
f 2050/2050/2050 2373/2373/2373 567/567/567
f 2785/2785/2785 379/379/379 3153/3153/3153
f 3092/3092/3092 2975/2975/2975 2042/2042/2042
f 380/380/380 2196/2196/2196 2078/2078/2078
f 2083/2083/2083 2082/2082/2082 2067/2067/2067
f 172/172/172 1340/1340/1340 173/173/173
f 379/379/379 394/394/394 2670/2670/2670
f 2985/2985/2985 2434/2434/2434 2440/2440/2440
f 77/77/77 2067/2067/2067 2434/2434/2434
f 393/393/393 379/379/379 1513/1513/1513
f 2038/2038/2038 2042/2042/2042 2050/2050/2050
f 2816/2816/2816 1404/1404/1404 2785/2785/2785
f 1045/1045/1045 392/392/392 127/127/127
f 9/9/9 392/392/392 1045/1045/1045
f 2050/2050/2050 570/570/570 77/77/77
f 380/380/380 2667/2667/2667 1341/1341/1341
f 2084/2084/2084 2079/2079/2079 2066/2066/2066
f 388/388/388 2667/2667/2667 86/86/86
f 143/143/143 172/172/172 173/173/173
f 172/172/172 143/143/143 2670/2670/2670
f 1341/1341/1341 2670/2670/2670 394/394/394
f 2078/2078/2078 558/558/558 191/191/191
f 394/394/394 380/380/380 1341/1341/1341
f 2275/2275/2275 2420/2420/2420 2440/2440/2440
f 2810/2810/2810 2149/2149/2149 2979/2979/2979
f 3153/3153/3153 2195/2195/2195 2785/2785/2785
f 2672/2672/2672 393/393/393 1378/1378/1378
f 2038/2038/2038 77/77/77 2985/2985/2985
f 2195/2195/2195 2802/2802/2802 2979/2979/2979
f 562/562/562 558/558/558 569/569/569
f 2080/2080/2080 2070/2070/2070 570/570/570
f 2672/2672/2672 2196/2196/2196 380/380/380
f 2440/2440/2440 2434/2434/2434 2275/2275/2275
f 1404/1404/1404 2065/2065/2065 2085/2085/2085
f 2084/2084/2084 2068/2068/2068 2079/2079/2079
f 389/389/389 392/392/392 9/9/9
f 2196/2196/2196 2079/2079/2079 569/569/569
f 2434/2434/2434 2067/2067/2067 2082/2082/2082
f 2816/2816/2816 2785/2785/2785 2195/2195/2195
f 2064/2064/2064 2083/2083/2083 571/571/571
f 2089/2089/2089 2080/2080/2080 1392/1392/1392
f 2064/2064/2064 2068/2068/2068 2082/2082/2082
f 1340/1340/1340 388/388/388 9/9/9
f 567/567/567 2080/2080/2080 570/570/570
f 2420/2420/2420 2149/2149/2149 2810/2810/2810
f 2016/2016/2016 2080/2080/2080 567/567/567
f 127/127/127 124/124/124 1045/1045/1045
f 188/188/188 2078/2078/2078 191/191/191
f 2440/2440/2440 3169/3169/3169 2057/2057/2057
f 1378/1378/1378 393/393/393 1513/1513/1513
f 1378/1378/1378 1513/1513/1513 1404/1404/1404
f 2149/2149/2149 2816/2816/2816 2195/2195/2195
f 1378/1378/1378 1404/1404/1404 2085/2085/2085
f 2067/2067/2067 77/77/77 570/570/570
f 124/124/124 127/127/127 1094/1094/1094
f 2149/2149/2149 2420/2420/2420 2275/2275/2275
f 393/393/393 2672/2672/2672 394/394/394
f 2079/2079/2079 2068/2068/2068 2064/2064/2064
f 558/558/558 2078/2078/2078 569/569/569
f 2070/2070/2070 2089/2089/2089 2087/2087/2087
f 2084/2084/2084 2819/2819/2819 2069/2069/2069
f 172/172/172 2670/2670/2670 1341/1341/1341
f 86/86/86 2667/2667/2667 696/696/696
f 2078/2078/2078 2667/2667/2667 380/380/380
f 2068/2068/2068 2069/2069/2069 2082/2082/2082
f 2066/2066/2066 2079/2079/2079 2196/2196/2196
f 2054/2054/2054 2985/2985/2985 2440/2440/2440
f 122/122/122 392/392/392 389/389/389
f 1669/1669/1669 1045/1045/1045 124/124/124
f 569/569/569 2078/2078/2078 2196/2196/2196
f 562/562/562 2079/2079/2079 566/566/566
f 2082/2082/2082 2083/2083/2083 2064/2064/2064
f 566/566/566 2079/2079/2079 2064/2064/2064
f 3169/3169/3169 2440/2440/2440 2420/2420/2420
f 1404/1404/1404 2816/2816/2816 2065/2065/2065
f 2985/2985/2985 2054/2054/2054 3112/3112/3112
f 2067/2067/2067 570/570/570 2070/2070/2070
f 2084/2084/2084 2066/2066/2066 2819/2819/2819
f 2067/2067/2067 2070/2070/2070 2083/2083/2083
f 1340/1340/1340 172/172/172 388/388/388
f 2816/2816/2816 2149/2149/2149 2819/2819/2819
f 173/173/173 1669/1669/1669 177/177/177
f 389/389/389 388/388/388 86/86/86
f 2979/2979/2979 2149/2149/2149 2195/2195/2195
f 388/388/388 389/389/389 9/9/9
f 2070/2070/2070 2080/2080/2080 2089/2089/2089
f 696/696/696 2667/2667/2667 188/188/188
f 1198/1198/1198 2517/2517/2517 1094/1094/1094
f 570/570/570 2050/2050/2050 567/567/567
f 2196/2196/2196 2672/2672/2672 305/305/305
f 120/120/120 128/128/128 391/391/391
f 123/123/123 120/120/120 391/391/391
f 1086/1086/1086 1091/1091/1091 1057/1057/1057
f 2333/2333/2333 1056/1056/1056 1449/1449/1449
f 1088/1088/1088 2343/2343/2343 2479/2479/2479
f 1057/1057/1057 1584/1584/1584 1086/1086/1086
f 2343/2343/2343 2472/2472/2472 2479/2479/2479
f 2515/2515/2515 2496/2496/2496 2471/2471/2471
f 2471/2471/2471 2496/2496/2496 1057/1057/1057
f 2531/2531/2531 1929/1929/1929 2474/2474/2474
f 1084/1084/1084 2479/2479/2479 2472/2472/2472
f 1021/1021/1021 1022/1022/1022 1266/1266/1266
f 1057/1057/1057 2496/2496/2496 911/911/911
f 1057/1057/1057 911/911/911 1587/1587/1587
f 2496/2496/2496 2515/2515/2515 2526/2526/2526
f 2526/2526/2526 911/911/911 2496/2496/2496
f 1252/1252/1252 2474/2474/2474 2515/2515/2515
f 1093/1093/1093 128/128/128 120/120/120
f 2470/2470/2470 1056/1056/1056 2526/2526/2526
f 1056/1056/1056 2333/2333/2333 1033/1033/1033
f 1929/1929/1929 2526/2526/2526 2474/2474/2474
f 1022/1022/1022 2470/2470/2470 2748/2748/2748
f 1164/1164/1164 1637/1637/1637 1173/1173/1173
f 120/120/120 1449/1449/1449 1021/1021/1021
f 2343/2343/2343 2515/2515/2515 2472/2472/2472
f 2471/2471/2471 1057/1057/1057 1091/1091/1091
f 2474/2474/2474 1252/1252/1252 2531/2531/2531
f 2470/2470/2470 1022/1022/1022 1024/1024/1024
f 1584/1584/1584 1057/1057/1057 1587/1587/1587
f 2533/2533/2533 2510/2510/2510 1141/1141/1141
f 1173/1173/1173 1162/1162/1162 1342/1342/1342
f 2533/2533/2533 2726/2726/2726 2405/2405/2405
f 2405/2405/2405 1342/1342/1342 2531/2531/2531
f 1004/1004/1004 1268/1268/1268 1006/1006/1006
f 1587/1587/1587 1056/1056/1056 1033/1033/1033
f 911/911/911 1056/1056/1056 1587/1587/1587
f 2472/2472/2472 2515/2515/2515 2471/2471/2471
f 1056/1056/1056 2470/2470/2470 1024/1024/1024
f 1266/1266/1266 120/120/120 1021/1021/1021
f 2471/2471/2471 1091/1091/1091 2472/2472/2472
f 123/123/123 2333/2333/2333 1449/1449/1449
f 1449/1449/1449 1056/1056/1056 1024/1024/1024
f 1021/1021/1021 1024/1024/1024 1022/1022/1022
f 1093/1093/1093 1095/1095/1095 128/128/128
f 1024/1024/1024 1021/1021/1021 1449/1449/1449
f 1449/1449/1449 120/120/120 123/123/123
f 2523/2523/2523 2469/2469/2469 1327/1327/1327
f 2726/2726/2726 2533/2533/2533 1141/1141/1141
f 2510/2510/2510 2534/2534/2534 2513/2513/2513
f 1093/1093/1093 2521/2521/2521 1095/1095/1095
f 1327/1327/1327 2512/2512/2512 1162/1162/1162
f 1252/1252/1252 2343/2343/2343 2504/2504/2504
f 1606/1606/1606 2513/2513/2513 2504/2504/2504
f 2526/2526/2526 1056/1056/1056 911/911/911
f 2470/2470/2470 2526/2526/2526 1929/1929/1929
f 1162/1162/1162 2512/2512/2512 1342/1342/1342
f 2521/2521/2521 1199/1199/1199 1095/1095/1095
f 2504/2504/2504 2513/2513/2513 2534/2534/2534
f 120/120/120 1266/1266/1266 1093/1093/1093
f 2515/2515/2515 2474/2474/2474 2526/2526/2526
f 2343/2343/2343 1252/1252/1252 2515/2515/2515
f 1606/1606/1606 2504/2504/2504 1088/1088/1088
f 2504/2504/2504 2534/2534/2534 2531/2531/2531
f 1327/1327/1327 2748/2748/2748 2512/2512/2512
f 1199/1199/1199 2521/2521/2521 2523/2523/2523
f 1320/1320/1320 1004/1004/1004 1173/1173/1173
f 2469/2469/2469 2521/2521/2521 1266/1266/1266
f 1306/1306/1306 1345/1345/1345 1316/1316/1316
f 1022/1022/1022 2469/2469/2469 1266/1266/1266
f 1004/1004/1004 1006/1006/1006 1329/1329/1329
f 2504/2504/2504 2343/2343/2343 1088/1088/1088
f 2521/2521/2521 2469/2469/2469 2523/2523/2523
f 1173/1173/1173 1637/1637/1637 1320/1320/1320
f 2504/2504/2504 2531/2531/2531 1252/1252/1252
f 1248/1248/1248 1306/1306/1306 1316/1316/1316
f 2523/2523/2523 1327/1327/1327 1293/1293/1293
f 1327/1327/1327 2469/2469/2469 2748/2748/2748
f 2748/2748/2748 2469/2469/2469 1022/1022/1022
f 1268/1268/1268 1345/1345/1345 1306/1306/1306
f 1173/1173/1173 1342/1342/1342 1164/1164/1164
f 2512/2512/2512 1929/1929/1929 1342/1342/1342
f 1268/1268/1268 1306/1306/1306 1293/1293/1293
f 2534/2534/2534 2510/2510/2510 2533/2533/2533
f 2405/2405/2405 1164/1164/1164 1342/1342/1342
f 2534/2534/2534 2405/2405/2405 2531/2531/2531
f 2534/2534/2534 2533/2533/2533 2405/2405/2405
f 1004/1004/1004 1329/1329/1329 1162/1162/1162
f 2531/2531/2531 1342/1342/1342 1929/1929/1929
f 1162/1162/1162 1173/1173/1173 1004/1004/1004
f 2726/2726/2726 1637/1637/1637 1164/1164/1164
f 1293/1293/1293 1248/1248/1248 2523/2523/2523
f 2405/2405/2405 2726/2726/2726 1164/1164/1164
f 1268/1268/1268 1293/1293/1293 1006/1006/1006
f 2512/2512/2512 2748/2748/2748 2470/2470/2470
f 1199/1199/1199 2523/2523/2523 1257/1257/1257
f 1293/1293/1293 1327/1327/1327 1006/1006/1006
f 1329/1329/1329 1327/1327/1327 1162/1162/1162
f 2512/2512/2512 2470/2470/2470 1929/1929/1929
f 1029/1029/1029 1152/1152/1152 1819/1819/1819
f 1035/1035/1035 2410/2410/2410 1910/1910/1910
f 1195/1195/1195 1820/1820/1820 1152/1152/1152
f 1084/1084/1084 2410/2410/2410 1035/1035/1035
f 1033/1033/1033 1820/1820/1820 1587/1587/1587
f 1820/1820/1820 1195/1195/1195 1078/1078/1078
f 1820/1820/1820 1819/1819/1819 1152/1152/1152
f 2333/2333/2333 1819/1819/1819 1033/1033/1033
f 1078/1078/1078 1079/1079/1079 1820/1820/1820
f 1584/1584/1584 1587/1587/1587 1820/1820/1820
f 1874/1874/1874 2410/2410/2410 1084/1084/1084
f 882/882/882 915/915/915 1004/1004/1004
f 1910/1910/1910 2410/2410/2410 1108/1108/1108
f 1142/1142/1142 370/370/370 1167/1167/1167
f 370/370/370 1435/1435/1435 1167/1167/1167
f 1141/1141/1141 2510/2510/2510 1146/1146/1146
f 1084/1084/1084 2472/2472/2472 1874/1874/1874
f 2410/2410/2410 1874/1874/1874 2502/2502/2502
f 2410/2410/2410 2502/2502/2502 1108/1108/1108
f 2472/2472/2472 1091/1091/1091 1874/1874/1874
f 2502/2502/2502 1874/1874/1874 1086/1086/1086
f 1874/1874/1874 1091/1091/1091 1086/1086/1086
f 1086/1086/1086 1079/1079/1079 2502/2502/2502
f 1079/1079/1079 1086/1086/1086 1584/1584/1584
f 1078/1078/1078 2502/2502/2502 1079/1079/1079
f 1584/1584/1584 1820/1820/1820 1079/1079/1079
f 1819/1819/1819 1820/1820/1820 1033/1033/1033
f 1819/1819/1819 2333/2333/2333 1029/1029/1029
f 2333/2333/2333 123/123/123 1029/1029/1029
f 1141/1141/1141 1146/1146/1146 1142/1142/1142
f 1146/1146/1146 1157/1157/1157 1142/1142/1142
f 1141/1141/1141 1142/1142/1142 1167/1167/1167
f 1167/1167/1167 2726/2726/2726 1141/1141/1141
f 1637/1637/1637 2726/2726/2726 1167/1167/1167
f 1320/1320/1320 1637/1637/1637 1435/1435/1435
f 1167/1167/1167 1435/1435/1435 1637/1637/1637
f 1248/1248/1248 1293/1293/1293 1306/1306/1306
f 2523/2523/2523 1248/1248/1248 1257/1257/1257
f 1006/1006/1006 1327/1327/1327 1329/1329/1329
f 1142/1142/1142 1157/1157/1157 370/370/370
f 1266/1266/1266 2521/2521/2521 1093/1093/1093
f 1320/1320/1320 882/882/882 1004/1004/1004
f 915/915/915 1345/1345/1345 1268/1268/1268
f 1268/1268/1268 1004/1004/1004 915/915/915
f 2264/2264/2264 2271/2271/2271 2387/2387/2387
f 1694/1694/1694 1695/1695/1695 879/879/879
f 1694/1694/1694 2432/2432/2432 1695/1695/1695
f 1695/1695/1695 2244/2244/2244 878/878/878
f 2432/2432/2432 2244/2244/2244 1695/1695/1695
f 136/136/136 2393/2393/2393 2367/2367/2367
f 1771/1771/1771 2295/2295/2295 2355/2355/2355
f 1562/1562/1562 1523/1523/1523 2400/2400/2400
f 2269/2269/2269 2259/2259/2259 2297/2297/2297
f 1734/1734/1734 2184/2184/2184 2406/2406/2406
f 903/903/903 905/905/905 1596/1596/1596
f 1596/1596/1596 905/905/905 1545/1545/1545
f 1597/1597/1597 1736/1736/1736 1596/1596/1596
f 878/878/878 1465/1465/1465 1467/1467/1467
f 893/893/893 899/899/899 887/887/887
f 2184/2184/2184 2182/2182/2182 2393/2393/2393
f 1561/1561/1561 1562/1562/1562 2591/2591/2591
f 886/886/886 1736/1736/1736 1597/1597/1597
f 903/903/903 1477/1477/1477 905/905/905
f 2257/2257/2257 1832/1832/1832 2249/2249/2249
f 1562/1562/1562 1694/1694/1694 879/879/879
f 2406/2406/2406 1477/1477/1477 903/903/903
f 889/889/889 886/886/886 1545/1545/1545
f 2184/2184/2184 2367/2367/2367 2182/2182/2182
f 2365/2365/2365 1670/1670/1670 1490/1490/1490
f 1673/1673/1673 1671/1671/1671 2593/2593/2593
f 2365/2365/2365 1671/1671/1671 1670/1670/1670
f 2365/2365/2365 2367/2367/2367 1083/1083/1083
f 2365/2365/2365 2372/2372/2372 1671/1671/1671
f 2435/2435/2435 643/643/643 2356/2356/2356
f 2591/2591/2591 643/643/643 2435/2435/2435
f 1083/1083/1083 1734/1734/1734 2377/2377/2377
f 2435/2435/2435 2354/2354/2354 2591/2591/2591
f 2450/2450/2450 1694/1694/1694 1561/1561/1561
f 1561/1561/1561 2591/2591/2591 2354/2354/2354
f 2351/2351/2351 2370/2370/2370 2371/2371/2371
f 2354/2354/2354 2435/2435/2435 2351/2351/2351
f 2357/2357/2357 1542/1542/1542 2450/2450/2450
f 2432/2432/2432 2450/2450/2450 1542/1542/1542
f 2390/2390/2390 1734/1734/1734 1736/1736/1736
f 1539/1539/1539 2438/2438/2438 2371/2371/2371
f 1670/1670/1670 1673/1673/1673 2463/2463/2463
f 2380/2380/2380 2351/2351/2351 2371/2371/2371
f 2354/2354/2354 2351/2351/2351 2380/2380/2380
f 2357/2357/2357 2450/2450/2450 2354/2354/2354
f 1536/1536/1536 1539/1539/1539 2390/2390/2390
f 1536/1536/1536 2438/2438/2438 1539/1539/1539
f 1204/1204/1204 1536/1536/1536 2390/2390/2390
f 2379/2379/2379 2380/2380/2380 2438/2438/2438
f 2353/2353/2353 2357/2357/2357 2380/2380/2380
f 2377/2377/2377 1734/1734/1734 2390/2390/2390
f 2379/2379/2379 2438/2438/2438 401/401/401
f 2356/2356/2356 2370/2370/2370 2435/2435/2435
f 2371/2371/2371 2377/2377/2377 1539/1539/1539
f 2593/2593/2593 2591/2591/2591 2400/2400/2400
f 1083/1083/1083 2372/2372/2372 2365/2365/2365
f 2182/2182/2182 2367/2367/2367 2393/2393/2393
f 879/879/879 878/878/878 2355/2355/2355
f 2367/2367/2367 2184/2184/2184 1734/1734/1734
f 1545/1545/1545 1597/1597/1597 1596/1596/1596
f 2247/2247/2247 2260/2260/2260 1832/1832/1832
f 1562/1562/1562 2355/2355/2355 1523/1523/1523
f 1523/1523/1523 2355/2355/2355 2345/2345/2345
f 2247/2247/2247 1832/1832/1832 1861/1861/1861
f 2355/2355/2355 2325/2325/2325 2345/2345/2345
f 1695/1695/1695 878/878/878 879/879/879
f 1832/1832/1832 2248/2248/2248 2249/2249/2249
f 2248/2248/2248 1832/1832/1832 2260/2260/2260
f 2365/2365/2365 1490/1490/1490 2367/2367/2367
f 2354/2354/2354 2380/2380/2380 2357/2357/2357
f 643/643/643 2593/2593/2593 2356/2356/2356
f 2356/2356/2356 2593/2593/2593 1671/1671/1671
f 2390/2390/2390 1539/1539/1539 2377/2377/2377
f 1083/1083/1083 2371/2371/2371 2372/2372/2372
f 2244/2244/2244 1465/1465/1465 878/878/878
f 2230/2230/2230 1467/1467/1467 1465/1465/1465
f 2297/2297/2297 2260/2260/2260 2269/2269/2269
f 2382/2382/2382 2259/2259/2259 2269/2269/2269
f 1596/1596/1596 2406/2406/2406 903/903/903
f 1474/1474/1474 1516/1516/1516 624/624/624
f 2252/2252/2252 276/276/276 1467/1467/1467
f 1525/1525/1525 1547/1547/1547 899/899/899
f 2230/2230/2230 2252/2252/2252 1467/1467/1467
f 276/276/276 2252/2252/2252 2387/2387/2387
f 2271/2271/2271 2249/2249/2249 2248/2248/2248
f 2271/2271/2271 2248/2248/2248 2387/2387/2387
f 897/897/897 1516/1516/1516 1525/1525/1525
f 275/275/275 1467/1467/1467 276/276/276
f 2297/2297/2297 2387/2387/2387 2248/2248/2248
f 1516/1516/1516 1474/1474/1474 1525/1525/1525
f 275/275/275 276/276/276 2259/2259/2259
f 276/276/276 2297/2297/2297 2259/2259/2259
f 1536/1536/1536 401/401/401 2438/2438/2438
f 2355/2355/2355 1562/1562/1562 879/879/879
f 2377/2377/2377 2371/2371/2371 1083/1083/1083
f 2367/2367/2367 1490/1490/1490 136/136/136
f 2367/2367/2367 1734/1734/1734 1083/1083/1083
f 2379/2379/2379 2353/2353/2353 2380/2380/2380
f 2380/2380/2380 2371/2371/2371 2438/2438/2438
f 2435/2435/2435 2370/2370/2370 2351/2351/2351
f 2295/2295/2295 2325/2325/2325 2355/2355/2355
f 1562/1562/1562 2400/2400/2400 2591/2591/2591
f 643/643/643 2591/2591/2591 2593/2593/2593
f 1204/1204/1204 2390/2390/2390 1736/1736/1736
f 2248/2248/2248 2260/2260/2260 2297/2297/2297
f 2325/2325/2325 2267/2267/2267 2382/2382/2382
f 1561/1561/1561 1694/1694/1694 1562/1562/1562
f 1771/1771/1771 2355/2355/2355 878/878/878
f 2295/2295/2295 1771/1771/1771 275/275/275
f 887/887/887 899/899/899 1547/1547/1547
f 1734/1734/1734 1596/1596/1596 1736/1736/1736
f 2267/2267/2267 2259/2259/2259 2382/2382/2382
f 1771/1771/1771 878/878/878 1467/1467/1467
f 275/275/275 1771/1771/1771 1467/1467/1467
f 2259/2259/2259 2267/2267/2267 275/275/275
f 899/899/899 897/897/897 1525/1525/1525
f 905/905/905 887/887/887 1545/1545/1545
f 1547/1547/1547 1525/1525/1525 1482/1482/1482
f 1545/1545/1545 886/886/886 1597/1597/1597
f 2295/2295/2295 2267/2267/2267 2325/2325/2325
f 624/624/624 1516/1516/1516 657/657/657
f 1547/1547/1547 1482/1482/1482 889/889/889
f 1482/1482/1482 1525/1525/1525 1474/1474/1474
f 1671/1671/1671 2372/2372/2372 2370/2370/2370
f 276/276/276 2387/2387/2387 2297/2297/2297
f 1734/1734/1734 2406/2406/2406 1596/1596/1596
f 1861/1861/1861 1832/1832/1832 2257/2257/2257
f 624/624/624 657/657/657 628/628/628
f 889/889/889 1545/1545/1545 887/887/887
f 889/889/889 887/887/887 1547/1547/1547
f 2372/2372/2372 2371/2371/2371 2370/2370/2370
f 2271/2271/2271 2264/2264/2264 2253/2253/2253
f 2295/2295/2295 275/275/275 2267/2267/2267
f 624/624/624 628/628/628 1474/1474/1474
f 2247/2247/2247 2269/2269/2269 2260/2260/2260
f 2264/2264/2264 2252/2252/2252 2230/2230/2230
f 887/887/887 905/905/905 1550/1550/1550
f 1694/1694/1694 2450/2450/2450 2432/2432/2432
f 2387/2387/2387 2252/2252/2252 2264/2264/2264
f 1673/1673/1673 1670/1670/1670 1671/1671/1671
f 1490/1490/1490 1670/1670/1670 2463/2463/2463
f 887/887/887 1550/1550/1550 893/893/893
f 1561/1561/1561 2354/2354/2354 2450/2450/2450
f 2271/2271/2271 2253/2253/2253 2249/2249/2249
f 2370/2370/2370 2356/2356/2356 1671/1671/1671
f 1477/1477/1477 2406/2406/2406 2184/2184/2184
f 3242/3242/3242 2610/2610/2610 2575/2575/2575
f 1160/1160/1160 1235/1235/1235 974/974/974
f 1639/1639/1639 1633/1633/1633 1640/1640/1640
f 1160/1160/1160 1343/1343/1343 1277/1277/1277
f 1330/1330/1330 2421/2421/2421 1639/1639/1639
f 2421/2421/2421 1330/1330/1330 1331/1331/1331
f 1331/1331/1331 2509/2509/2509 2421/2421/2421
f 2509/2509/2509 1352/1352/1352 1354/1354/1354
f 2421/2421/2421 2436/2436/2436 1639/1639/1639
f 1331/1331/1331 1352/1352/1352 2509/2509/2509
f 808/808/808 3237/3237/3237 3239/3239/3239
f 731/731/731 3242/3242/3242 616/616/616
f 2999/2999/2999 2957/2957/2957 2995/2995/2995
f 2576/2576/2576 71/71/71 2661/2661/2661
f 3239/3239/3239 3109/3109/3109 3007/3007/3007
f 1331/1331/1331 1235/1235/1235 1352/1352/1352
f 3250/3250/3250 3109/3109/3109 3240/3240/3240
f 3240/3240/3240 3239/3239/3239 3237/3237/3237
f 3240/3240/3240 3237/3237/3237 2977/2977/2977
f 2992/2992/2992 1639/1639/1639 2436/2436/2436
f 2970/2970/2970 3250/3250/3250 2999/2999/2999
f 974/974/974 1161/1161/1161 1160/1160/1160
f 3058/3058/3058 3250/3250/3250 3240/3240/3240
f 2957/2957/2957 2999/2999/2999 3250/3250/3250
f 2970/2970/2970 3109/3109/3109 3250/3250/3250
f 3239/3239/3239 3240/3240/3240 3109/3109/3109
f 1331/1331/1331 1330/1330/1330 1235/1235/1235
f 3069/3069/3069 3240/3240/3240 2977/2977/2977
f 3058/3058/3058 3240/3240/3240 3069/3069/3069
f 553/553/553 2645/2645/2645 2629/2629/2629
f 553/553/553 2797/2797/2797 2645/2645/2645
f 2610/2610/2610 3242/3242/3242 2652/2652/2652
f 3222/3222/3222 3237/3237/3237 808/808/808
f 2970/2970/2970 2999/2999/2999 2632/2632/2632
f 2629/2629/2629 2650/2650/2650 2652/2652/2652
f 2652/2652/2652 2737/2737/2737 2610/2610/2610
f 3018/3018/3018 2661/2661/2661 2981/2981/2981
f 2737/2737/2737 2647/2647/2647 2575/2575/2575
f 974/974/974 1330/1330/1330 1640/1640/1640
f 2638/2638/2638 2972/2972/2972 2700/2700/2700
f 3018/3018/3018 2972/2972/2972 2661/2661/2661
f 2575/2575/2575 2662/2662/2662 297/297/297
f 297/297/297 2576/2576/2576 2575/2575/2575
f 1235/1235/1235 1403/1403/1403 1352/1352/1352
f 2786/2786/2786 2797/2797/2797 2724/2724/2724
f 1334/1334/1334 974/974/974 1640/1640/1640
f 2632/2632/2632 2999/2999/2999 2995/2995/2995
f 2797/2797/2797 553/553/553 2724/2724/2724
f 3222/3222/3222 808/808/808 2409/2409/2409
f 2945/2945/2945 2632/2632/2632 2995/2995/2995
f 553/553/553 2629/2629/2629 2652/2652/2652
f 2786/2786/2786 2724/2724/2724 2779/2779/2779
f 1330/1330/1330 1639/1639/1639 1640/1640/1640
f 3000/3000/3000 3239/3239/3239 3007/3007/3007
f 3039/3039/3039 2613/2613/2613 2562/2562/2562
f 2945/2945/2945 2614/2614/2614 2632/2632/2632
f 1027/1027/1027 1191/1191/1191 1249/1249/1249
f 3007/3007/3007 2970/2970/2970 2632/2632/2632
f 2737/2737/2737 2652/2652/2652 2650/2650/2650
f 2652/2652/2652 3242/3242/3242 731/731/731
f 2724/2724/2724 553/553/553 731/731/731
f 2970/2970/2970 3007/3007/3007 3109/3109/3109
f 1160/1160/1160 1277/1277/1277 1235/1235/1235
f 1365/1365/1365 1161/1161/1161 1222/1222/1222
f 1365/1365/1365 1343/1343/1343 1161/1161/1161
f 2229/2229/2229 3237/3237/3237 3222/3222/3222
f 1161/1161/1161 1343/1343/1343 1160/1160/1160
f 1191/1191/1191 1317/1317/1317 1365/1365/1365
f 1343/1343/1343 1344/1344/1344 1277/1277/1277
f 3000/3000/3000 2562/2562/2562 2615/2615/2615
f 3007/3007/3007 2632/2632/2632 2614/2614/2614
f 1330/1330/1330 974/974/974 1235/1235/1235
f 3000/3000/3000 3007/3007/3007 3039/3039/3039
f 2615/2615/2615 2409/2409/2409 3000/3000/3000
f 3039/3039/3039 3007/3007/3007 2614/2614/2614
f 2681/2681/2681 2614/2614/2614 2945/2945/2945
f 3242/3242/3242 2575/2575/2575 2638/2638/2638
f 808/808/808 3000/3000/3000 2409/2409/2409
f 2724/2724/2724 616/616/616 2681/2681/2681
f 2638/2638/2638 564/564/564 3242/3242/3242
f 1352/1352/1352 1403/1403/1403 1354/1354/1354
f 2700/2700/2700 2972/2972/2972 2613/2613/2613
f 2614/2614/2614 2613/2613/2613 3039/3039/3039
f 1235/1235/1235 1277/1277/1277 1403/1403/1403
f 2662/2662/2662 2575/2575/2575 2647/2647/2647
f 1633/1633/1633 1334/1334/1334 1640/1640/1640
f 2613/2613/2613 3018/3018/3018 2562/2562/2562
f 2614/2614/2614 2681/2681/2681 2700/2700/2700
f 2996/2996/2996 2779/2779/2779 2945/2945/2945
f 616/616/616 564/564/564 2681/2681/2681
f 2681/2681/2681 564/564/564 2700/2700/2700
f 2436/2436/2436 297/297/297 2992/2992/2992
f 2992/2992/2992 1633/1633/1633 1639/1639/1639
f 616/616/616 3242/3242/3242 564/564/564
f 2614/2614/2614 2700/2700/2700 2613/2613/2613
f 2575/2575/2575 2610/2610/2610 2737/2737/2737
f 3000/3000/3000 3039/3039/3039 2562/2562/2562
f 2638/2638/2638 2575/2575/2575 2576/2576/2576
f 3018/3018/3018 2613/2613/2613 2972/2972/2972
f 2995/2995/2995 2996/2996/2996 2945/2945/2945
f 2992/2992/2992 297/297/297 2662/2662/2662
f 2681/2681/2681 2945/2945/2945 2779/2779/2779
f 2615/2615/2615 3158/3158/3158 2409/2409/2409
f 2972/2972/2972 2576/2576/2576 2661/2661/2661
f 2700/2700/2700 564/564/564 2638/2638/2638
f 2409/2409/2409 3158/3158/3158 3222/3222/3222
f 2724/2724/2724 731/731/731 616/616/616
f 1249/1249/1249 1317/1317/1317 1027/1027/1027
f 297/297/297 71/71/71 2576/2576/2576
f 2981/2981/2981 2615/2615/2615 2562/2562/2562
f 974/974/974 1222/1222/1222 1161/1161/1161
f 553/553/553 2652/2652/2652 731/731/731
f 2779/2779/2779 2724/2724/2724 2681/2681/2681
f 3000/3000/3000 808/808/808 3239/3239/3239
f 2996/2996/2996 2995/2995/2995 2957/2957/2957
f 3018/3018/3018 2981/2981/2981 2562/2562/2562
f 2638/2638/2638 2576/2576/2576 2972/2972/2972
f 1222/1222/1222 974/974/974 1334/1334/1334
f 1317/1317/1317 1343/1343/1343 1365/1365/1365
f 2453/2453/2453 2448/2448/2448 2578/2578/2578
f 3010/3010/3010 3222/3222/3222 3158/3158/3158
f 2622/2622/2622 2448/2448/2448 3158/3158/3158
f 2461/2461/2461 2578/2578/2578 2552/2552/2552
f 2229/2229/2229 3222/3222/3222 3010/3010/3010
f 2622/2622/2622 2623/2623/2623 2578/2578/2578
f 2453/2453/2453 2578/2578/2578 2461/2461/2461
f 3158/3158/3158 2615/2615/2615 2622/2622/2622
f 2622/2622/2622 522/522/522 2623/2623/2623
f 2615/2615/2615 522/522/522 2622/2622/2622
f 2552/2552/2552 2578/2578/2578 2623/2623/2623
f 2448/2448/2448 3010/3010/3010 3158/3158/3158
f 2578/2578/2578 2448/2448/2448 2622/2622/2622
f 259/259/259 2623/2623/2623 522/522/522
f 2436/2436/2436 3141/3141/3141 297/297/297
f 278/278/278 259/259/259 3141/3141/3141
f 2626/2626/2626 2421/2421/2421 2509/2509/2509
f 2411/2411/2411 2615/2615/2615 2981/2981/2981
f 3141/3141/3141 71/71/71 297/297/297
f 278/278/278 2436/2436/2436 2421/2421/2421
f 278/278/278 2421/2421/2421 2626/2626/2626
f 3141/3141/3141 2436/2436/2436 278/278/278
f 1317/1317/1317 1344/1344/1344 1343/1343/1343
f 1317/1317/1317 1191/1191/1191 1027/1027/1027
f 1386/1386/1386 2626/2626/2626 1398/1398/1398
f 2714/2714/2714 71/71/71 3141/3141/3141
f 278/278/278 2623/2623/2623 259/259/259
f 522/522/522 2981/2981/2981 2661/2661/2661
f 2626/2626/2626 2623/2623/2623 278/278/278
f 2626/2626/2626 2552/2552/2552 2623/2623/2623
f 259/259/259 522/522/522 2714/2714/2714
f 2661/2661/2661 71/71/71 2714/2714/2714
f 2411/2411/2411 2981/2981/2981 522/522/522
f 3141/3141/3141 259/259/259 2714/2714/2714
f 1386/1386/1386 2552/2552/2552 2626/2626/2626
f 2714/2714/2714 522/522/522 2661/2661/2661
f 2626/2626/2626 2509/2509/2509 1398/1398/1398
f 2615/2615/2615 2411/2411/2411 522/522/522
f 2227/2227/2227 2232/2232/2232 2235/2235/2235
f 2449/2449/2449 2170/2170/2170 2169/2169/2169
f 2433/2433/2433 2167/2167/2167 2166/2166/2166
f 2423/2423/2423 2227/2227/2227 2235/2235/2235
f 2423/2423/2423 2235/2235/2235 2424/2424/2424
f 2240/2240/2240 2191/2191/2191 2241/2241/2241
f 2155/2155/2155 1491/1491/1491 2158/2158/2158
f 2155/2155/2155 2240/2240/2240 1491/1491/1491
f 1543/1543/1543 2455/2455/2455 2167/2167/2167
f 2166/2166/2166 2170/2170/2170 2245/2245/2245
f 2189/2189/2189 2155/2155/2155 2158/2158/2158
f 2168/2168/2168 2191/2191/2191 1003/1003/1003
f 712/712/712 2219/2219/2219 2189/2189/2189
f 2155/2155/2155 2191/2191/2191 2240/2240/2240
f 2176/2176/2176 2430/2430/2430 2428/2428/2428
f 2167/2167/2167 2455/2455/2455 1441/1441/1441
f 2423/2423/2423 2424/2424/2424 1003/1003/1003
f 1488/1488/1488 2418/2418/2418 1491/1491/1491
f 2189/2189/2189 2162/2162/2162 2148/2148/2148
f 2162/2162/2162 2189/2189/2189 2152/2152/2152
f 2191/2191/2191 2155/2155/2155 2189/2189/2189
f 2226/2226/2226 2424/2424/2424 2235/2235/2235
f 2165/2165/2165 2189/2189/2189 2219/2219/2219
f 712/712/712 741/741/741 2219/2219/2219
f 2368/2368/2368 1233/1233/1233 2369/2369/2369
f 712/712/712 2189/2189/2189 2148/2148/2148
f 402/402/402 2441/2441/2441 2378/2378/2378
f 1003/1003/1003 2424/2424/2424 2168/2168/2168
f 2240/2240/2240 2241/2241/2241 2446/2446/2446
f 1799/1799/1799 2423/2423/2423 1003/1003/1003
f 741/741/741 1003/1003/1003 2165/2165/2165
f 2424/2424/2424 2226/2226/2226 2431/2431/2431
f 210/210/210 1594/1594/1594 155/155/155
f 2158/2158/2158 2418/2418/2418 2152/2152/2152
f 1593/1593/1593 1058/1058/1058 1495/1495/1495
f 230/230/230 1594/1594/1594 210/210/210
f 1067/1067/1067 1058/1058/1058 230/230/230
f 1069/1069/1069 1071/1071/1071 157/157/157
f 230/230/230 1071/1071/1071 1067/1067/1067
f 1071/1071/1071 1069/1069/1069 1067/1067/1067
f 1594/1594/1594 230/230/230 1593/1593/1593
f 1593/1593/1593 2456/2456/2456 1594/1594/1594
f 1058/1058/1058 1593/1593/1593 230/230/230
f 2158/2158/2158 1491/1491/1491 2418/2418/2418
f 2189/2189/2189 2165/2165/2165 2191/2191/2191
f 1058/1058/1058 1067/1067/1067 1068/1068/1068
f 801/801/801 2242/2242/2242 1799/1799/1799
f 1003/1003/1003 741/741/741 801/801/801
f 1233/1233/1233 2368/2368/2368 2145/2145/2145
f 2431/2431/2431 2168/2168/2168 2424/2424/2424
f 2227/2227/2227 2423/2423/2423 1799/1799/1799
f 2165/2165/2165 2219/2219/2219 741/741/741
f 752/752/752 2242/2242/2242 801/801/801
f 2220/2220/2220 2232/2232/2232 1466/1466/1466
f 1799/1799/1799 1003/1003/1003 801/801/801
f 741/741/741 752/752/752 801/801/801
f 1068/1068/1068 1496/1496/1496 1058/1058/1058
f 230/230/230 210/210/210 1071/1071/1071
f 712/712/712 2428/2428/2428 741/741/741
f 1969/1969/1969 1593/1593/1593 1495/1495/1495
f 2191/2191/2191 2165/2165/2165 1003/1003/1003
f 1488/1488/1488 1491/1491/1491 2240/2240/2240
f 2428/2428/2428 752/752/752 741/741/741
f 2241/2241/2241 2168/2168/2168 2431/2431/2431
f 2148/2148/2148 2176/2176/2176 712/712/712
f 2226/2226/2226 2236/2236/2236 2220/2220/2220
f 155/155/155 157/157/157 210/210/210
f 2428/2428/2428 712/712/712 2176/2176/2176
f 2250/2250/2250 2254/2254/2254 855/855/855
f 1466/1466/1466 2232/2232/2232 2234/2234/2234
f 2231/2231/2231 2234/2234/2234 802/802/802
f 861/861/861 843/843/843 856/856/856
f 210/210/210 157/157/157 1071/1071/1071
f 157/157/157 1104/1104/1104 1069/1069/1069
f 810/810/810 855/855/855 2254/2254/2254
f 802/802/802 2234/2234/2234 2232/2232/2232
f 1511/1511/1511 861/861/861 856/856/856
f 747/747/747 661/661/661 855/855/855
f 1496/1496/1496 1495/1495/1495 1058/1058/1058
f 810/810/810 747/747/747 855/855/855
f 747/747/747 810/810/810 804/804/804
f 2211/2211/2211 2232/2232/2232 2224/2224/2224
f 2191/2191/2191 2168/2168/2168 2241/2241/2241
f 803/803/803 802/802/802 2211/2211/2211
f 2254/2254/2254 2263/2263/2263 810/810/810
f 2227/2227/2227 2224/2224/2224 2232/2232/2232
f 1528/1528/1528 1526/1526/1526 1511/1511/1511
f 1233/1233/1233 1441/1441/1441 2369/2369/2369
f 2159/2159/2159 1969/1969/1969 1171/1171/1171
f 2430/2430/2430 752/752/752 2428/2428/2428
f 2159/2159/2159 1442/1442/1442 1049/1049/1049
f 2145/2145/2145 2378/2378/2378 2439/2439/2439
f 2446/2446/2446 2241/2241/2241 2431/2431/2431
f 661/661/661 804/804/804 666/666/666
f 1441/1441/1441 1233/1233/1233 1227/1227/1227
f 2145/2145/2145 1473/1473/1473 1233/1233/1233
f 2441/2441/2441 2439/2439/2439 2378/2378/2378
f 2159/2159/2159 1049/1049/1049 1969/1969/1969
f 2445/2445/2445 2439/2439/2439 2441/2441/2441
f 2170/2170/2170 2166/2166/2166 2167/2167/2167
f 1969/1969/1969 1295/1295/1295 1593/1593/1593
f 1593/1593/1593 1295/1295/1295 2456/2456/2456
f 2158/2158/2158 2152/2152/2152 2189/2189/2189
f 2232/2232/2232 2236/2236/2236 2235/2235/2235
f 2235/2235/2235 2236/2236/2236 2226/2226/2226
f 2226/2226/2226 2449/2449/2449 2431/2431/2431
f 2446/2446/2446 2431/2431/2431 2169/2169/2169
f 803/803/803 804/804/804 810/810/810
f 2211/2211/2211 2224/2224/2224 800/800/800
f 800/800/800 803/803/803 2211/2211/2211
f 661/661/661 1511/1511/1511 856/856/856
f 2224/2224/2224 2227/2227/2227 1799/1799/1799
f 1511/1511/1511 806/806/806 1528/1528/1528
f 806/806/806 666/666/666 804/804/804
f 1931/1931/1931 752/752/752 2430/2430/2430
f 816/816/816 743/743/743 828/828/828
f 1106/1106/1106 1931/1931/1931 799/799/799
f 2224/2224/2224 2303/2303/2303 800/800/800
f 803/803/803 800/800/800 805/805/805
f 2236/2236/2236 2232/2232/2232 2220/2220/2220
f 2220/2220/2220 2449/2449/2449 2226/2226/2226
f 2449/2449/2449 2169/2169/2169 2431/2431/2431
f 2446/2446/2446 2169/2169/2169 1810/1810/1810
f 2433/2433/2433 2166/2166/2166 2245/2245/2245
f 2220/2220/2220 2170/2170/2170 2449/2449/2449
f 1810/1810/1810 2169/2169/2169 2170/2170/2170
f 909/909/909 1295/1295/1295 913/913/913
f 1171/1171/1171 2446/2446/2446 1810/1810/1810
f 913/913/913 1227/1227/1227 1473/1473/1473
f 934/934/934 909/909/909 913/913/913
f 1466/1466/1466 2245/2245/2245 2220/2220/2220
f 2456/2456/2456 1295/1295/1295 909/909/909
f 2245/2245/2245 2170/2170/2170 2220/2220/2220
f 2170/2170/2170 2167/2167/2167 1810/1810/1810
f 2422/2422/2422 2446/2446/2446 1171/1171/1171
f 1441/1441/1441 1227/1227/1227 1050/1050/1050
f 2358/2358/2358 2455/2455/2455 1543/1543/1543
f 1485/1485/1485 1104/1104/1104 157/157/157
f 1049/1049/1049 1442/1442/1442 1050/1050/1050
f 1227/1227/1227 1233/1233/1233 1473/1473/1473
f 1227/1227/1227 913/913/913 1295/1295/1295
f 1065/1065/1065 155/155/155 1594/1594/1594
f 1594/1594/1594 2456/2456/2456 1065/1065/1065
f 2145/2145/2145 2439/2439/2439 1473/1473/1473
f 1810/1810/1810 2167/2167/2167 1442/1442/1442
f 2455/2455/2455 2369/2369/2369 1441/1441/1441
f 1473/1473/1473 2439/2439/2439 2445/2445/2445
f 1969/1969/1969 1049/1049/1049 1295/1295/1295
f 2159/2159/2159 1810/1810/1810 1442/1442/1442
f 2368/2368/2368 2369/2369/2369 2455/2455/2455
f 1442/1442/1442 2167/2167/2167 1441/1441/1441
f 2368/2368/2368 2352/2352/2352 2145/2145/2145
f 1488/1488/1488 2427/2427/2427 2480/2480/2480
f 2456/2456/2456 909/909/909 934/934/934
f 145/145/145 783/783/783 146/146/146
f 146/146/146 108/108/108 145/145/145
f 1488/1488/1488 1914/1914/1914 2427/2427/2427
f 1495/1495/1495 1171/1171/1171 1969/1969/1969
f 783/783/783 145/145/145 787/787/787
f 855/855/855 661/661/661 637/637/637
f 2224/2224/2224 1799/1799/1799 2303/2303/2303
f 806/806/806 1046/1046/1046 1528/1528/1528
f 1295/1295/1295 1049/1049/1049 1050/1050/1050
f 775/775/775 1189/1189/1189 783/783/783
f 108/108/108 146/146/146 97/97/97
f 787/787/787 799/799/799 783/783/783
f 783/783/783 1189/1189/1189 146/146/146
f 810/810/810 802/802/802 803/803/803
f 2456/2456/2456 934/934/934 1065/1065/1065
f 1227/1227/1227 1295/1295/1295 1050/1050/1050
f 826/826/826 145/145/145 108/108/108
f 861/861/861 1511/1511/1511 1526/1526/1526
f 145/145/145 826/826/826 787/787/787
f 97/97/97 146/146/146 1189/1189/1189
f 826/826/826 1106/1106/1106 787/787/787
f 787/787/787 1106/1106/1106 799/799/799
f 2422/2422/2422 1171/1171/1171 1495/1495/1495
f 1799/1799/1799 2242/2242/2242 2237/2237/2237
f 1050/1050/1050 1442/1442/1442 1441/1441/1441
f 1038/1038/1038 1046/1046/1046 806/806/806
f 805/805/805 817/817/817 806/806/806
f 2303/2303/2303 2237/2237/2237 809/809/809
f 1488/1488/1488 2240/2240/2240 1914/1914/1914
f 2242/2242/2242 2487/2487/2487 797/797/797
f 1511/1511/1511 666/666/666 806/806/806
f 815/815/815 1038/1038/1038 817/817/817
f 805/805/805 804/804/804 803/803/803
f 2426/2426/2426 2422/2422/2422 1495/1495/1495
f 2378/2378/2378 2145/2145/2145 2352/2352/2352
f 2237/2237/2237 2243/2243/2243 809/809/809
f 826/826/826 797/797/797 1106/1106/1106
f 1914/1914/1914 2422/2422/2422 2426/2426/2426
f 2303/2303/2303 1799/1799/1799 2237/2237/2237
f 1503/1503/1503 1038/1038/1038 815/815/815
f 2427/2427/2427 2483/2483/2483 1068/1068/1068
f 1543/1543/1543 2167/2167/2167 2433/2433/2433
f 2446/2446/2446 1914/1914/1914 2240/2240/2240
f 834/834/834 1503/1503/1503 815/815/815
f 746/746/746 813/813/813 108/108/108
f 816/816/816 2243/2243/2243 813/813/813
f 2237/2237/2237 2242/2242/2242 2243/2243/2243
f 2483/2483/2483 2426/2426/2426 1496/1496/1496
f 1914/1914/1914 2426/2426/2426 2483/2483/2483
f 746/746/746 743/743/743 816/816/816
f 1171/1171/1171 1810/1810/1810 2159/2159/2159
f 2427/2427/2427 2457/2457/2457 2480/2480/2480
f 2487/2487/2487 752/752/752 1106/1106/1106
f 2455/2455/2455 2358/2358/2358 2368/2368/2368
f 2352/2352/2352 2368/2368/2368 2358/2358/2358
f 2446/2446/2446 2422/2422/2422 1914/1914/1914
f 2445/2445/2445 913/913/913 1473/1473/1473
f 813/813/813 746/746/746 816/816/816
f 2483/2483/2483 1496/1496/1496 1068/1068/1068
f 639/639/639 637/637/637 856/856/856
f 1495/1495/1495 1496/1496/1496 2426/2426/2426
f 856/856/856 843/843/843 639/639/639
f 806/806/806 817/817/817 1038/1038/1038
f 1139/1139/1139 2427/2427/2427 1068/1068/1068
f 746/746/746 108/108/108 97/97/97
f 815/815/815 816/816/816 828/828/828
f 797/797/797 826/826/826 108/108/108
f 637/637/637 639/639/639 642/642/642
f 816/816/816 815/815/815 809/809/809
f 2480/2480/2480 2418/2418/2418 1488/1488/1488
f 97/97/97 743/743/743 746/746/746
f 797/797/797 108/108/108 813/813/813
f 743/743/743 97/97/97 147/147/147
f 809/809/809 817/817/817 805/805/805
f 1139/1139/1139 1068/1068/1068 1067/1067/1067
f 1139/1139/1139 2457/2457/2457 2427/2427/2427
f 2250/2250/2250 855/855/855 637/637/637
f 661/661/661 747/747/747 804/804/804
f 1511/1511/1511 661/661/661 666/666/666
f 2487/2487/2487 2242/2242/2242 752/752/752
f 727/727/727 732/732/732 737/737/737
f 775/775/775 737/737/737 1189/1189/1189
f 737/737/737 770/770/770 727/727/727
f 2243/2243/2243 2242/2242/2242 797/797/797
f 828/828/828 834/834/834 815/815/815
f 809/809/809 2243/2243/2243 816/816/816
f 1189/1189/1189 147/147/147 97/97/97
f 1046/1046/1046 1038/1038/1038 1503/1503/1503
f 2231/2231/2231 1466/1466/1466 2234/2234/2234
f 797/797/797 813/813/813 2243/2243/2243
f 797/797/797 2487/2487/2487 1106/1106/1106
f 800/800/800 2303/2303/2303 805/805/805
f 802/802/802 2263/2263/2263 2231/2231/2231
f 637/637/637 661/661/661 856/856/856
f 1106/1106/1106 752/752/752 1931/1931/1931
f 775/775/775 770/770/770 737/737/737
f 817/817/817 809/809/809 815/815/815
f 805/805/805 806/806/806 804/804/804
f 805/805/805 2303/2303/2303 809/809/809
f 2211/2211/2211 802/802/802 2232/2232/2232
f 810/810/810 2263/2263/2263 802/802/802
f 2483/2483/2483 2427/2427/2427 1914/1914/1914
f 523/523/523 2525/2525/2525 490/490/490
f 1209/1209/1209 3244/3244/3244 1396/1396/1396
f 503/503/503 969/969/969 1616/1616/1616
f 2603/2603/2603 3005/3005/3005 1396/1396/1396
f 1208/1208/1208 387/387/387 1380/1380/1380
f 1229/1229/1229 984/984/984 1208/1208/1208
f 397/397/397 482/482/482 955/955/955
f 1636/1636/1636 1234/1234/1234 1608/1608/1608
f 2649/2649/2649 2604/2604/2604 1396/1396/1396
f 1367/1367/1367 1394/1394/1394 509/509/509
f 465/465/465 1082/1082/1082 470/470/470
f 507/507/507 2525/2525/2525 509/509/509
f 1335/1335/1335 1644/1644/1644 1223/1223/1223
f 398/398/398 955/955/955 1082/1082/1082
f 1636/1636/1636 1212/1212/1212 1229/1229/1229
f 470/470/470 1082/1082/1082 1118/1118/1118
f 397/397/397 955/955/955 398/398/398
f 1644/1644/1644 1214/1214/1214 1366/1366/1366
f 1082/1082/1082 955/955/955 1118/1118/1118
f 1394/1394/1394 2960/2960/2960 509/509/509
f 482/482/482 1118/1118/1118 955/955/955
f 1117/1117/1117 475/475/475 1338/1338/1338
f 470/470/470 1117/1117/1117 469/469/469
f 1338/1338/1338 469/469/469 1117/1117/1117
f 1118/1118/1118 1117/1117/1117 470/470/470
f 2649/2649/2649 1634/1634/1634 2599/2599/2599
f 1117/1117/1117 1118/1118/1118 1172/1172/1172
f 3021/3021/3021 1048/1048/1048 3023/3023/3023
f 1048/1048/1048 1032/1032/1032 1172/1172/1172
f 475/475/475 1117/1117/1117 1032/1032/1032
f 1172/1172/1172 1032/1032/1032 1117/1117/1117
f 1118/1118/1118 1048/1048/1048 1172/1172/1172
f 507/507/507 506/506/506 2525/2525/2525
f 1126/1126/1126 1048/1048/1048 1118/1118/1118
f 1177/1177/1177 1126/1126/1126 1118/1118/1118
f 548/548/548 3003/3003/3003 2507/2507/2507
f 1118/1118/1118 482/482/482 1177/1177/1177
f 1043/1043/1043 3021/3021/3021 492/492/492
f 381/381/381 182/182/182 382/382/382
f 1371/1371/1371 2751/2751/2751 1375/1375/1375
f 355/355/355 2928/2928/2928 428/428/428
f 1081/1081/1081 1380/1380/1380 387/387/387
f 863/863/863 500/500/500 506/506/506
f 329/329/329 428/428/428 2928/2928/2928
f 427/427/427 329/329/329 2928/2928/2928
f 864/864/864 863/863/863 506/506/506
f 490/490/490 500/500/500 501/501/501
f 382/382/382 428/428/428 329/329/329
f 2651/2651/2651 2630/2630/2630 649/649/649
f 384/384/384 351/351/351 682/682/682
f 1023/1023/1023 1009/1009/1009 1076/1076/1076
f 351/351/351 397/397/397 682/682/682
f 1241/1241/1241 1238/1238/1238 2710/2710/2710
f 1076/1076/1076 1080/1080/1080 1163/1163/1163
f 946/946/946 2745/2745/2745 908/908/908
f 1396/1396/1396 3005/3005/3005 1209/1209/1209
f 2603/2603/2603 866/866/866 3005/3005/3005
f 2814/2814/2814 2815/2815/2815 2665/2665/2665
f 351/351/351 384/384/384 386/386/386
f 1126/1126/1126 2665/2665/2665 3023/3023/3023
f 1643/1643/1643 1214/1214/1214 1644/1644/1644
f 1009/1009/1009 1018/1018/1018 548/548/548
f 386/386/386 1163/1163/1163 351/351/351
f 883/883/883 1644/1644/1644 1634/1634/1634
f 1409/1409/1409 969/969/969 986/986/986
f 384/384/384 385/385/385 386/386/386
f 397/397/397 351/351/351 1174/1174/1174
f 2744/2744/2744 1338/1338/1338 475/475/475
f 1076/1076/1076 1163/1163/1163 386/386/386
f 1409/1409/1409 1174/1174/1174 1163/1163/1163
f 682/682/682 397/397/397 398/398/398
f 1134/1134/1134 984/984/984 1616/1616/1616
f 1048/1048/1048 1043/1043/1043 1032/1032/1032
f 1409/1409/1409 1177/1177/1177 1174/1174/1174
f 1192/1192/1192 1366/1366/1366 1214/1214/1214
f 1208/1208/1208 1380/1380/1380 1229/1229/1229
f 1174/1174/1174 482/482/482 397/397/397
f 1163/1163/1163 1174/1174/1174 351/351/351
f 1192/1192/1192 908/908/908 1250/1250/1250
f 1258/1258/1258 1256/1256/1256 908/908/908
f 1080/1080/1080 1076/1076/1076 1081/1081/1081
f 386/386/386 181/181/181 1076/1076/1076
f 1163/1163/1163 1080/1080/1080 1409/1409/1409
f 1174/1174/1174 1177/1177/1177 482/482/482
f 1023/1023/1023 1076/1076/1076 126/126/126
f 1009/1009/1009 1081/1081/1081 1076/1076/1076
f 181/181/181 126/126/126 1076/1076/1076
f 1018/1018/1018 1009/1009/1009 1023/1023/1023
f 412/412/412 2668/2668/2668 415/415/415
f 1155/1155/1155 1154/1154/1154 142/142/142
f 864/864/864 506/506/506 745/745/745
f 3021/3021/3021 1043/1043/1043 1048/1048/1048
f 2507/2507/2507 1125/1125/1125 1009/1009/1009
f 1125/1125/1125 1081/1081/1081 1009/1009/1009
f 3023/3023/3023 1048/1048/1048 1126/1126/1126
f 1211/1211/1211 1184/1184/1184 3081/3081/3081
f 548/548/548 2507/2507/2507 1009/1009/1009
f 649/649/649 2616/2616/2616 1364/1364/1364
f 864/864/864 1211/1211/1211 866/866/866
f 181/181/181 386/386/386 385/385/385
f 427/427/427 2848/2848/2848 329/329/329
f 476/476/476 863/863/863 864/864/864
f 3023/3023/3023 2815/2815/2815 2782/2782/2782
f 329/329/329 374/374/374 382/382/382
f 2729/2729/2729 1367/1367/1367 527/527/527
f 2782/2782/2782 3081/3081/3081 1184/1184/1184
f 676/676/676 2648/2648/2648 2738/2738/2738
f 2607/2607/2607 2729/2729/2729 527/527/527
f 1338/1338/1338 2744/2744/2744 1394/1394/1394
f 503/503/503 1566/1566/1566 986/986/986
f 2180/2180/2180 2848/2848/2848 427/427/427
f 509/509/509 527/527/527 1367/1367/1367
f 182/182/182 181/181/181 385/385/385
f 969/969/969 503/503/503 986/986/986
f 181/181/181 182/182/182 1371/1371/1371
f 1380/1380/1380 1081/1081/1081 1125/1125/1125
f 864/864/864 866/866/866 476/476/476
f 1125/1125/1125 2507/2507/2507 1380/1380/1380
f 1363/1363/1363 649/649/649 1364/1364/1364
f 574/574/574 1364/1364/1364 2677/2677/2677
f 507/507/507 2960/2960/2960 492/492/492
f 1394/1394/1394 2744/2744/2744 2960/2960/2960
f 126/126/126 181/181/181 1371/1371/1371
f 3081/3081/3081 2782/2782/2782 2815/2815/2815
f 2848/2848/2848 374/374/374 329/329/329
f 2665/2665/2665 2815/2815/2815 3023/3023/3023
f 381/381/381 382/382/382 376/376/376
f 3005/3005/3005 866/866/866 3081/3081/3081
f 1566/1566/1566 2665/2665/2665 1126/1126/1126
f 527/527/527 2525/2525/2525 523/523/523
f 509/509/509 2960/2960/2960 507/507/507
f 863/863/863 574/574/574 500/500/500
f 126/126/126 1371/1371/1371 1374/1374/1374
f 1634/1634/1634 539/539/539 2599/2599/2599
f 2611/2611/2611 2663/2663/2663 3053/3053/3053
f 2651/2651/2651 649/649/649 676/676/676
f 1387/1387/1387 382/382/382 385/385/385
f 2993/2993/2993 2659/2659/2659 539/539/539
f 2597/2597/2597 2630/2630/2630 2646/2646/2646
f 3051/3051/3051 2648/2648/2648 2756/2756/2756
f 1028/1028/1028 1374/1374/1374 1375/1375/1375
f 374/374/374 376/376/376 382/382/382
f 3051/3051/3051 2756/2756/2756 2604/2604/2604
f 142/142/142 144/144/144 1674/1674/1674
f 141/141/141 1020/1020/1020 1028/1028/1028
f 1374/1374/1374 1371/1371/1371 1375/1375/1375
f 2611/2611/2611 3053/3053/3053 3051/3051/3051
f 1020/1020/1020 141/141/141 2516/2516/2516
f 141/141/141 125/125/125 2516/2516/2516
f 1396/1396/1396 2604/2604/2604 2603/2603/2603
f 1238/1238/1238 1200/1200/1200 1258/1258/1258
f 1028/1028/1028 140/140/140 141/141/141
f 548/548/548 2745/2745/2745 3003/3003/3003
f 476/476/476 1363/1363/1363 1364/1364/1364
f 1608/1608/1608 1644/1644/1644 1636/1636/1636
f 649/649/649 1363/1363/1363 676/676/676
f 1258/1258/1258 2710/2710/2710 1238/1238/1238
f 1020/1020/1020 1018/1018/1018 1374/1374/1374
f 2677/2677/2677 2616/2616/2616 2597/2597/2597
f 2616/2616/2616 649/649/649 2597/2597/2597
f 140/140/140 1674/1674/1674 141/141/141
f 475/475/475 1032/1032/1032 1043/1043/1043
f 1192/1192/1192 946/946/946 908/908/908
f 1214/1214/1214 946/946/946 1192/1192/1192
f 2604/2604/2604 2649/2649/2649 2599/2599/2599
f 649/649/649 2630/2630/2630 2597/2597/2597
f 908/908/908 2710/2710/2710 1258/1258/1258
f 1200/1200/1200 1238/1238/1238 2516/2516/2516
f 864/864/864 745/745/745 1211/1211/1211
f 1020/1020/1020 2516/2516/2516 1241/1241/1241
f 2710/2710/2710 908/908/908 2745/2745/2745
f 1223/1223/1223 1644/1644/1644 1366/1366/1366
f 863/863/863 476/476/476 1364/1364/1364
f 3021/3021/3021 2782/2782/2782 492/492/492
f 2599/2599/2599 2611/2611/2611 3051/3051/3051
f 2745/2745/2745 946/946/946 3003/3003/3003
f 523/523/523 2607/2607/2607 527/527/527
f 2710/2710/2710 2745/2745/2745 1018/1018/1018
f 1643/1643/1643 946/946/946 1214/1214/1214
f 2710/2710/2710 1018/1018/1018 1241/1241/1241
f 1643/1643/1643 3003/3003/3003 946/946/946
f 1080/1080/1080 969/969/969 1409/1409/1409
f 527/527/527 509/509/509 2525/2525/2525
f 2745/2745/2745 548/548/548 1018/1018/1018
f 174/174/174 1674/1674/1674 144/144/144
f 1256/1256/1256 1258/1258/1258 1200/1200/1200
f 2663/2663/2663 2659/2659/2659 2993/2993/2993
f 1643/1643/1643 1644/1644/1644 1608/1608/1608
f 1241/1241/1241 2516/2516/2516 1238/1238/1238
f 1643/1643/1643 2507/2507/2507 3003/3003/3003
f 1335/1335/1335 1634/1634/1634 1644/1644/1644
f 1234/1234/1234 1643/1643/1643 1608/1608/1608
f 1636/1636/1636 1644/1644/1644 883/883/883
f 883/883/883 1634/1634/1634 2649/2649/2649
f 2507/2507/2507 1234/1234/1234 1380/1380/1380
f 1134/1134/1134 1208/1208/1208 984/984/984
f 1229/1229/1229 1234/1234/1234 1636/1636/1636
f 676/676/676 2738/2738/2738 2651/2651/2651
f 1212/1212/1212 1636/1636/1636 883/883/883
f 883/883/883 2649/2649/2649 1212/1212/1212
f 2525/2525/2525 500/500/500 490/490/490
f 1234/1234/1234 1229/1229/1229 1380/1380/1380
f 2960/2960/2960 2744/2744/2744 475/475/475
f 1616/1616/1616 969/969/969 1134/1134/1134
f 866/866/866 2603/2603/2603 476/476/476
f 506/506/506 500/500/500 2525/2525/2525
f 3244/3244/3244 1212/1212/1212 2649/2649/2649
f 2782/2782/2782 3021/3021/3021 3023/3023/3023
f 1229/1229/1229 1212/1212/1212 984/984/984
f 1364/1364/1364 2616/2616/2616 2677/2677/2677
f 984/984/984 1212/1212/1212 3244/3244/3244
f 1566/1566/1566 1126/1126/1126 1177/1177/1177
f 2649/2649/2649 1396/1396/1396 3244/3244/3244
f 1023/1023/1023 126/126/126 1374/1374/1374
f 1643/1643/1643 1234/1234/1234 2507/2507/2507
f 1018/1018/1018 1020/1020/1020 1241/1241/1241
f 125/125/125 141/141/141 178/178/178
f 2663/2663/2663 2648/2648/2648 3053/3053/3053
f 986/986/986 1177/1177/1177 1409/1409/1409
f 1023/1023/1023 1374/1374/1374 1018/1018/1018
f 492/492/492 2782/2782/2782 1184/1184/1184
f 1374/1374/1374 1028/1028/1028 1020/1020/1020
f 1364/1364/1364 574/574/574 863/863/863
f 1674/1674/1674 178/178/178 141/141/141
f 2659/2659/2659 2663/2663/2663 2611/2611/2611
f 505/505/505 1347/1347/1347 501/501/501
f 505/505/505 500/500/500 574/574/574
f 3051/3051/3051 2604/2604/2604 2599/2599/2599
f 2928/2928/2928 2180/2180/2180 427/427/427
f 428/428/428 382/382/382 1387/1387/1387
f 2659/2659/2659 2611/2611/2611 2599/2599/2599
f 144/144/144 142/142/142 415/415/415
f 398/398/398 418/418/418 2549/2549/2549
f 676/676/676 1363/1363/1363 2756/2756/2756
f 355/355/355 398/398/398 2549/2549/2549
f 2993/2993/2993 539/539/539 1634/1634/1634
f 2756/2756/2756 2648/2648/2648 676/676/676
f 398/398/398 355/355/355 682/682/682
f 174/174/174 178/178/178 1674/1674/1674
f 142/142/142 140/140/140 1155/1155/1155
f 415/415/415 381/381/381 376/376/376
f 1387/1387/1387 682/682/682 355/355/355
f 385/385/385 382/382/382 182/182/182
f 2659/2659/2659 2599/2599/2599 539/539/539
f 384/384/384 682/682/682 1387/1387/1387
f 2604/2604/2604 2756/2756/2756 1363/1363/1363
f 140/140/140 142/142/142 1674/1674/1674
f 355/355/355 428/428/428 1387/1387/1387
f 1028/1028/1028 1155/1155/1155 140/140/140
f 2751/2751/2751 1371/1371/1371 381/381/381
f 415/415/415 2668/2668/2668 144/144/144
f 1154/1154/1154 1155/1155/1155 2751/2751/2751
f 385/385/385 384/384/384 1387/1387/1387
f 142/142/142 1154/1154/1154 415/415/415
f 381/381/381 415/415/415 1154/1154/1154
f 2180/2180/2180 2928/2928/2928 2838/2838/2838
f 1043/1043/1043 2960/2960/2960 475/475/475
f 1338/1338/1338 1394/1394/1394 1367/1367/1367
f 2180/2180/2180 2838/2838/2838 1723/1723/1723
f 415/415/415 376/376/376 412/412/412
f 3051/3051/3051 3053/3053/3053 2648/2648/2648
f 1155/1155/1155 1028/1028/1028 1375/1375/1375
f 1154/1154/1154 2751/2751/2751 381/381/381
f 182/182/182 381/381/381 1371/1371/1371
f 1256/1256/1256 1250/1250/1250 908/908/908
f 1375/1375/1375 2751/2751/2751 1155/1155/1155
f 503/503/503 1616/1616/1616 1566/1566/1566
f 984/984/984 3244/3244/3244 2814/2814/2814
f 3005/3005/3005 3081/3081/3081 2815/2815/2815
f 1566/1566/1566 1177/1177/1177 986/986/986
f 1211/1211/1211 745/745/745 1184/1184/1184
f 2960/2960/2960 1043/1043/1043 492/492/492
f 2665/2665/2665 1566/1566/1566 1616/1616/1616
f 501/501/501 500/500/500 505/505/505
f 969/969/969 1080/1080/1080 1081/1081/1081
f 476/476/476 2603/2603/2603 1363/1363/1363
f 3005/3005/3005 2815/2815/2815 1209/1209/1209
f 2815/2815/2815 2814/2814/2814 1209/1209/1209
f 1616/1616/1616 2814/2814/2814 2665/2665/2665
f 745/745/745 506/506/506 507/507/507
f 969/969/969 1081/1081/1081 387/387/387
f 387/387/387 1134/1134/1134 969/969/969
f 492/492/492 745/745/745 507/507/507
f 1082/1082/1082 465/465/465 418/418/418
f 1209/1209/1209 2814/2814/2814 3244/3244/3244
f 2603/2603/2603 2604/2604/2604 1363/1363/1363
f 418/418/418 398/398/398 1082/1082/1082
f 745/745/745 492/492/492 1184/1184/1184
f 3081/3081/3081 866/866/866 1211/1211/1211
f 2814/2814/2814 1616/1616/1616 984/984/984
f 387/387/387 1208/1208/1208 1134/1134/1134
f 2955/2955/2955 333/333/333 2920/2920/2920
f 2920/2920/2920 2208/2208/2208 2140/2140/2140
f 2920/2920/2920 2140/2140/2140 2955/2955/2955
f 3052/3052/3052 2076/2076/2076 2628/2628/2628
f 2076/2076/2076 3052/3052/3052 2100/2100/2100
f 3004/3004/3004 1966/1966/1966 2076/2076/2076
f 2112/2112/2112 1966/1966/1966 3004/3004/3004
f 3052/3052/3052 2628/2628/2628 2001/2001/2001
f 2100/2100/2100 3004/3004/3004 2076/2076/2076
f 3080/3080/3080 2888/2888/2888 2021/2021/2021
f 2906/2906/2906 3146/3146/3146 2888/2888/2888
f 2021/2021/2021 2888/2888/2888 3146/3146/3146
f 3185/3185/3185 3146/3146/3146 2906/2906/2906
f 1989/1989/1989 1947/1947/1947 2072/2072/2072
f 2021/2021/2021 2306/2306/2306 2892/2892/2892
f 1989/1989/1989 2072/2072/2072 2305/2305/2305
f 2892/2892/2892 2305/2305/2305 3212/3212/3212
f 2888/2888/2888 3080/3080/3080 3094/3094/3094
f 1989/1989/1989 2305/2305/2305 3185/3185/3185
f 3212/3212/3212 2305/2305/2305 2072/2072/2072
f 1985/1985/1985 2072/2072/2072 1947/1947/1947
f 2906/2906/2906 2888/2888/2888 3094/3094/3094
f 2305/2305/2305 2306/2306/2306 3185/3185/3185
f 3146/3146/3146 2306/2306/2306 2021/2021/2021
f 2892/2892/2892 2306/2306/2306 2305/2305/2305
f 3185/3185/3185 2306/2306/2306 3146/3146/3146
f 2001/2001/2001 2110/2110/2110 3052/3052/3052
f 3198/3198/3198 2112/2112/2112 3004/3004/3004
f 2095/2095/2095 3004/3004/3004 2100/2100/2100
f 2973/2973/2973 250/250/250 2023/2023/2023
f 2095/2095/2095 1995/1995/1995 2903/2903/2903
f 1995/1995/1995 1994/1994/1994 2903/2903/2903
f 3198/3198/3198 2903/2903/2903 2673/2673/2673
f 2205/2205/2205 2903/2903/2903 1994/1994/1994
f 2903/2903/2903 2205/2205/2205 2673/2673/2673
f 3004/3004/3004 2095/2095/2095 3198/3198/3198
f 2673/2673/2673 3074/3074/3074 2186/2186/2186
f 2903/2903/2903 3198/3198/3198 2095/2095/2095
f 2186/2186/2186 3198/3198/3198 2673/2673/2673
f 3074/3074/3074 2673/2673/2673 2205/2205/2205
f 2047/2047/2047 1947/1947/1947 3204/3204/3204
f 2047/2047/2047 1994/1994/1994 1947/1947/1947
f 2047/2047/2047 1991/1991/1991 1994/1994/1994
f 1994/1994/1994 1991/1991/1991 2205/2205/2205
f 3093/3093/3093 2967/2967/2967 293/293/293
f 2205/2205/2205 2046/2046/2046 3074/3074/3074
f 2046/2046/2046 1991/1991/1991 2045/2045/2045
f 2973/2973/2973 3093/3093/3093 293/293/293
f 2973/2973/2973 293/293/293 250/250/250
f 2034/2034/2034 2021/2021/2021 250/250/250
f 1947/1947/1947 1994/1994/1994 1995/1995/1995
f 2955/2955/2955 3074/3074/3074 310/310/310
f 2205/2205/2205 1991/1991/1991 3181/3181/3181
f 332/332/332 333/333/333 310/310/310
f 3074/3074/3074 2955/2955/2955 2186/2186/2186
f 2046/2046/2046 2045/2045/2045 3142/3142/3142
f 2046/2046/2046 3142/3142/3142 2105/2105/2105
f 311/311/311 2105/2105/2105 2074/2074/2074
f 2105/2105/2105 311/311/311 310/310/310
f 2046/2046/2046 310/310/310 3074/3074/3074
f 2058/2058/2058 2967/2967/2967 3093/3093/3093
f 1991/1991/1991 2046/2046/2046 3181/3181/3181
f 3204/3204/3204 1947/1947/1947 1989/1989/1989
f 311/311/311 2131/2131/2131 2132/2132/2132
f 2046/2046/2046 2105/2105/2105 310/310/310
f 2105/2105/2105 3142/3142/3142 2074/2074/2074
f 2131/2131/2131 311/311/311 2074/2074/2074
f 2205/2205/2205 3181/3181/3181 2046/2046/2046
f 310/310/310 333/333/333 2955/2955/2955
f 311/311/311 2132/2132/2132 2123/2123/2123
f 311/311/311 332/332/332 310/310/310
f 2023/2023/2023 250/250/250 248/248/248
f 2021/2021/2021 248/248/248 250/250/250
f 2892/2892/2892 248/248/248 2021/2021/2021
f 2942/2942/2942 3066/3066/3066 2465/2465/2465
f 2465/2465/2465 2225/2225/2225 2805/2805/2805
f 2853/2853/2853 2943/2943/2943 2953/2953/2953
f 2867/2867/2867 2875/2875/2875 2869/2869/2869
f 2812/2812/2812 2969/2969/2969 2851/2851/2851
f 3152/3152/3152 2225/2225/2225 3066/3066/3066
f 2465/2465/2465 3066/3066/3066 2225/2225/2225
f 2859/2859/2859 2202/2202/2202 2858/2858/2858
f 2361/2361/2361 2942/2942/2942 2969/2969/2969
f 2482/2482/2482 2477/2477/2477 2946/2946/2946
f 2940/2940/2940 2943/2943/2943 2895/2895/2895
f 2801/2801/2801 3016/3016/3016 2927/2927/2927
f 414/414/414 2792/2792/2792 2804/2804/2804
f 2796/2796/2796 3011/3011/3011 2465/2465/2465
f 2946/2946/2946 2036/2036/2036 2482/2482/2482
f 2940/2940/2940 2895/2895/2895 3025/3025/3025
f 2855/2855/2855 1514/1514/1514 372/372/372
f 2185/2185/2185 2843/2843/2843 2789/2789/2789
f 2811/2811/2811 3016/3016/3016 3170/3170/3170
f 2851/2851/2851 2959/2959/2959 2812/2812/2812
f 2878/2878/2878 3160/3160/3160 3096/3096/3096
f 2927/2927/2927 2809/2809/2809 2795/2795/2795
f 2522/2522/2522 2842/2842/2842 2954/2954/2954
f 2803/2803/2803 2942/2942/2942 2795/2795/2795
f 2878/2878/2878 3096/3096/3096 2963/2963/2963
f 375/375/375 372/372/372 377/377/377
f 2866/2866/2866 2851/2851/2851 2969/2969/2969
f 2482/2482/2482 2954/2954/2954 3044/3044/3044
f 2851/2851/2851 2790/2790/2790 2202/2202/2202
f 2202/2202/2202 3012/3012/3012 2840/2840/2840
f 2811/2811/2811 2795/2795/2795 2809/2809/2809
f 2805/2805/2805 2225/2225/2225 2807/2807/2807
f 1514/1514/1514 2052/2052/2052 1524/1524/1524
f 2936/2936/2936 2774/2774/2774 3166/3166/3166
f 3012/3012/3012 2859/2859/2859 2953/2953/2953
f 3160/3160/3160 2841/2841/2841 3096/3096/3096
f 2866/2866/2866 2150/2150/2150 2790/2790/2790
f 2790/2790/2790 2150/2150/2150 2796/2796/2796
f 3012/3012/3012 2944/2944/2944 2963/2963/2963
f 2858/2858/2858 2790/2790/2790 2789/2789/2789
f 2794/2794/2794 1524/1524/1524 2796/2796/2796
f 2927/2927/2927 2451/2451/2451 2801/2801/2801
f 3025/3025/3025 2867/2867/2867 2869/2869/2869
f 2859/2859/2859 2858/2858/2858 2953/2953/2953
f 2801/2801/2801 2451/2451/2451 2443/2443/2443
f 3160/3160/3160 2878/2878/2878 2936/2936/2936
f 2794/2794/2794 2796/2796/2796 2465/2465/2465
f 2801/2801/2801 2443/2443/2443 2051/2051/2051
f 2790/2790/2790 2796/2796/2796 1524/1524/1524
f 2794/2794/2794 2805/2805/2805 2792/2792/2792
f 2959/2959/2959 2522/2522/2522 2812/2812/2812
f 2980/2980/2980 2795/2795/2795 2811/2811/2811
f 2790/2790/2790 1524/1524/1524 2052/2052/2052
f 2804/2804/2804 2805/2805/2805 2807/2807/2807
f 2052/2052/2052 2789/2789/2789 2790/2790/2790
f 2522/2522/2522 2959/2959/2959 2840/2840/2840
f 3016/3016/3016 2811/2811/2811 2809/2809/2809
f 2842/2842/2842 3087/3087/3087 2954/2954/2954
f 2803/2803/2803 2795/2795/2795 2980/2980/2980
f 2795/2795/2795 2942/2942/2942 2361/2361/2361
f 3016/3016/3016 2809/2809/2809 2927/2927/2927
f 3066/3066/3066 2803/2803/2803 3152/3152/3152
f 2225/2225/2225 378/378/378 2807/2807/2807
f 3152/3152/3152 378/378/378 2225/2225/2225
f 3187/3187/3187 2132/2132/2132 2131/2131/2131
f 2927/2927/2927 2795/2795/2795 2451/2451/2451
f 2131/2131/2131 2028/2028/2028 3187/3187/3187
f 2790/2790/2790 2858/2858/2858 2202/2202/2202
f 2185/2185/2185 2789/2789/2789 2052/2052/2052
f 2795/2795/2795 2361/2361/2361 2451/2451/2451
f 2891/2891/2891 3025/3025/3025 2869/2869/2869
f 2840/2840/2840 2959/2959/2959 2202/2202/2202
f 2940/2940/2940 3025/3025/3025 2938/2938/2938
f 2858/2858/2858 2789/2789/2789 2875/2875/2875
f 2361/2361/2361 2443/2443/2443 2451/2451/2451
f 2843/2843/2843 2875/2875/2875 2789/2789/2789
f 2969/2969/2969 2942/2942/2942 2866/2866/2866
f 2202/2202/2202 2859/2859/2859 3012/3012/3012
f 2465/2465/2465 2150/2150/2150 2942/2942/2942
f 2943/2943/2943 2877/2877/2877 2963/2963/2963
f 3025/3025/3025 2891/2891/2891 2938/2938/2938
f 2036/2036/2036 2361/2361/2361 2969/2969/2969
f 2443/2443/2443 2361/2361/2361 2946/2946/2946
f 2051/2051/2051 2443/2443/2443 2477/2477/2477
f 2969/2969/2969 2812/2812/2812 2036/2036/2036
f 2866/2866/2866 2942/2942/2942 2150/2150/2150
f 2465/2465/2465 3011/3011/3011 2150/2150/2150
f 2805/2805/2805 2794/2794/2794 2465/2465/2465
f 2805/2805/2805 2804/2804/2804 2792/2792/2792
f 2946/2946/2946 2477/2477/2477 2443/2443/2443
f 2036/2036/2036 2812/2812/2812 2482/2482/2482
f 2851/2851/2851 2866/2866/2866 2790/2790/2790
f 2796/2796/2796 2150/2150/2150 3011/3011/3011
f 2477/2477/2477 3044/3044/3044 2051/2051/2051
f 2853/2853/2853 2867/2867/2867 2895/2895/2895
f 2812/2812/2812 2954/2954/2954 2482/2482/2482
f 1524/1524/1524 2794/2794/2794 2792/2792/2792
f 3012/3012/3012 2953/2953/2953 2944/2944/2944
f 2792/2792/2792 414/414/414 372/372/372
f 2792/2792/2792 372/372/372 1514/1514/1514
f 2946/2946/2946 2361/2361/2361 2036/2036/2036
f 2482/2482/2482 3044/3044/3044 2477/2477/2477
f 2522/2522/2522 2954/2954/2954 2812/2812/2812
f 2202/2202/2202 2959/2959/2959 2851/2851/2851
f 1524/1524/1524 2792/2792/2792 1514/1514/1514
f 2522/2522/2522 2840/2840/2840 2842/2842/2842
f 2844/2844/2844 2855/2855/2855 375/375/375
f 3104/3104/3104 3044/3044/3044 2954/2954/2954
f 3087/3087/3087 2842/2842/2842 2841/2841/2841
f 375/375/375 2855/2855/2855 372/372/372
f 3104/3104/3104 2954/2954/2954 3087/3087/3087
f 1514/1514/1514 2185/2185/2185 2052/2052/2052
f 2185/2185/2185 1514/1514/1514 2855/2855/2855
f 2842/2842/2842 2840/2840/2840 2841/2841/2841
f 2803/2803/2803 3066/3066/3066 2942/2942/2942
f 2858/2858/2858 2875/2875/2875 2867/2867/2867
f 2853/2853/2853 2953/2953/2953 2858/2858/2858
f 2840/2840/2840 3012/3012/3012 3096/3096/3096
f 2844/2844/2844 2185/2185/2185 2855/2855/2855
f 2841/2841/2841 2840/2840/2840 3096/3096/3096
f 3096/3096/3096 3012/3012/3012 2963/2963/2963
f 2867/2867/2867 2853/2853/2853 2858/2858/2858
f 2843/2843/2843 2869/2869/2869 2875/2875/2875
f 2844/2844/2844 375/375/375 2847/2847/2847
f 2844/2844/2844 2843/2843/2843 2185/2185/2185
f 1724/1724/1724 2891/2891/2891 2181/2181/2181
f 2944/2944/2944 2953/2953/2953 2943/2943/2943
f 2943/2943/2943 2853/2853/2853 2895/2895/2895
f 2843/2843/2843 2861/2861/2861 2869/2869/2869
f 2861/2861/2861 2844/2844/2844 2847/2847/2847
f 2844/2844/2844 2861/2861/2861 2843/2843/2843
f 2944/2944/2944 2943/2943/2943 2963/2963/2963
f 2878/2878/2878 2963/2963/2963 2877/2877/2877
f 2895/2895/2895 2867/2867/2867 3025/3025/3025
f 2891/2891/2891 2869/2869/2869 2861/2861/2861
f 2847/2847/2847 2181/2181/2181 2861/2861/2861
f 377/377/377 372/372/372 414/414/414
f 2878/2878/2878 2877/2877/2877 2936/2936/2936
f 2943/2943/2943 2940/2940/2940 2877/2877/2877
f 2891/2891/2891 2861/2861/2861 2181/2181/2181
f 2774/2774/2774 2936/2936/2936 2877/2877/2877
f 2877/2877/2877 2940/2940/2940 2774/2774/2774
f 1724/1724/1724 2938/2938/2938 2891/2891/2891
f 2026/2026/2026 3142/3142/3142 2045/2045/2045
f 2026/2026/2026 2274/2274/2274 3142/3142/3142
f 2274/2274/2274 3022/3022/3022 3142/3142/3142
f 2074/2074/2074 3142/3142/3142 3022/3022/3022
f 333/333/333 332/332/332 2123/2123/2123
f 311/311/311 2123/2123/2123 332/332/332
f 3052/3052/3052 2982/2982/2982 2100/2100/2100
f 2982/2982/2982 2095/2095/2095 2100/2100/2100
f 2930/2930/2930 1948/1948/1948 1947/1947/1947
f 2982/2982/2982 1912/1912/1912 2095/2095/2095
f 2110/2110/2110 1993/1993/1993 1912/1912/1912
f 1912/1912/1912 1993/1993/1993 2930/2930/2930
f 3052/3052/3052 2110/2110/2110 2982/2982/2982
f 1995/1995/1995 2930/2930/2930 1947/1947/1947
f 2110/2110/2110 1912/1912/1912 2982/2982/2982
f 1995/1995/1995 2095/2095/2095 1912/1912/1912
f 1985/1985/1985 1947/1947/1947 1948/1948/1948
f 414/414/414 2804/2804/2804 413/413/413
f 1912/1912/1912 2930/2930/2930 1995/1995/1995
f 2005/2005/2005 3094/3094/3094 2037/2037/2037
f 2005/2005/2005 2037/2037/2037 1991/1991/1991
f 1989/1989/1989 3185/3185/3185 3204/3204/3204
f 2037/2037/2037 2044/2044/2044 1991/1991/1991
f 2005/2005/2005 2906/2906/2906 3094/3094/3094
f 2047/2047/2047 2005/2005/2005 1991/1991/1991
f 3185/3185/3185 2906/2906/2906 3204/3204/3204
f 2047/2047/2047 2906/2906/2906 2005/2005/2005
f 1991/1991/1991 2044/2044/2044 2045/2045/2045
f 2047/2047/2047 3204/3204/3204 2906/2906/2906
f 2186/2186/2186 2114/2114/2114 2112/2112/2112
f 2186/2186/2186 2112/2112/2112 3198/3198/3198
f 2186/2186/2186 2955/2955/2955 2114/2114/2114
f 2140/2140/2140 2208/2208/2208 2114/2114/2114
f 2114/2114/2114 2955/2955/2955 2140/2140/2140
f 3160/3160/3160 2936/2936/2936 2990/2990/2990
f 3199/3199/3199 2990/2990/2990 254/254/254
f 2990/2990/2990 3154/3154/3154 3160/3160/3160
f 2990/2990/2990 3199/3199/3199 3154/3154/3154
f 3199/3199/3199 254/254/254 3085/3085/3085
f 3090/3090/3090 3155/3155/3155 3134/3134/3134
f 3104/3104/3104 2964/2964/2964 3097/3097/3097
f 3090/3090/3090 3154/3154/3154 3164/3164/3164
f 3160/3160/3160 2041/2041/2041 2841/2841/2841
f 2966/2966/2966 2967/2967/2967 3170/3170/3170
f 3097/3097/3097 3044/3044/3044 3104/3104/3104
f 2041/2041/2041 3154/3154/3154 2956/2956/2956
f 3134/3134/3134 3173/3173/3173 3035/3035/3035
f 3037/3037/3037 1958/1958/1958 2274/2274/2274
f 2807/2807/2807 2669/2669/2669 2804/2804/2804
f 2074/2074/2074 3022/3022/3022 3156/3156/3156
f 3170/3170/3170 3016/3016/3016 2966/2966/2966
f 2967/2967/2967 2019/2019/2019 293/293/293
f 3091/3091/3091 2030/2030/2030 2028/2028/2028
f 2841/2841/2841 2041/2041/2041 2956/2956/2956
f 2119/2119/2119 3080/3080/3080 2117/2117/2117
f 3094/3094/3094 2119/2119/2119 3161/3161/3161
f 3161/3161/3161 3037/3037/3037 2026/2026/2026
f 413/413/413 377/377/377 414/414/414
f 3154/3154/3154 3199/3199/3199 307/307/307
f 3134/3134/3134 3135/3135/3135 3090/3090/3090
f 2019/2019/2019 2034/2034/2034 250/250/250
f 3090/3090/3090 3087/3087/3087 2956/2956/2956
f 2034/2034/2034 2117/2117/2117 2021/2021/2021
f 2669/2669/2669 2807/2807/2807 378/378/378
f 3190/3190/3190 2117/2117/2117 2019/2019/2019
f 2965/2965/2965 2801/2801/2801 2051/2051/2051
f 3135/3135/3135 3087/3087/3087 3090/3090/3090
f 3091/3091/3091 3089/3089/3089 307/307/307
f 3044/3044/3044 3097/3097/3097 2051/2051/2051
f 2026/2026/2026 3037/3037/3037 2274/2274/2274
f 2956/2956/2956 3087/3087/3087 2841/2841/2841
f 2037/2037/2037 3094/3094/3094 3161/3161/3161
f 2801/2801/2801 2800/2800/2800 3016/3016/3016
f 2800/2800/2800 2966/2966/2966 3016/3016/3016
f 2804/2804/2804 2669/2669/2669 413/413/413
f 2800/2800/2800 2801/2801/2801 2965/2965/2965
f 3164/3164/3164 3154/3154/3154 307/307/307
f 3164/3164/3164 3155/3155/3155 3090/3090/3090
f 2025/2025/2025 2026/2026/2026 2045/2045/2045
f 2021/2021/2021 2117/2117/2117 3080/3080/3080
f 3170/3170/3170 2967/2967/2967 2058/2058/2058
f 2966/2966/2966 2800/2800/2800 2965/2965/2965
f 2966/2966/2966 2019/2019/2019 2967/2967/2967
f 293/293/293 2019/2019/2019 250/250/250
f 3037/3037/3037 3035/3035/3035 3173/3173/3173
f 3104/3104/3104 3135/3135/3135 2964/2964/2964
f 3089/3089/3089 3164/3164/3164 307/307/307
f 3199/3199/3199 3085/3085/3085 307/307/307
f 3145/3145/3145 3091/3091/3091 2028/2028/2028
f 3140/3140/3140 2965/2965/2965 3097/3097/3097
f 3088/3088/3088 3035/3035/3035 3037/3037/3037
f 3140/3140/3140 3035/3035/3035 3088/3088/3088
f 3135/3135/3135 3104/3104/3104 3087/3087/3087
f 2019/2019/2019 2966/2966/2966 2965/2965/2965
f 2964/2964/2964 3134/3134/3134 3035/3035/3035
f 2964/2964/2964 3135/3135/3135 3134/3134/3134
f 3164/3164/3164 3089/3089/3089 3155/3155/3155
f 2965/2965/2965 2051/2051/2051 3097/3097/3097
f 3190/3190/3190 2019/2019/2019 2965/2965/2965
f 3156/3156/3156 3145/3145/3145 2028/2028/2028
f 3089/3089/3089 3091/3091/3091 3145/3145/3145
f 3160/3160/3160 3154/3154/3154 2041/2041/2041
f 3097/3097/3097 2964/2964/2964 3140/3140/3140
f 2025/2025/2025 3161/3161/3161 2026/2026/2026
f 3173/3173/3173 3155/3155/3155 3089/3089/3089
f 3190/3190/3190 2965/2965/2965 3140/3140/3140
f 2956/2956/2956 3154/3154/3154 3090/3090/3090
f 3085/3085/3085 3091/3091/3091 307/307/307
f 2119/2119/2119 3190/3190/3190 3140/3140/3140
f 1958/1958/1958 3173/3173/3173 3089/3089/3089
f 3190/3190/3190 2119/2119/2119 2117/2117/2117
f 2037/2037/2037 2025/2025/2025 2044/2044/2044
f 3145/3145/3145 3022/3022/3022 1958/1958/1958
f 3022/3022/3022 3145/3145/3145 3156/3156/3156
f 1958/1958/1958 3089/3089/3089 3145/3145/3145
f 3161/3161/3161 3088/3088/3088 3037/3037/3037
f 3037/3037/3037 3173/3173/3173 1958/1958/1958
f 3091/3091/3091 3085/3085/3085 2030/2030/2030
f 2028/2028/2028 2131/2131/2131 3156/3156/3156
f 1958/1958/1958 3022/3022/3022 2274/2274/2274
f 2119/2119/2119 3140/3140/3140 3088/3088/3088
f 3134/3134/3134 3155/3155/3155 3173/3173/3173
f 3161/3161/3161 2119/2119/2119 3088/3088/3088
f 2025/2025/2025 2037/2037/2037 3161/3161/3161
f 2025/2025/2025 2045/2045/2045 2044/2044/2044
f 3080/3080/3080 2119/2119/2119 3094/3094/3094
f 3156/3156/3156 2131/2131/2131 2074/2074/2074
f 2019/2019/2019 2117/2117/2117 2034/2034/2034
f 3140/3140/3140 2964/2964/2964 3035/3035/3035
f 274/274/274 265/265/265 2934/2934/2934
f 2908/2908/2908 3100/3100/3100 3099/3099/3099
f 3077/3077/3077 3117/3117/3117 2203/2203/2203
f 2288/2288/2288 2926/2926/2926 694/694/694
f 279/279/279 1423/1423/1423 265/265/265
f 2994/2994/2994 3128/3128/3128 2925/2925/2925
f 2637/2637/2637 2674/2674/2674 3006/3006/3006
f 2937/2937/2937 3124/3124/3124 1626/1626/1626
f 3099/3099/3099 3120/3120/3120 262/262/262
f 301/301/301 3223/3223/3223 322/322/322
f 262/262/262 2934/2934/2934 265/265/265
f 265/265/265 2998/2998/2998 263/263/263
f 263/263/263 262/262/262 265/265/265
f 1423/1423/1423 3124/3124/3124 265/265/265
f 2157/2157/2157 3077/3077/3077 2971/2971/2971
f 3028/3028/3028 2281/2281/2281 2905/2905/2905
f 3026/3026/3026 1744/1744/1744 2883/2883/2883
f 3006/3006/3006 2905/2905/2905 1902/1902/1902
f 263/263/263 3027/3027/3027 2907/2907/2907
f 1389/1389/1389 302/302/302 304/304/304
f 2901/2901/2901 2926/2926/2926 2911/2911/2911
f 2998/2998/2998 3159/3159/3159 3027/3027/3027
f 3099/3099/3099 262/262/262 2908/2908/2908
f 2674/2674/2674 2675/2675/2675 2926/2926/2926
f 2288/2288/2288 347/347/347 2926/2926/2926
f 3159/3159/3159 2281/2281/2281 3027/3027/3027
f 3028/3028/3028 2762/2762/2762 2907/2907/2907
f 2880/2880/2880 3128/3128/3128 2994/2994/2994
f 2902/2902/2902 2905/2905/2905 3006/3006/3006
f 2907/2907/2907 3027/3027/3027 3028/3028/3028
f 3100/3100/3100 256/256/256 251/251/251
f 265/265/265 274/274/274 279/279/279
f 3133/3133/3133 2932/2932/2932 2937/2937/2937
f 3026/3026/3026 2883/2883/2883 3194/3194/3194
f 1423/1423/1423 302/302/302 1626/1626/1626
f 3120/3120/3120 2989/2989/2989 262/262/262
f 694/694/694 2926/2926/2926 2675/2675/2675
f 3100/3100/3100 251/251/251 3099/3099/3099
f 2762/2762/2762 2908/2908/2908 2907/2907/2907
f 2905/2905/2905 2902/2902/2902 2762/2762/2762
f 279/279/279 302/302/302 1423/1423/1423
f 2908/2908/2908 263/263/263 2907/2907/2907
f 3100/3100/3100 2679/2679/2679 256/256/256
f 2762/2762/2762 2902/2902/2902 2908/2908/2908
f 3006/3006/3006 2901/2901/2901 2679/2679/2679
f 2902/2902/2902 3100/3100/3100 2908/2908/2908
f 347/347/347 2288/2288/2288 694/694/694
f 3143/3143/3143 2913/2913/2913 3024/3024/3024
f 2674/2674/2674 2926/2926/2926 2901/2901/2901
f 2675/2675/2675 2674/2674/2674 2637/2637/2637
f 3159/3159/3159 2998/2998/2998 2932/2932/2932
f 3100/3100/3100 2902/2902/2902 2679/2679/2679
f 2932/2932/2932 2998/2998/2998 2937/2937/2937
f 1902/1902/1902 2905/2905/2905 2281/2281/2281
f 3124/3124/3124 2998/2998/2998 265/265/265
f 2989/2989/2989 2934/2934/2934 262/262/262
f 2901/2901/2901 256/256/256 2679/2679/2679
f 344/344/344 337/337/337 3205/3205/3205
f 403/403/403 10/10/10 431/431/431
f 7/7/7 2890/2890/2890 2925/2925/2925
f 403/403/403 431/431/431 399/399/399
f 399/399/399 395/395/395 417/417/417
f 16/16/16 15/15/15 3205/3205/3205
f 2839/2839/2839 1603/1603/1603 2157/2157/2157
f 396/396/396 420/420/420 395/395/395
f 198/198/198 3205/3205/3205 15/15/15
f 192/192/192 16/16/16 3205/3205/3205
f 15/15/15 13/13/13 198/198/198
f 420/420/420 417/417/417 395/395/395
f 399/399/399 466/466/466 403/403/403
f 417/417/417 466/466/466 399/399/399
f 3117/3117/3117 2763/2763/2763 2203/2203/2203
f 466/466/466 416/416/416 403/403/403
f 396/396/396 408/408/408 420/420/420
f 408/408/408 2550/2550/2550 420/420/420
f 373/373/373 399/399/399 431/431/431
f 416/416/416 185/185/185 403/403/403
f 420/420/420 2550/2550/2550 417/417/417
f 396/396/396 395/395/395 373/373/373
f 2898/2898/2898 2994/2994/2994 2948/2948/2948
f 2898/2898/2898 2880/2880/2880 2994/2994/2994
f 373/373/373 409/409/409 396/396/396
f 10/10/10 403/403/403 185/185/185
f 20/20/20 19/19/19 16/16/16
f 17/17/17 19/19/19 20/20/20
f 15/15/15 16/16/16 19/19/19
f 17/17/17 13/13/13 19/19/19
f 2913/2913/2913 7/7/7 3024/3024/3024
f 19/19/19 13/13/13 15/15/15
f 2281/2281/2281 3159/3159/3159 2204/2204/2204
f 2204/2204/2204 3159/3159/3159 2932/2932/2932
f 2932/2932/2932 2924/2924/2924 2204/2204/2204
f 3143/3143/3143 2308/2308/2308 2081/2081/2081
f 2880/2880/2880 3194/3194/3194 3024/3024/3024
f 354/354/354 2763/2763/2763 424/424/424
f 2203/2203/2203 354/354/354 2308/2308/2308
f 2950/2950/2950 2925/2925/2925 2890/2890/2890
f 7/7/7 2925/2925/2925 3128/3128/3128
f 354/354/354 2203/2203/2203 2763/2763/2763
f 3128/3128/3128 3024/3024/3024 7/7/7
f 3024/3024/3024 2883/2883/2883 3143/3143/3143
f 2874/2874/2874 2971/2971/2971 3077/3077/3077
f 1744/1744/1744 2203/2203/2203 2308/2308/2308
f 1744/1744/1744 2308/2308/2308 2883/2883/2883
f 3024/3024/3024 3194/3194/3194 2883/2883/2883
f 3077/3077/3077 1744/1744/1744 3026/3026/3026
f 2925/2925/2925 2950/2950/2950 2948/2948/2948
f 399/399/399 373/373/373 395/395/395
f 2898/2898/2898 2881/2881/2881 2880/2880/2880
f 2156/2156/2156 3117/3117/3117 2157/2157/2157
f 2157/2157/2157 3117/3117/3117 3077/3077/3077
f 2887/2887/2887 3026/3026/3026 3194/3194/3194
f 3077/3077/3077 3026/3026/3026 2874/2874/2874
f 3133/3133/3133 2913/2913/2913 3143/3143/3143
f 3167/3167/3167 2881/2881/2881 2898/2898/2898
f 694/694/694 2675/2675/2675 344/344/344
f 2761/2761/2761 1368/1368/1368 2730/2730/2730
f 2157/2157/2157 1603/1603/1603 2156/2156/2156
f 2887/2887/2887 2880/2880/2880 2881/2881/2881
f 2675/2675/2675 337/337/337 344/344/344
f 2204/2204/2204 2282/2282/2282 2281/2281/2281
f 2081/2081/2081 2308/2308/2308 2882/2882/2882
f 1902/1902/1902 2281/2281/2281 1920/1920/1920
f 2675/2675/2675 2637/2637/2637 1921/1921/1921
f 1902/1902/1902 1920/1920/1920 2637/2637/2637
f 337/337/337 2675/2675/2675 1921/1921/1921
f 2910/2910/2910 2282/2282/2282 2204/2204/2204
f 2839/2839/2839 2157/2157/2157 2971/2971/2971
f 2887/2887/2887 2881/2881/2881 2873/2873/2873
f 2763/2763/2763 3117/3117/3117 2156/2156/2156
f 2027/2027/2027 2971/2971/2971 2874/2874/2874
f 2281/2281/2281 2282/2282/2282 1920/1920/1920
f 1921/1921/1921 2637/2637/2637 1920/1920/1920
f 3133/3133/3133 3143/3143/3143 2924/2924/2924
f 1921/1921/1921 350/350/350 337/337/337
f 2910/2910/2910 2924/2924/2924 2918/2918/2918
f 2839/2839/2839 2929/2929/2929 1603/1603/1603
f 3026/3026/3026 2887/2887/2887 2874/2874/2874
f 2971/2971/2971 1725/1725/1725 2839/2839/2839
f 2873/2873/2873 2881/2881/2881 2775/2775/2775
f 2882/2882/2882 2308/2308/2308 354/354/354
f 2873/2873/2873 2941/2941/2941 2874/2874/2874
f 3167/3167/3167 2775/2775/2775 2881/2881/2881
f 2883/2883/2883 2308/2308/2308 3143/3143/3143
f 2282/2282/2282 2910/2910/2910 2909/2909/2909
f 2081/2081/2081 2886/2886/2886 2918/2918/2918
f 2204/2204/2204 2924/2924/2924 2910/2910/2910
f 429/429/429 373/373/373 431/431/431
f 2882/2882/2882 1782/1782/1782 2739/2739/2739
f 2939/2939/2939 1725/1725/1725 2027/2027/2027
f 2910/2910/2910 2918/2918/2918 2886/2886/2886
f 2939/2939/2939 2027/2027/2027 2874/2874/2874
f 2775/2775/2775 2941/2941/2941 2873/2873/2873
f 2081/2081/2081 2739/2739/2739 2886/2886/2886
f 2886/2886/2886 1838/1838/1838 2910/2910/2910
f 2884/2884/2884 2909/2909/2909 3207/3207/3207
f 1782/1782/1782 1784/1784/1784 2739/2739/2739
f 1920/1920/1920 2909/2909/2909 2884/2884/2884
f 301/301/301 3040/3040/3040 298/298/298
f 3040/3040/3040 301/301/301 279/279/279
f 298/298/298 3223/3223/3223 301/301/301
f 274/274/274 3040/3040/3040 279/279/279
f 3207/3207/3207 1831/1831/1831 2884/2884/2884
f 2884/2884/2884 1831/1831/1831 349/349/349
f 2922/2922/2922 2739/2739/2739 1784/1784/1784
f 2730/2730/2730 1362/1362/1362 2761/2761/2761
f 354/354/354 424/424/424 1784/1784/1784
f 373/373/373 423/423/423 409/409/409
f 3024/3024/3024 3128/3128/3128 2880/2880/2880
f 900/900/900 1784/1784/1784 424/424/424
f 2922/2922/2922 2917/2917/2917 2886/2886/2886
f 2886/2886/2886 2739/2739/2739 2922/2922/2922
f 2882/2882/2882 2739/2739/2739 2081/2081/2081
f 1831/1831/1831 3207/3207/3207 2917/2917/2917
f 409/409/409 900/900/900 424/424/424
f 2934/2934/2934 3238/3238/3238 274/274/274
f 274/274/274 3238/3238/3238 3040/3040/3040
f 3157/3157/3157 3119/3119/3119 3122/3122/3122
f 3238/3238/3238 2934/2934/2934 535/535/535
f 3038/3038/3038 3040/3040/3040 3238/3238/3238
f 2934/2934/2934 3157/3157/3157 535/535/535
f 535/535/535 3038/3038/3038 3238/3238/3238
f 3122/3122/3122 535/535/535 3157/3157/3157
f 3157/3157/3157 2989/2989/2989 3119/3119/3119
f 3119/3119/3119 2989/2989/2989 3120/3120/3120
f 2989/2989/2989 3157/3157/3157 2934/2934/2934
f 1784/1784/1784 1782/1782/1782 354/354/354
f 1782/1782/1782 2882/2882/2882 354/354/354
f 2923/2923/2923 2922/2922/2922 422/422/422
f 1920/1920/1920 2282/2282/2282 2909/2909/2909
f 423/423/423 425/425/425 2923/2923/2923
f 900/900/900 423/423/423 422/422/422
f 422/422/422 423/423/423 2923/2923/2923
f 350/350/350 2884/2884/2884 349/349/349
f 2505/2505/2505 2923/2923/2923 425/425/425
f 3207/3207/3207 2909/2909/2909 1838/1838/1838
f 2505/2505/2505 2917/2917/2917 2923/2923/2923
f 2924/2924/2924 2932/2932/2932 3133/3133/3133
f 1838/1838/1838 2917/2917/2917 3207/3207/3207
f 2941/2941/2941 2939/2939/2939 2874/2874/2874
f 373/373/373 425/425/425 423/423/423
f 2873/2873/2873 2874/2874/2874 2887/2887/2887
f 900/900/900 409/409/409 423/423/423
f 1784/1784/1784 900/900/900 422/422/422
f 429/429/429 352/352/352 2592/2592/2592
f 2922/2922/2922 1784/1784/1784 422/422/422
f 2917/2917/2917 2922/2922/2922 2923/2923/2923
f 1920/1920/1920 2884/2884/2884 1921/1921/1921
f 2917/2917/2917 2505/2505/2505 1831/1831/1831
f 352/352/352 429/429/429 10/10/10
f 1921/1921/1921 2884/2884/2884 350/350/350
f 2886/2886/2886 2917/2917/2917 1838/1838/1838
f 429/429/429 2592/2592/2592 425/425/425
f 2730/2730/2730 2606/2606/2606 481/481/481
f 2730/2730/2730 481/481/481 1361/1361/1361
f 1362/1362/1362 2730/2730/2730 1361/1361/1361
f 425/425/425 373/373/373 429/429/429
f 2592/2592/2592 2505/2505/2505 425/425/425
f 2909/2909/2909 2910/2910/2910 1838/1838/1838
f 406/406/406 1360/1360/1360 1361/1361/1361
f 1361/1361/1361 481/481/481 406/406/406
f 406/406/406 2742/2742/2742 1360/1360/1360
f 3119/3119/3119 3120/3120/3120 2988/2988/2988
f 2742/2742/2742 825/825/825 456/456/456
f 462/462/462 2742/2742/2742 456/456/456
f 186/186/186 185/185/185 184/184/184
f 280/280/280 535/535/535 3122/3122/3122
f 2988/2988/2988 3122/3122/3122 3119/3119/3119
f 1359/1359/1359 2742/2742/2742 462/462/462
f 462/462/462 461/461/461 1359/1359/1359
f 1360/1360/1360 2742/2742/2742 1359/1359/1359
f 462/462/462 407/407/407 459/459/459
f 186/186/186 10/10/10 185/185/185
f 185/185/185 459/459/459 184/184/184
f 456/456/456 407/407/407 462/462/462
f 456/456/456 2749/2749/2749 407/407/407
f 1360/1360/1360 461/461/461 1361/1361/1361
f 186/186/186 184/184/184 183/183/183
f 461/461/461 1360/1360/1360 1359/1359/1359
f 1361/1361/1361 461/461/461 1362/1362/1362
f 431/431/431 10/10/10 429/429/429
f 1831/1831/1831 2505/2505/2505 2592/2592/2592
f 459/459/459 461/461/461 462/462/462
f 825/825/825 2749/2749/2749 456/456/456
f 459/459/459 407/407/407 184/184/184
f 410/410/410 183/183/183 184/184/184
f 3194/3194/3194 2880/2880/2880 2887/2887/2887
f 2592/2592/2592 346/346/346 1831/1831/1831
f 2592/2592/2592 352/352/352 346/346/346
f 187/187/187 10/10/10 183/183/183
f 10/10/10 187/187/187 352/352/352
f 345/345/345 350/350/350 349/349/349
f 238/238/238 410/410/410 407/407/407
f 187/187/187 183/183/183 410/410/410
f 407/407/407 2749/2749/2749 238/238/238
f 239/239/239 12/12/12 238/238/238
f 346/346/346 345/345/345 349/349/349
f 345/345/345 337/337/337 350/350/350
f 239/239/239 238/238/238 2749/2749/2749
f 1831/1831/1831 346/346/346 349/349/349
f 353/353/353 21/21/21 346/346/346
f 8/8/8 410/410/410 238/238/238
f 410/410/410 184/184/184 407/407/407
f 2971/2971/2971 2027/2027/2027 1725/1725/1725
f 20/20/20 353/353/353 8/8/8
f 20/20/20 8/8/8 17/17/17
f 8/8/8 12/12/12 17/17/17
f 353/353/353 187/187/187 8/8/8
f 21/21/21 353/353/353 20/20/20
f 346/346/346 352/352/352 353/353/353
f 337/337/337 345/345/345 192/192/192
f 21/21/21 192/192/192 346/346/346
f 186/186/186 183/183/183 10/10/10
f 21/21/21 20/20/20 16/16/16
f 187/187/187 353/353/353 352/352/352
f 408/408/408 356/356/356 2550/2550/2550
f 12/12/12 8/8/8 238/238/238
f 192/192/192 3205/3205/3205 337/337/337
f 3006/3006/3006 1902/1902/1902 2637/2637/2637
f 2918/2918/2918 3143/3143/3143 2081/2081/2081
f 410/410/410 8/8/8 187/187/187
f 3120/3120/3120 3099/3099/3099 251/251/251
f 3006/3006/3006 2679/2679/2679 2902/2902/2902
f 2998/2998/2998 3027/3027/3027 263/263/263
f 3027/3027/3027 2281/2281/2281 3028/3028/3028
f 3040/3040/3040 3226/3226/3226 298/298/298
f 536/536/536 3038/3038/3038 535/535/535
f 3226/3226/3226 3038/3038/3038 285/285/285
f 3038/3038/3038 536/536/536 285/285/285
f 536/536/536 280/280/280 285/285/285
f 536/536/536 535/535/535 280/280/280
f 3226/3226/3226 3040/3040/3040 3038/3038/3038
f 1626/1626/1626 3032/3032/3032 2937/2937/2937
f 468/468/468 416/416/416 471/471/471
f 267/267/267 2951/2951/2951 1389/1389/1389
f 461/461/461 459/459/459 464/464/464
f 416/416/416 2781/2781/2781 459/459/459
f 185/185/185 416/416/416 459/459/459
f 2781/2781/2781 467/467/467 464/464/464
f 464/464/464 459/459/459 2781/2781/2781
f 416/416/416 466/466/466 471/471/471
f 3032/3032/3032 2913/2913/2913 2937/2937/2937
f 2781/2781/2781 1339/1339/1339 467/467/467
f 2951/2951/2951 3032/3032/3032 1626/1626/1626
f 416/416/416 468/468/468 2781/2781/2781
f 464/464/464 1362/1362/1362 461/461/461
f 467/467/467 2761/2761/2761 464/464/464
f 16/16/16 192/192/192 21/21/21
f 1339/1339/1339 2781/2781/2781 468/468/468
f 2925/2925/2925 2948/2948/2948 2994/2994/2994
f 3032/3032/3032 2890/2890/2890 7/7/7
f 1339/1339/1339 2761/2761/2761 467/467/467
f 2761/2761/2761 1362/1362/1362 464/464/464
f 3028/3028/3028 2905/2905/2905 2762/2762/2762
f 302/302/302 1389/1389/1389 1626/1626/1626
f 3032/3032/3032 7/7/7 2913/2913/2913
f 2951/2951/2951 1626/1626/1626 1389/1389/1389
f 2924/2924/2924 3143/3143/3143 2918/2918/2918
f 2890/2890/2890 2951/2951/2951 2950/2950/2950
f 356/356/356 408/408/408 419/419/419
f 2951/2951/2951 2890/2890/2890 3032/3032/3032
f 2911/2911/2911 256/256/256 2901/2901/2901
f 408/408/408 409/409/409 2544/2544/2544
f 419/419/419 2929/2929/2929 356/356/356
f 2544/2544/2544 419/419/419 408/408/408
f 2913/2913/2913 3133/3133/3133 2937/2937/2937
f 2764/2764/2764 2544/2544/2544 409/409/409
f 1339/1339/1339 1368/1368/1368 2761/2761/2761
f 2764/2764/2764 2763/2763/2763 2156/2156/2156
f 2764/2764/2764 2156/2156/2156 2544/2544/2544
f 1603/1603/1603 2929/2929/2929 419/419/419
f 2544/2544/2544 1603/1603/1603 419/419/419
f 2156/2156/2156 1603/1603/1603 2544/2544/2544
f 2951/2951/2951 1410/1410/1410 2950/2950/2950
f 409/409/409 2763/2763/2763 2764/2764/2764
f 267/267/267 1410/1410/1410 2951/2951/2951
f 2763/2763/2763 409/409/409 424/424/424
f 408/408/408 396/396/396 409/409/409
f 342/342/342 3205/3205/3205 198/198/198
f 342/342/342 344/344/344 3205/3205/3205
f 3006/3006/3006 2674/2674/2674 2901/2901/2901
f 3077/3077/3077 2203/2203/2203 1744/1744/1744
f 302/302/302 322/322/322 304/304/304
f 345/345/345 346/346/346 192/192/192
f 263/263/263 2908/2908/2908 262/262/262
f 347/347/347 694/694/694 344/344/344
f 344/344/344 342/342/342 347/347/347
f 347/347/347 2911/2911/2911 2926/2926/2926
f 2937/2937/2937 2998/2998/2998 3124/3124/3124
f 302/302/302 301/301/301 322/322/322
f 302/302/302 279/279/279 301/301/301
f 1423/1423/1423 1626/1626/1626 3124/3124/3124
f 2031/2031/2031 3162/3162/3162 2032/2032/2032
f 2029/2029/2029 2031/2031/2031 2032/2032/2032
f 3086/3086/3086 308/308/308 2031/2031/2031
f 283/283/283 2949/2949/2949 1411/1411/1411
f 3110/3110/3110 3101/3101/3101 3106/3106/3106
f 306/306/306 1395/1395/1395 269/269/269
f 253/253/253 2991/2991/2991 1395/1395/1395
f 3049/3049/3049 3118/3118/3118 3184/3184/3184
f 266/266/266 1390/1390/1390 282/282/282
f 312/312/312 3186/3186/3186 268/268/268
f 3129/3129/3129 3049/3049/3049 3127/3127/3127
f 283/283/283 284/284/284 3029/3029/3029
f 269/269/269 266/266/266 282/282/282
f 283/283/283 3029/3029/3029 2949/2949/2949
f 3162/3162/3162 2031/2031/2031 308/308/308
f 308/308/308 253/253/253 306/306/306
f 3131/3131/3131 3139/3139/3139 3132/3132/3132
f 1415/1415/1415 3162/3162/3162 308/308/308
f 268/268/268 3186/3186/3186 306/306/306
f 3110/3110/3110 3228/3228/3228 3047/3047/3047
f 3118/3118/3118 3162/3162/3162 3184/3184/3184
f 3118/3118/3118 3049/3049/3049 3047/3047/3047
f 3186/3186/3186 3127/3127/3127 309/309/309
f 2991/2991/2991 284/284/284 1395/1395/1395
f 1415/1415/1415 3049/3049/3049 3162/3162/3162
f 3029/3029/3029 2991/2991/2991 2935/2935/2935
f 306/306/306 3186/3186/3186 1415/1415/1415
f 1411/1411/1411 1395/1395/1395 284/284/284
f 284/284/284 2991/2991/2991 3029/3029/3029
f 3049/3049/3049 1415/1415/1415 309/309/309
f 269/269/269 268/268/268 306/306/306
f 3127/3127/3127 3049/3049/3049 309/309/309
f 266/266/266 269/269/269 1411/1411/1411
f 3101/3101/3101 3047/3047/3047 3129/3129/3129
f 335/335/335 268/268/268 282/282/282
f 3186/3186/3186 312/312/312 3127/3127/3127
f 268/268/268 335/335/335 312/312/312
f 3047/3047/3047 3049/3049/3049 3129/3129/3129
f 3131/3131/3131 3132/3132/3132 3151/3151/3151
f 3086/3086/3086 253/253/253 308/308/308
f 272/272/272 512/512/512 1416/1416/1416
f 268/268/268 269/269/269 282/282/282
f 272/272/272 282/282/282 303/303/303
f 323/323/323 3224/3224/3224 277/277/277
f 283/283/283 1411/1411/1411 284/284/284
f 277/277/277 512/512/512 303/303/303
f 253/253/253 1395/1395/1395 306/306/306
f 273/273/273 3131/3131/3131 312/312/312
f 3047/3047/3047 3228/3228/3228 3118/3118/3118
f 512/512/512 272/272/272 303/303/303
f 277/277/277 303/303/303 323/323/323
f 282/282/282 1390/1390/1390 303/303/303
f 2032/2032/2032 3162/3162/3162 3118/3118/3118
f 272/272/272 270/270/270 335/335/335
f 3151/3151/3151 312/312/312 3131/3131/3131
f 269/269/269 1395/1395/1395 1411/1411/1411
f 312/312/312 3151/3151/3151 3127/3127/3127
f 1415/1415/1415 3186/3186/3186 309/309/309
f 335/335/335 282/282/282 272/272/272
f 3129/3129/3129 3127/3127/3127 3151/3151/3151
f 270/270/270 272/272/272 1416/1416/1416
f 3101/3101/3101 3151/3151/3151 3139/3139/3139
f 273/273/273 335/335/335 270/270/270
f 3184/3184/3184 3162/3162/3162 3049/3049/3049
f 306/306/306 1415/1415/1415 308/308/308
f 3106/3106/3106 3101/3101/3101 3139/3139/3139
f 3110/3110/3110 3047/3047/3047 3101/3101/3101
f 3129/3129/3129 3151/3151/3151 3101/3101/3101
f 3132/3132/3132 3139/3139/3139 3151/3151/3151
f 312/312/312 335/335/335 273/273/273
f 270/270/270 3079/3079/3079 273/273/273
f 1416/1416/1416 1417/1417/1417 270/270/270
f 1417/1417/1417 3079/3079/3079 270/270/270
f 1416/1416/1416 512/512/512 1417/1417/1417
f 3079/3079/3079 1417/1417/1417 1641/1641/1641
f 1417/1417/1417 512/512/512 1641/1641/1641
f 1641/1641/1641 512/512/512 277/277/277
f 277/277/277 295/295/295 1641/1641/1641
f 295/295/295 277/277/277 3224/3224/3224
f 296/296/296 3224/3224/3224 299/299/299
f 295/295/295 3224/3224/3224 296/296/296
f 273/273/273 3079/3079/3079 2952/2952/2952
f 289/289/289 296/296/296 299/299/299
f 295/295/295 3079/3079/3079 1641/1641/1641
f 2693/2693/2693 1348/1348/1348 1351/1351/1351
f 2746/2746/2746 2685/2685/2685 3008/3008/3008
f 2693/2693/2693 1351/1351/1351 3246/3246/3246
f 2685/2685/2685 2684/2684/2684 3008/3008/3008
f 3246/3246/3246 1351/1351/1351 2860/2860/2860
f 2612/2612/2612 3253/3253/3253 3248/3248/3248
f 3253/3253/3253 3008/3008/3008 2684/2684/2684
f 3008/3008/3008 2716/2716/2716 3045/3045/3045
f 2676/2676/2676 3045/3045/3045 2716/2716/2716
f 2711/2711/2711 2612/2612/2612 3248/3248/3248
f 2746/2746/2746 3178/3178/3178 2685/2685/2685
f 3008/3008/3008 3253/3253/3253 2716/2716/2716
f 3247/3247/3247 2676/2676/2676 2716/2716/2716
f 2612/2612/2612 2711/2711/2711 3249/3249/3249
f 2678/2678/2678 2860/2860/2860 2602/2602/2602
f 2711/2711/2711 2860/2860/2860 722/722/722
f 2664/2664/2664 2676/2676/2676 2862/2862/2862
f 2746/2746/2746 3045/3045/3045 1421/1421/1421
f 2683/2683/2683 3247/3247/3247 3054/3054/3054
f 2676/2676/2676 3247/3247/3247 2683/2683/2683
f 3249/3249/3249 2984/2984/2984 3054/3054/3054
f 3043/3043/3043 2862/2862/2862 3235/3235/3235
f 722/722/722 2598/2598/2598 2984/2984/2984
f 3055/3055/3055 2808/2808/2808 2683/2683/2683
f 3054/3054/3054 2984/2984/2984 3055/3055/3055
f 2666/2666/2666 3043/3043/3043 3235/3235/3235
f 2787/2787/2787 2780/2780/2780 2666/2666/2666
f 2808/2808/2808 2798/2798/2798 3235/3235/3235
f 3067/3067/3067 3095/3095/3095 3221/3221/3221
f 3232/3232/3232 3215/3215/3215 3095/3095/3095
f 2798/2798/2798 2808/2808/2808 3055/3055/3055
f 3232/3232/3232 3095/3095/3095 3078/3078/3078
f 3067/3067/3067 321/321/321 3078/3078/3078
f 3078/3078/3078 3219/3219/3219 3163/3163/3163
f 3062/3062/3062 3064/3064/3064 2754/2754/2754
f 3095/3095/3095 3215/3215/3215 3221/3221/3221
f 713/713/713 2143/2143/2143 2754/2754/2754
f 2212/2212/2212 2143/2143/2143 3130/3130/3130
f 2754/2754/2754 2740/2740/2740 713/713/713
f 2143/2143/2143 3180/3180/3180 3130/3130/3130
f 2217/2217/2217 3180/3180/3180 713/713/713
f 2217/2217/2217 2740/2740/2740 3201/3201/3201
f 2128/2128/2128 3180/3180/3180 3200/3200/3200
f 2128/2128/2128 2776/2776/2776 334/334/334
f 2101/2101/2101 334/334/334 2776/2776/2776
f 3062/3062/3062 2754/2754/2754 321/321/321
f 3201/3201/3201 2101/2101/2101 2776/2776/2776
f 2122/2122/2122 334/334/334 2101/2101/2101
f 2212/2212/2212 3163/3163/3163 2143/2143/2143
f 2128/2128/2128 3200/3200/3200 2776/2776/2776
f 2122/2122/2122 2103/2103/2103 2921/2921/2921
f 3042/3042/3042 3043/3043/3043 2666/2666/2666
f 2711/2711/2711 722/722/722 3249/3249/3249
f 3042/3042/3042 2997/2997/2997 2958/2958/2958
f 2101/2101/2101 2223/2223/2223 2103/2103/2103
f 739/739/739 2666/2666/2666 3235/3235/3235
f 3200/3200/3200 3201/3201/3201 2776/2776/2776
f 2798/2798/2798 739/739/739 3235/3235/3235
f 3055/3055/3055 2644/2644/2644 2798/2798/2798
f 3042/3042/3042 2666/2666/2666 2997/2997/2997
f 2808/2808/2808 3235/3235/3235 2683/2683/2683
f 2644/2644/2644 2984/2984/2984 2598/2598/2598
f 2798/2798/2798 2787/2787/2787 739/739/739
f 2716/2716/2716 3054/3054/3054 3247/3247/3247
f 739/739/739 2787/2787/2787 2666/2666/2666
f 3176/3176/3176 3174/3174/3174 3178/3178/3178
f 3253/3253/3253 2612/2612/2612 3249/3249/3249
f 3235/3235/3235 2862/2862/2862 2683/2683/2683
f 2666/2666/2666 2780/2780/2780 2997/2997/2997
f 2862/2862/2862 3043/3043/3043 2664/2664/2664
f 2984/2984/2984 2644/2644/2644 3055/3055/3055
f 722/722/722 2860/2860/2860 2678/2678/2678
f 3078/3078/3078 3095/3095/3095 3067/3067/3067
f 2101/2101/2101 2103/2103/2103 2122/2122/2122
f 722/722/722 2678/2678/2678 2598/2598/2598
f 3253/3253/3253 2684/2684/2684 3248/3248/3248
f 3246/3246/3246 2711/2711/2711 3248/3248/3248
f 3054/3054/3054 3055/3055/3055 2683/2683/2683
f 2602/2602/2602 2860/2860/2860 1351/1351/1351
f 3249/3249/3249 3054/3054/3054 2716/2716/2716
f 2683/2683/2683 2862/2862/2862 2676/2676/2676
f 2984/2984/2984 3249/3249/3249 722/722/722
f 2143/2143/2143 3163/3163/3163 3219/3219/3219
f 2746/2746/2746 3176/3176/3176 3178/3178/3178
f 3253/3253/3253 3249/3249/3249 2716/2716/2716
f 3219/3219/3219 3078/3078/3078 321/321/321
f 3045/3045/3045 2746/2746/2746 3008/3008/3008
f 2711/2711/2711 3246/3246/3246 2860/2860/2860
f 2143/2143/2143 713/713/713 3180/3180/3180
f 3201/3201/3201 3200/3200/3200 2217/2217/2217
f 2178/2178/2178 3165/3165/3165 3228/3228/3228
f 3163/3163/3163 3232/3232/3232 3078/3078/3078
f 3110/3110/3110 3098/3098/3098 2178/2178/2178
f 2178/2178/2178 2124/2124/2124 3165/3165/3165
f 2128/2128/2128 2124/2124/2124 2178/2178/2178
f 3228/3228/3228 3110/3110/3110 2178/2178/2178
f 2124/2124/2124 2128/2128/2128 334/334/334
f 3219/3219/3219 2754/2754/2754 2143/2143/2143
f 2178/2178/2178 3130/3130/3130 2128/2128/2128
f 2178/2178/2178 3098/3098/3098 3130/3130/3130
f 2223/2223/2223 2101/2101/2101 3201/3201/3201
f 3111/3111/3111 3106/3106/3106 3114/3114/3114
f 3064/3064/3064 2740/2740/2740 2754/2754/2754
f 3102/3102/3102 3125/3125/3125 3116/3116/3116
f 3103/3103/3103 3114/3114/3114 2852/2852/2852
f 2754/2754/2754 3219/3219/3219 321/321/321
f 2740/2740/2740 2217/2217/2217 713/713/713
f 3106/3106/3106 2852/2852/2852 3114/3114/3114
f 3103/3103/3103 3107/3107/3107 3125/3125/3125
f 3180/3180/3180 2217/2217/2217 3200/3200/3200
f 2952/2952/2952 3131/3131/3131 273/273/273
f 2122/2122/2122 2921/2921/2921 334/334/334
f 3139/3139/3139 2852/2852/2852 3106/3106/3106
f 2128/2128/2128 3130/3130/3130 3180/3180/3180
f 3103/3103/3103 2852/2852/2852 3107/3107/3107
f 3115/3115/3115 3102/3102/3102 3116/3116/3116
f 2740/2740/2740 3059/3059/3059 3070/3070/3070
f 3131/3131/3131 3218/3218/3218 3139/3139/3139
f 3116/3116/3116 3125/3125/3125 3107/3107/3107
f 2952/2952/2952 3218/3218/3218 3131/3131/3131
f 3139/3139/3139 3218/3218/3218 2852/2852/2852
f 2852/2852/2852 3126/3126/3126 3107/3107/3107
f 3062/3062/3062 3036/3036/3036 3064/3064/3064
f 3116/3116/3116 3107/3107/3107 3126/3126/3126
f 3116/3116/3116 3191/3191/3191 3115/3115/3115
f 3036/3036/3036 3251/3251/3251 3059/3059/3059
f 3064/3064/3064 3036/3036/3036 3059/3059/3059
f 3251/3251/3251 3036/3036/3036 2958/2958/2958
f 2952/2952/2952 3150/3150/3150 3218/3218/3218
f 2852/2852/2852 3218/3218/3218 3126/3126/3126
f 2732/2732/2732 2740/2740/2740 3070/3070/3070
f 3103/3103/3103 3111/3111/3111 3114/3114/3114
f 3126/3126/3126 3191/3191/3191 3116/3116/3116
f 3201/3201/3201 2740/2740/2740 2732/2732/2732
f 3126/3126/3126 3218/3218/3218 3150/3150/3150
f 3064/3064/3064 3059/3059/3059 2740/2740/2740
f 3150/3150/3150 3191/3191/3191 3126/3126/3126
f 3041/3041/3041 3042/3042/3042 3036/3036/3036
f 3041/3041/3041 3043/3043/3043 3042/3042/3042
f 3036/3036/3036 3062/3062/3062 3041/3041/3041
f 2958/2958/2958 3036/3036/3036 3042/3042/3042
f 3050/3050/3050 3043/3043/3043 3041/3041/3041
f 2732/2732/2732 2223/2223/2223 3201/3201/3201
f 3108/3108/3108 314/314/314 1414/1414/1414
f 3203/3203/3203 3108/3108/3108 1414/1414/1414
f 1419/1419/1419 314/314/314 3108/3108/3108
f 3108/3108/3108 287/287/287 1419/1419/1419
f 3203/3203/3203 1414/1414/1414 3202/3202/3202
f 318/318/318 1414/1414/1414 314/314/314
f 1351/1351/1351 1348/1348/1348 504/504/504
f 2602/2602/2602 1351/1351/1351 575/575/575
f 3246/3246/3246 3248/3248/3248 2722/2722/2722
f 2685/2685/2685 2717/2717/2717 2684/2684/2684
f 2771/2771/2771 2722/2722/2722 2723/2723/2723
f 2722/2722/2722 2693/2693/2693 3246/3246/3246
f 2722/2722/2722 3248/3248/3248 2723/2723/2723
f 2722/2722/2722 2771/2771/2771 2693/2693/2693
f 2723/2723/2723 3248/3248/3248 2684/2684/2684
f 2717/2717/2717 2771/2771/2771 2723/2723/2723
f 3178/3178/3178 2771/2771/2771 2717/2717/2717
f 2717/2717/2717 2723/2723/2723 2684/2684/2684
f 3178/3178/3178 2717/2717/2717 2685/2685/2685
f 2691/2691/2691 2771/2771/2771 3178/3178/3178
f 3174/3174/3174 2691/2691/2691 3178/3178/3178
f 504/504/504 575/575/575 1351/1351/1351
f 2602/2602/2602 575/575/575 2678/2678/2678
f 3029/3029/3029 2947/2947/2947 2949/2949/2949
f 3029/3029/3029 2897/2897/2897 2947/2947/2947
f 2935/2935/2935 2897/2897/2897 3029/3029/3029
f 2935/2935/2935 3168/3168/3168 2897/2897/2897
f 3188/3188/3188 3118/3118/3118 2133/2133/2133
f 2032/2032/2032 3118/3118/3118 3188/3188/3188
f 2032/2032/2032 3188/3188/3188 2029/2029/2029
f 3034/3034/3034 2734/2734/2734 3108/3108/3108
f 2734/2734/2734 3084/3084/3084 294/294/294
f 3034/3034/3034 3203/3203/3203 2734/2734/2734
f 287/287/287 3108/3108/3108 2734/2734/2734
f 3079/3079/3079 3150/3150/3150 2952/2952/2952
f 2734/2734/2734 3203/3203/3203 3115/3115/3115
f 3084/3084/3084 3150/3150/3150 3079/3079/3079
f 287/287/287 2734/2734/2734 292/292/292
f 3084/3084/3084 3191/3191/3191 3150/3150/3150
f 3034/3034/3034 3108/3108/3108 3203/3203/3203
f 2734/2734/2734 1635/1635/1635 292/292/292
f 3115/3115/3115 3191/3191/3191 2734/2734/2734
f 1635/1635/1635 2734/2734/2734 294/294/294
f 2734/2734/2734 3191/3191/3191 3084/3084/3084
f 3084/3084/3084 295/295/295 294/294/294
f 296/296/296 289/289/289 1635/1635/1635
f 294/294/294 295/295/295 296/296/296
f 292/292/292 1635/1635/1635 289/289/289
f 3079/3079/3079 295/295/295 3084/3084/3084
f 296/296/296 1635/1635/1635 294/294/294
f 2664/2664/2664 2857/2857/2857 3241/3241/3241
f 3193/3193/3193 326/326/326 1421/1421/1421
f 2664/2664/2664 3043/3043/3043 3050/3050/3050
f 3220/3220/3220 2857/2857/2857 3050/3050/3050
f 2676/2676/2676 3241/3241/3241 3045/3045/3045
f 2680/2680/2680 3231/3231/3231 2658/2658/2658
f 2664/2664/2664 3050/3050/3050 2857/2857/2857
f 3241/3241/3241 2857/2857/2857 3231/3231/3231
f 3241/3241/3241 2676/2676/2676 2664/2664/2664
f 2813/2813/2813 3193/3193/3193 1421/1421/1421
f 2680/2680/2680 2658/2658/2658 2813/2813/2813
f 2680/2680/2680 2813/2813/2813 3231/3231/3231
f 2813/2813/2813 2658/2658/2658 3193/3193/3193
f 3165/3165/3165 2124/2124/2124 2133/2133/2133
f 3231/3231/3231 2813/2813/2813 1421/1421/1421
f 3231/3231/3231 3045/3045/3045 3241/3241/3241
f 3045/3045/3045 3231/3231/3231 1421/1421/1421
f 3165/3165/3165 2133/2133/2133 3118/3118/3118
f 3231/3231/3231 2857/2857/2857 2658/2658/2658
f 3165/3165/3165 3118/3118/3118 3228/3228/3228
f 3067/3067/3067 3061/3061/3061 321/321/321
f 3050/3050/3050 3061/3061/3061 3220/3220/3220
f 3050/3050/3050 3041/3041/3041 3061/3061/3061
f 1332/1332/1332 1333/1333/1333 3189/3189/3189
f 3067/3067/3067 3221/3221/3221 3220/3220/3220
f 3211/3211/3211 3220/3220/3220 3221/3221/3221
f 318/318/318 326/326/326 3193/3193/3193
f 3211/3211/3211 2857/2857/2857 3220/3220/3220
f 326/326/326 318/318/318 330/330/330
f 326/326/326 330/330/330 324/324/324
f 330/330/330 318/318/318 313/313/313
f 3211/3211/3211 3189/3189/3189 1333/1333/1333
f 3061/3061/3061 3041/3041/3041 321/321/321
f 314/314/314 1412/1412/1412 313/313/313
f 3072/3072/3072 330/330/330 1412/1412/1412
f 3067/3067/3067 3220/3220/3220 3061/3061/3061
f 324/324/324 330/330/330 3072/3072/3072
f 1412/1412/1412 330/330/330 313/313/313
f 1332/1332/1332 2658/2658/2658 1333/1333/1333
f 314/314/314 313/313/313 318/318/318
f 3211/3211/3211 1333/1333/1333 2857/2857/2857
f 2658/2658/2658 2857/2857/2857 1333/1333/1333
f 3062/3062/3062 321/321/321 3041/3041/3041
f 326/326/326 324/324/324 1421/1421/1421
f 2746/2746/2746 1421/1421/1421 324/324/324
f 327/327/327 2746/2746/2746 324/324/324
f 3176/3176/3176 2746/2746/2746 327/327/327
f 3192/3192/3192 318/318/318 3193/3193/3193
f 2658/2658/2658 2885/2885/2885 3193/3193/3193
f 3192/3192/3192 3195/3195/3195 1414/1414/1414
f 3195/3195/3195 3192/3192/3192 2885/2885/2885
f 2885/2885/2885 2658/2658/2658 1332/1332/1332
f 3195/3195/3195 3202/3202/3202 1414/1414/1414
f 1332/1332/1332 3195/3195/3195 2885/2885/2885
f 3202/3202/3202 1332/1332/1332 3189/3189/3189
f 3115/3115/3115 3203/3203/3203 3202/3202/3202
f 3232/3232/3232 3182/3182/3182 3215/3215/3215
f 3211/3211/3211 3138/3138/3138 3189/3189/3189
f 3102/3102/3102 3189/3189/3189 3125/3125/3125
f 3221/3221/3221 3215/3215/3215 3138/3138/3138
f 3138/3138/3138 3125/3125/3125 3189/3189/3189
f 3182/3182/3182 3138/3138/3138 3215/3215/3215
f 3202/3202/3202 3195/3195/3195 1332/1332/1332
f 3138/3138/3138 3103/3103/3103 3125/3125/3125
f 3046/3046/3046 3163/3163/3163 320/320/320
f 3202/3202/3202 3102/3102/3102 3115/3115/3115
f 3211/3211/3211 3221/3221/3221 3138/3138/3138
f 3110/3110/3110 3106/3106/3106 3111/3111/3111
f 2212/2212/2212 320/320/320 3163/3163/3163
f 3182/3182/3182 3111/3111/3111 3103/3103/3103
f 320/320/320 2212/2212/2212 3098/3098/3098
f 3103/3103/3103 3138/3138/3138 3182/3182/3182
f 3111/3111/3111 3098/3098/3098 3110/3110/3110
f 3192/3192/3192 3193/3193/3193 2885/2885/2885
f 3232/3232/3232 3046/3046/3046 3182/3182/3182
f 318/318/318 3192/3192/3192 1414/1414/1414
f 3130/3130/3130 3098/3098/3098 2212/2212/2212
f 3102/3102/3102 3202/3202/3202 3189/3189/3189
f 3182/3182/3182 3046/3046/3046 320/320/320
f 3111/3111/3111 320/320/320 3098/3098/3098
f 3163/3163/3163 3046/3046/3046 3232/3232/3232
f 3111/3111/3111 3182/3182/3182 320/320/320
f 685/685/685 703/703/703 707/707/707
f 755/755/755 769/769/769 812/812/812
f 1244/1244/1244 153/153/153 1255/1255/1255
f 153/153/153 1318/1318/1318 1255/1255/1255
f 163/163/163 1255/1255/1255 1318/1318/1318
f 1255/1255/1255 163/163/163 1580/1580/1580
f 149/149/149 2475/2475/2475 2415/2415/2415
f 2425/2425/2425 149/149/149 2415/2415/2415
f 1240/1240/1240 2425/2425/2425 1857/1857/1857
f 2475/2475/2475 149/149/149 2580/2580/2580
f 149/149/149 2425/2425/2425 1240/1240/1240
f 1425/1425/1425 1796/1796/1796 360/360/360
f 2425/2425/2425 2419/2419/2419 1857/1857/1857
f 2415/2415/2415 2419/2419/2419 2425/2425/2425
f 1133/1133/1133 2503/2503/2503 1604/1604/1604
f 1127/1127/1127 1642/1642/1642 1148/1148/1148
f 1136/1136/1136 1114/1114/1114 2004/2004/2004
f 1127/1127/1127 1275/1275/1275 2490/2490/2490
f 1604/1604/1604 1607/1607/1607 1602/1602/1602
f 1137/1137/1137 1133/1133/1133 2004/2004/2004
f 1615/1615/1615 58/58/58 1457/1457/1457
f 2503/2503/2503 1137/1137/1137 1116/1116/1116
f 1604/1604/1604 2511/2511/2511 2514/2514/2514
f 1137/1137/1137 2004/2004/2004 1114/1114/1114
f 1165/1165/1165 1805/1805/1805 1144/1144/1144
f 1074/1074/1074 1642/1642/1642 2579/2579/2579
f 1120/1120/1120 1129/1129/1129 1123/1123/1123
f 1123/1123/1123 139/139/139 1120/1120/1120
f 1612/1612/1612 1166/1166/1166 1131/1131/1131
f 1506/1506/1506 1508/1508/1508 1275/1275/1275
f 1133/1133/1133 1138/1138/1138 1274/1274/1274
f 1581/1581/1581 1061/1061/1061 1303/1303/1303
f 1602/1602/1602 1133/1133/1133 1604/1604/1604
f 1135/1135/1135 1274/1274/1274 1508/1508/1508
f 1137/1137/1137 2503/2503/2503 1133/1133/1133
f 1507/1507/1507 1457/1457/1457 1508/1508/1508
f 1138/1138/1138 1133/1133/1133 1602/1602/1602
f 1274/1274/1274 2004/2004/2004 1133/1133/1133
f 2503/2503/2503 2511/2511/2511 1604/1604/1604
f 1127/1127/1127 950/950/950 1506/1506/1506
f 950/950/950 1615/1615/1615 1507/1507/1507
f 1275/1275/1275 1138/1138/1138 2491/2491/2491
f 1668/1668/1668 1581/1581/1581 1302/1302/1302
f 1089/1089/1089 1602/1602/1602 1607/1607/1607
f 1602/1602/1602 2491/2491/2491 1138/1138/1138
f 1135/1135/1135 1508/1508/1508 1457/1457/1457
f 1096/1096/1096 2491/2491/2491 1602/1602/1602
f 2514/2514/2514 1607/1607/1607 1604/1604/1604
f 1116/1116/1116 1137/1137/1137 1114/1114/1114
f 1096/1096/1096 1602/1602/1602 1089/1089/1089
f 2004/2004/2004 1274/1274/1274 1135/1135/1135
f 2490/2490/2490 1275/1275/1275 2491/2491/2491
f 1609/1609/1609 1061/1061/1061 1062/1062/1062
f 1506/1506/1506 1507/1507/1507 1508/1508/1508
f 1508/1508/1508 1138/1138/1138 1275/1275/1275
f 1136/1136/1136 2004/2004/2004 1135/1135/1135
f 1508/1508/1508 1274/1274/1274 1138/1138/1138
f 1135/1135/1135 1457/1457/1457 1136/1136/1136
f 1507/1507/1507 1506/1506/1506 950/950/950
f 1127/1127/1127 1506/1506/1506 1275/1275/1275
f 2490/2490/2490 1642/1642/1642 1127/1127/1127
f 1246/1246/1246 1136/1136/1136 1457/1457/1457
f 1609/1609/1609 1298/1298/1298 1589/1589/1589
f 1457/1457/1457 1507/1507/1507 1615/1615/1615
f 58/58/58 1246/1246/1246 1457/1457/1457
f 950/950/950 1127/1127/1127 1148/1148/1148
f 139/139/139 1123/1123/1123 1193/1193/1193
f 1246/1246/1246 58/58/58 1581/1581/1581
f 1180/1180/1180 1159/1159/1159 139/139/139
f 1581/1581/1581 1668/1668/1668 1246/1246/1246
f 1302/1302/1302 1581/1581/1581 1303/1303/1303
f 1180/1180/1180 1178/1178/1178 1131/1131/1131
f 1805/1805/1805 2654/2654/2654 1144/1144/1144
f 1180/1180/1180 1193/1193/1193 1178/1178/1178
f 1589/1589/1589 1303/1303/1303 1061/1061/1061
f 1061/1061/1061 1609/1609/1609 1589/1589/1589
f 1796/1796/1796 1769/1769/1769 360/360/360
f 1165/1165/1165 1145/1145/1145 1166/1166/1166
f 2654/2654/2654 1426/1426/1426 1144/1144/1144
f 1426/1426/1426 1796/1796/1796 1425/1425/1425
f 1178/1178/1178 1612/1612/1612 1131/1131/1131
f 1166/1166/1166 1612/1612/1612 1165/1165/1165
f 1131/1131/1131 1159/1159/1159 1180/1180/1180
f 1425/1425/1425 1144/1144/1144 1426/1426/1426
f 1169/1169/1169 1144/1144/1144 1425/1425/1425
f 1145/1145/1145 1165/1165/1165 1144/1144/1144
f 1175/1175/1175 1612/1612/1612 1178/1178/1178
f 139/139/139 1193/1193/1193 1180/1180/1180
f 1165/1165/1165 1612/1612/1612 1175/1175/1175
f 1165/1165/1165 1175/1175/1175 1805/1805/1805
f 1324/1324/1324 1255/1255/1255 1580/1580/1580
f 1102/1102/1102 1103/1103/1103 1486/1486/1486
f 1298/1298/1298 1588/1588/1588 1589/1589/1589
f 1098/1098/1098 1101/1101/1101 1102/1102/1102
f 1166/1166/1166 1168/1168/1168 1128/1128/1128
f 1588/1588/1588 1102/1102/1102 1101/1101/1101
f 1101/1101/1101 1098/1098/1098 1100/1100/1100
f 1588/1588/1588 1303/1303/1303 1589/1589/1589
f 1588/1588/1588 1101/1101/1101 130/130/130
f 1143/1143/1143 1169/1169/1169 1156/1156/1156
f 130/130/130 1303/1303/1303 1588/1588/1588
f 131/131/131 166/166/166 130/130/130
f 1102/1102/1102 1588/1588/1588 1298/1298/1298
f 131/131/131 168/168/168 161/161/161
f 161/161/161 166/166/166 131/131/131
f 166/166/166 1122/1122/1122 1302/1302/1302
f 1062/1062/1062 1066/1066/1066 1609/1609/1609
f 1066/1066/1066 1070/1070/1070 1609/1609/1609
f 1298/1298/1298 1609/1609/1609 1070/1070/1070
f 1298/1298/1298 1070/1070/1070 1103/1103/1103
f 161/161/161 165/165/165 166/166/166
f 165/165/165 1122/1122/1122 166/166/166
f 1246/1246/1246 1668/1668/1668 1247/1247/1247
f 1122/1122/1122 1247/1247/1247 1668/1668/1668
f 1122/1122/1122 132/132/132 1247/1247/1247
f 2490/2490/2490 2579/2579/2579 1642/1642/1642
f 1136/1136/1136 1247/1247/1247 132/132/132
f 1114/1114/1114 1136/1136/1136 1251/1251/1251
f 1166/1166/1166 1128/1128/1128 1131/1131/1131
f 1131/1131/1131 1132/1132/1132 1159/1159/1159
f 1132/1132/1132 1131/1131/1131 1113/1113/1113
f 1145/1145/1145 1144/1144/1144 1143/1143/1143
f 1168/1168/1168 1149/1149/1149 1128/1128/1128
f 1143/1143/1143 1166/1166/1166 1145/1145/1145
f 2511/2511/2511 2503/2503/2503 1149/1149/1149
f 703/703/703 701/701/701 697/697/697
f 1169/1169/1169 1143/1143/1143 1144/1144/1144
f 1168/1168/1168 1147/1147/1147 1149/1149/1149
f 1168/1168/1168 1166/1166/1166 1143/1143/1143
f 130/130/130 1302/1302/1302 1303/1303/1303
f 1131/1131/1131 1128/1128/1128 1113/1113/1113
f 1156/1156/1156 1147/1147/1147 1143/1143/1143
f 2511/2511/2511 1149/1149/1149 1147/1147/1147
f 1114/1114/1114 1113/1113/1113 1116/1116/1116
f 168/168/168 131/131/131 1100/1100/1100
f 1136/1136/1136 1246/1246/1246 1247/1247/1247
f 701/701/701 703/703/703 685/685/685
f 785/785/785 784/784/784 798/798/798
f 707/707/707 794/794/794 755/755/755
f 785/785/785 776/776/776 784/784/784
f 701/701/701 684/684/684 697/697/697
f 754/754/754 701/701/701 685/685/685
f 812/812/812 2239/2239/2239 755/755/755
f 755/755/755 756/756/756 2179/2179/2179
f 786/786/786 2239/2239/2239 788/788/788
f 753/753/753 754/754/754 685/685/685
f 754/754/754 683/683/683 701/701/701
f 788/788/788 2239/2239/2239 812/812/812
f 756/756/756 755/755/755 773/773/773
f 2239/2239/2239 786/786/786 773/773/773
f 1885/1885/1885 2151/2151/2151 754/754/754
f 2209/2209/2209 1930/1930/1930 2164/2164/2164
f 1120/1120/1120 1185/1185/1185 1129/1129/1129
f 168/168/168 171/171/171 161/161/161
f 1120/1120/1120 1121/1121/1121 1185/1185/1185
f 1132/1132/1132 1114/1114/1114 1251/1251/1251
f 131/131/131 130/130/130 1100/1100/1100
f 1136/1136/1136 132/132/132 1251/1251/1251
f 1857/1857/1857 2419/2419/2419 2481/2481/2481
f 1143/1143/1143 1147/1147/1147 1168/1168/1168
f 1122/1122/1122 1668/1668/1668 1302/1302/1302
f 1128/1128/1128 1116/1116/1116 1113/1113/1113
f 1298/1298/1298 1103/1103/1103 1102/1102/1102
f 1128/1128/1128 1149/1149/1149 1116/1116/1116
f 130/130/130 1101/1101/1101 1100/1100/1100
f 1102/1102/1102 1486/1486/1486 1098/1098/1098
f 1149/1149/1149 2503/2503/2503 1116/1116/1116
f 1132/1132/1132 1113/1113/1113 1114/1114/1114
f 1302/1302/1302 130/130/130 166/166/166
f 1857/1857/1857 2481/2481/2481 2458/2458/2458
f 165/165/165 132/132/132 1122/1122/1122
f 153/153/153 137/137/137 152/152/152
f 138/138/138 139/139/139 1132/1132/1132
f 1121/1121/1121 137/137/137 1245/1245/1245
f 1120/1120/1120 139/139/139 1121/1121/1121
f 1656/1656/1656 2174/2174/2174 724/724/724
f 812/812/812 1499/1499/1499 788/788/788
f 788/788/788 1499/1499/1499 790/790/790
f 152/152/152 160/160/160 1318/1318/1318
f 139/139/139 137/137/137 1121/1121/1121
f 138/138/138 133/133/133 137/137/137
f 724/724/724 2174/2174/2174 790/790/790
f 774/774/774 776/776/776 785/785/785
f 728/728/728 771/771/771 1656/1656/1656
f 2174/2174/2174 774/774/774 782/782/782
f 788/788/788 2174/2174/2174 782/782/782
f 2174/2174/2174 1656/1656/1656 774/774/774
f 2174/2174/2174 788/788/788 790/790/790
f 790/790/790 2193/2193/2193 724/724/724
f 771/771/771 776/776/776 774/774/774
f 771/771/771 774/774/774 1656/1656/1656
f 782/782/782 774/774/774 785/785/785
f 1132/1132/1132 139/139/139 1159/1159/1159
f 161/161/161 1318/1318/1318 160/160/160
f 152/152/152 1318/1318/1318 153/153/153
f 1318/1318/1318 161/161/161 163/163/163
f 153/153/153 1245/1245/1245 137/137/137
f 1245/1245/1245 1185/1185/1185 1121/1121/1121
f 1251/1251/1251 132/132/132 133/133/133
f 163/163/163 161/161/161 171/171/171
f 138/138/138 1132/1132/1132 133/133/133
f 137/137/137 139/139/139 138/138/138
f 152/152/152 165/165/165 160/160/160
f 1132/1132/1132 1251/1251/1251 133/133/133
f 137/137/137 133/133/133 152/152/152
f 165/165/165 161/161/161 160/160/160
f 152/152/152 133/133/133 165/165/165
f 132/132/132 165/165/165 133/133/133
f 786/786/786 788/788/788 782/782/782
f 798/798/798 2210/2210/2210 756/756/756
f 785/785/785 798/798/798 773/773/773
f 2210/2210/2210 1930/1930/1930 2209/2209/2209
f 2484/2484/2484 1642/1642/1642 1074/1074/1074
f 2484/2484/2484 1074/1074/1074 2414/2414/2414
f 1148/1148/1148 2484/2484/2484 2468/2468/2468
f 1642/1642/1642 2484/2484/2484 1148/1148/1148
f 2476/2476/2476 2491/2491/2491 1096/1096/1096
f 2488/2488/2488 1289/1289/1289 1290/1290/1290
f 2491/2491/2491 821/821/821 2490/2490/2490
f 1096/1096/1096 2488/2488/2488 2476/2476/2476
f 2476/2476/2476 2488/2488/2488 1290/1290/1290
f 1289/1289/1289 2488/2488/2488 1096/1096/1096
f 821/821/821 2579/2579/2579 2490/2490/2490
f 2476/2476/2476 1290/1290/1290 271/271/271
f 821/821/821 271/271/271 2579/2579/2579
f 2476/2476/2476 821/821/821 2491/2491/2491
f 2476/2476/2476 271/271/271 821/821/821
f 2580/2580/2580 2468/2468/2468 2484/2484/2484
f 2164/2164/2164 1930/1930/1930 2429/2429/2429
f 2151/2151/2151 2417/2417/2417 2416/2416/2416
f 2163/2163/2163 2175/2175/2175 1885/1885/1885
f 2151/2151/2151 2416/2416/2416 750/750/750
f 786/786/786 782/782/782 785/785/785
f 798/798/798 1930/1930/1930 2210/2210/2210
f 2417/2417/2417 1885/1885/1885 2175/2175/2175
f 2429/2429/2429 2412/2412/2412 2164/2164/2164
f 2417/2417/2417 2412/2412/2412 2154/2154/2154
f 1105/1105/1105 1615/1615/1615 2468/2468/2468
f 2486/2486/2486 1240/1240/1240 1063/1063/1063
f 58/58/58 1072/1072/1072 1581/1581/1581
f 2468/2468/2468 2580/2580/2580 1105/1105/1105
f 1857/1857/1857 2458/2458/2458 1455/1455/1455
f 1119/1119/1119 1140/1140/1140 1066/1066/1066
f 1105/1105/1105 2486/2486/2486 1072/1072/1072
f 1455/1455/1455 1119/1119/1119 1063/1063/1063
f 1072/1072/1072 58/58/58 1615/1615/1615
f 1615/1615/1615 1105/1105/1105 1072/1072/1072
f 950/950/950 2468/2468/2468 1615/1615/1615
f 2580/2580/2580 2486/2486/2486 1105/1105/1105
f 1063/1063/1063 1119/1119/1119 1062/1062/1062
f 1066/1066/1066 1062/1062/1062 1119/1119/1119
f 1240/1240/1240 1857/1857/1857 1455/1455/1455
f 950/950/950 1148/1148/1148 2468/2468/2468
f 2580/2580/2580 149/149/149 2486/2486/2486
f 1063/1063/1063 1061/1061/1061 1073/1073/1073
f 1072/1072/1072 1073/1073/1073 1581/1581/1581
f 2486/2486/2486 1073/1073/1073 1072/1072/1072
f 1073/1073/1073 2486/2486/2486 1063/1063/1063
f 1581/1581/1581 1073/1073/1073 1061/1061/1061
f 149/149/149 1240/1240/1240 2486/2486/2486
f 1062/1062/1062 1061/1061/1061 1063/1063/1063
f 1240/1240/1240 1455/1455/1455 1063/1063/1063
f 2458/2458/2458 1119/1119/1119 1455/1455/1455
f 2458/2458/2458 1140/1140/1140 1119/1119/1119
f 1289/1289/1289 1090/1090/1090 1290/1290/1290
f 1289/1289/1289 1085/1085/1085 1090/1090/1090
f 2478/2478/2478 1289/1289/1289 1096/1096/1096
f 1289/1289/1289 2478/2478/2478 1085/1085/1085
f 2163/2163/2163 2164/2164/2164 2175/2175/2175
f 707/707/707 755/755/755 2179/2179/2179
f 2175/2175/2175 2412/2412/2412 2417/2417/2417
f 2464/2464/2464 2153/2153/2153 2415/2415/2415
f 2177/2177/2177 2412/2412/2412 2429/2429/2429
f 2154/2154/2154 2153/2153/2153 2467/2467/2467
f 2147/2147/2147 2154/2154/2154 2412/2412/2412
f 2147/2147/2147 2412/2412/2412 2177/2177/2177
f 2147/2147/2147 2161/2161/2161 2154/2154/2154
f 2161/2161/2161 2153/2153/2153 2154/2154/2154
f 2419/2419/2419 2415/2415/2415 2153/2153/2153
f 683/683/683 2151/2151/2151 750/750/750
f 2467/2467/2467 2153/2153/2153 2464/2464/2464
f 1041/1041/1041 1042/1042/1042 1074/1074/1074
f 1074/1074/1074 964/964/964 1041/1041/1041
f 1090/1090/1090 1085/1085/1085 1036/1036/1036
f 964/964/964 2579/2579/2579 1614/1614/1614
f 1039/1039/1039 2414/2414/2414 1042/1042/1042
f 1614/1614/1614 1328/1328/1328 1075/1075/1075
f 2548/2548/2548 1181/1181/1181 1129/1129/1129
f 1092/1092/1092 1614/1614/1614 1278/1278/1278
f 683/683/683 1075/1075/1075 684/684/684
f 964/964/964 1074/1074/1074 2579/2579/2579
f 1042/1042/1042 1041/1041/1041 1075/1075/1075
f 1278/1278/1278 1090/1090/1090 1087/1087/1087
f 964/964/964 1614/1614/1614 1041/1041/1041
f 1328/1328/1328 2498/2498/2498 710/710/710
f 2416/2416/2416 2154/2154/2154 2467/2467/2467
f 1278/1278/1278 1087/1087/1087 1092/1092/1092
f 684/684/684 689/689/689 697/697/697
f 1092/1092/1092 1087/1087/1087 2498/2498/2498
f 1328/1328/1328 1614/1614/1614 1092/1092/1092
f 1614/1614/1614 2579/2579/2579 1278/1278/1278
f 271/271/271 1290/1290/1290 1278/1278/1278
f 1042/1042/1042 2414/2414/2414 1074/1074/1074
f 2484/2484/2484 2414/2414/2414 2485/2485/2485
f 1042/1042/1042 1075/1075/1075 750/750/750
f 2498/2498/2498 1328/1328/1328 1092/1092/1092
f 1278/1278/1278 1290/1290/1290 1090/1090/1090
f 2414/2414/2414 2464/2464/2464 2485/2485/2485
f 2175/2175/2175 2164/2164/2164 2412/2412/2412
f 2179/2179/2179 753/753/753 685/685/685
f 1245/1245/1245 2566/2566/2566 1185/1185/1185
f 683/683/683 754/754/754 2151/2151/2151
f 706/706/706 707/707/707 703/703/703
f 2548/2548/2548 1129/1129/1129 1185/1185/1185
f 2163/2163/2163 754/754/754 753/753/753
f 1885/1885/1885 2417/2417/2417 2151/2151/2151
f 701/701/701 683/683/683 684/684/684
f 1245/1245/1245 1244/1244/1244 2566/2566/2566
f 786/786/786 785/785/785 773/773/773
f 1089/1089/1089 2478/2478/2478 1096/1096/1096
f 2566/2566/2566 2570/2570/2570 1186/1186/1186
f 2570/2570/2570 2566/2566/2566 2567/2567/2567
f 2164/2164/2164 2163/2163/2163 753/753/753
f 2179/2179/2179 2209/2209/2209 753/753/753
f 1181/1181/1181 2548/2548/2548 1186/1186/1186
f 1254/1254/1254 1244/1244/1244 1324/1324/1324
f 2163/2163/2163 1885/1885/1885 754/754/754
f 769/769/769 755/755/755 794/794/794
f 2209/2209/2209 2179/2179/2179 756/756/756
f 2210/2210/2210 2209/2209/2209 756/756/756
f 2567/2567/2567 2566/2566/2566 1254/1254/1254
f 707/707/707 2179/2179/2179 685/685/685
f 798/798/798 756/756/756 773/773/773
f 2416/2416/2416 2417/2417/2417 2154/2154/2154
f 1254/1254/1254 2566/2566/2566 1244/1244/1244
f 2566/2566/2566 2548/2548/2548 1185/1185/1185
f 750/750/750 1075/1075/1075 683/683/683
f 753/753/753 2209/2209/2209 2164/2164/2164
f 1186/1186/1186 2548/2548/2548 2566/2566/2566
f 706/706/706 794/794/794 707/707/707
f 755/755/755 2239/2239/2239 773/773/773
f 1255/1255/1255 1324/1324/1324 1244/1244/1244
f 153/153/153 1244/1244/1244 1245/1245/1245
f 1041/1041/1041 1614/1614/1614 1075/1075/1075
f 750/750/750 1039/1039/1039 1042/1042/1042
f 1036/1036/1036 1087/1087/1087 1090/1090/1090
f 2464/2464/2464 2414/2414/2414 1039/1039/1039
f 1039/1039/1039 750/750/750 2416/2416/2416
f 710/710/710 689/689/689 684/684/684
f 684/684/684 1328/1328/1328 710/710/710
f 2467/2467/2467 2464/2464/2464 1039/1039/1039
f 2416/2416/2416 2467/2467/2467 1039/1039/1039
f 2498/2498/2498 1087/1087/1087 1036/1036/1036
f 2485/2485/2485 2464/2464/2464 2475/2475/2475
f 2485/2485/2485 2580/2580/2580 2484/2484/2484
f 1075/1075/1075 1328/1328/1328 684/684/684
f 2579/2579/2579 271/271/271 1278/1278/1278
f 2475/2475/2475 2580/2580/2580 2485/2485/2485
f 2475/2475/2475 2464/2464/2464 2415/2415/2415
f 1438/1438/1438 1267/1267/1267 977/977/977
f 65/65/65 46/46/46 63/63/63
f 1529/1529/1529 1512/1512/1512 836/836/836
f 49/49/49 51/51/51 43/43/43
f 55/55/55 53/53/53 224/224/224
f 830/830/830 838/838/838 836/836/836
f 43/43/43 52/52/52 49/49/49
f 839/839/839 603/603/603 604/604/604
f 53/53/53 204/204/204 208/208/208
f 49/49/49 98/98/98 50/50/50
f 599/599/599 60/60/60 67/67/67
f 1619/1619/1619 1621/1621/1621 1372/1372/1372
f 958/958/958 971/971/971 1279/1279/1279
f 751/751/751 675/675/675 1505/1505/1505
f 929/929/929 970/970/970 1620/1620/1620
f 1228/1228/1228 977/977/977 967/967/967
f 59/59/59 611/611/611 622/622/622
f 611/611/611 59/59/59 620/620/620
f 603/603/603 670/670/670 114/114/114
f 103/103/103 832/832/832 850/850/850
f 1267/1267/1267 985/985/985 977/977/977
f 968/968/968 953/953/953 966/966/966
f 107/107/107 82/82/82 665/665/665
f 611/611/611 47/47/47 48/48/48
f 52/52/52 98/98/98 49/49/49
f 860/860/860 620/620/620 59/59/59
f 1621/1621/1621 1109/1109/1109 1372/1372/1372
f 612/612/612 66/66/66 44/44/44
f 114/114/114 217/217/217 983/983/983
f 204/204/204 53/53/53 51/51/51
f 1512/1512/1512 830/830/830 836/836/836
f 204/204/204 50/50/50 62/62/62
f 2577/2577/2577 179/179/179 1272/1272/1272
f 953/953/953 952/952/952 965/965/965
f 837/837/837 1529/1529/1529 836/836/836
f 599/599/599 98/98/98 60/60/60
f 836/836/836 854/854/854 837/837/837
f 1284/1284/1284 1599/1599/1599 972/972/972
f 838/838/838 621/621/621 854/854/854
f 673/673/673 672/672/672 665/665/665
f 837/837/837 854/854/854 859/859/859
f 844/844/844 840/840/840 601/601/601
f 840/840/840 844/844/844 859/859/859
f 103/103/103 1484/1484/1484 667/667/667
f 615/615/615 101/101/101 102/102/102
f 228/228/228 221/221/221 669/669/669
f 1287/1287/1287 929/929/929 853/853/853
f 203/203/203 1292/1292/1292 231/231/231
f 621/621/621 860/860/860 854/854/854
f 47/47/47 611/611/611 620/620/620
f 840/840/840 615/615/615 618/618/618
f 101/101/101 615/615/615 860/860/860
f 111/111/111 953/953/953 1292/1292/1292
f 601/601/601 840/840/840 618/618/618
f 859/859/859 854/854/854 840/840/840
f 837/837/837 862/862/862 1527/1527/1527
f 862/862/862 837/837/837 859/859/859
f 602/602/602 113/113/113 63/63/63
f 830/830/830 833/833/833 832/832/832
f 820/820/820 827/827/827 1501/1501/1501
f 1047/1047/1047 1501/1501/1501 1512/1512/1512
f 1501/1501/1501 1504/1504/1504 820/820/820
f 835/835/835 820/820/820 1504/1504/1504
f 833/833/833 820/820/820 1502/1502/1502
f 854/854/854 836/836/836 838/838/838
f 820/820/820 835/835/835 818/818/818
f 848/848/848 850/850/850 849/849/849
f 818/818/818 1502/1502/1502 820/820/820
f 845/845/845 847/847/847 818/818/818
f 211/211/211 72/72/72 212/212/212
f 849/849/849 1502/1502/1502 847/847/847
f 751/751/751 1509/1509/1509 84/84/84
f 818/818/818 744/744/744 845/845/845
f 846/846/846 822/822/822 848/848/848
f 845/845/845 846/846/846 847/847/847
f 1501/1501/1501 830/830/830 1512/1512/1512
f 1505/1505/1505 1509/1509/1509 751/751/751
f 84/84/84 1509/1509/1509 100/100/100
f 848/848/848 849/849/849 846/846/846
f 215/215/215 1505/1505/1505 846/846/846
f 846/846/846 845/845/845 151/151/151
f 100/100/100 1509/1509/1509 150/150/150
f 615/615/615 840/840/840 854/854/854
f 847/847/847 1502/1502/1502 818/818/818
f 854/854/854 860/860/860 615/615/615
f 615/615/615 102/102/102 618/618/618
f 618/618/618 102/102/102 55/55/55
f 215/215/215 846/846/846 151/151/151
f 212/212/212 100/100/100 150/150/150
f 101/101/101 53/53/53 102/102/102
f 681/681/681 211/211/211 212/212/212
f 749/749/749 738/738/738 733/733/733
f 93/93/93 150/150/150 215/215/215
f 212/212/212 726/726/726 681/681/681
f 681/681/681 80/80/80 211/211/211
f 211/211/211 78/78/78 72/72/72
f 1190/1190/1190 93/93/93 151/151/151
f 150/150/150 93/93/93 738/738/738
f 726/726/726 749/749/749 681/681/681
f 738/738/738 726/726/726 150/150/150
f 80/80/80 78/78/78 211/211/211
f 102/102/102 53/53/53 55/55/55
f 749/749/749 726/726/726 738/738/738
f 749/749/749 733/733/733 80/80/80
f 1504/1504/1504 1501/1501/1501 1047/1047/1047
f 671/671/671 669/669/669 839/839/839
f 1509/1509/1509 1505/1505/1505 215/215/215
f 982/982/982 1564/1564/1564 1655/1655/1655
f 1501/1501/1501 827/827/827 830/830/830
f 1047/1047/1047 1512/1512/1512 1529/1529/1529
f 979/979/979 221/221/221 1564/1564/1564
f 221/221/221 979/979/979 669/669/669
f 822/822/822 846/846/846 1505/1505/1505
f 2577/2577/2577 1272/1272/1272 1270/1270/1270
f 228/228/228 677/677/677 221/221/221
f 833/833/833 830/830/830 827/827/827
f 1284/1284/1284 1287/1287/1287 853/853/853
f 151/151/151 148/148/148 1190/1190/1190
f 744/744/744 818/818/818 829/829/829
f 671/671/671 608/608/608 106/106/106
f 744/744/744 148/148/148 845/845/845
f 1267/1267/1267 1564/1564/1564 1044/1044/1044
f 1527/1527/1527 1529/1529/1529 837/837/837
f 847/847/847 846/846/846 849/849/849
f 151/151/151 93/93/93 215/215/215
f 833/833/833 827/827/827 820/820/820
f 671/671/671 839/839/839 608/608/608
f 850/850/850 833/833/833 1502/1502/1502
f 859/859/859 844/844/844 862/862/862
f 835/835/835 829/829/829 818/818/818
f 952/952/952 978/978/978 1288/1288/1288
f 978/978/978 983/983/983 1059/1059/1059
f 1438/1438/1438 977/977/977 1228/1228/1228
f 965/965/965 1288/1288/1288 967/967/967
f 663/663/663 674/674/674 106/106/106
f 990/990/990 993/993/993 1621/1621/1621
f 221/221/221 677/677/677 220/220/220
f 1287/1287/1287 1226/1226/1226 966/966/966
f 983/983/983 218/218/218 982/982/982
f 670/670/670 839/839/839 669/669/669
f 1288/1288/1288 1228/1228/1228 967/967/967
f 839/839/839 670/670/670 603/603/603
f 218/218/218 979/979/979 982/982/982
f 967/967/967 971/971/971 965/965/965
f 669/669/669 979/979/979 670/670/670
f 1287/1287/1287 970/970/970 929/929/929
f 929/929/929 1231/1231/1231 853/853/853
f 990/990/990 1111/1111/1111 1017/1017/1017
f 966/966/966 953/953/953 958/958/958
f 664/664/664 663/663/663 107/107/107
f 150/150/150 1509/1509/1509 215/215/215
f 148/148/148 151/151/151 845/845/845
f 726/726/726 212/212/212 150/150/150
f 833/833/833 850/850/850 832/832/832
f 212/212/212 72/72/72 100/100/100
f 80/80/80 681/681/681 749/749/749
f 1190/1190/1190 738/738/738 93/93/93
f 849/849/849 850/850/850 1502/1502/1502
f 1619/1619/1619 2577/2577/2577 1270/1270/1270
f 970/970/970 1613/1613/1613 1620/1620/1620
f 1613/1613/1613 1619/1619/1619 1620/1620/1620
f 971/971/971 1613/1613/1613 970/970/970
f 967/967/967 973/973/973 971/971/971
f 977/977/977 976/976/976 973/973/973
f 975/975/975 973/973/973 976/976/976
f 975/975/975 1613/1613/1613 973/973/973
f 1621/1621/1621 975/975/975 976/976/976
f 1613/1613/1613 971/971/971 973/973/973
f 975/975/975 1619/1619/1619 1613/1613/1613
f 973/973/973 967/967/967 977/977/977
f 1619/1619/1619 975/975/975 1621/1621/1621
f 114/114/114 670/670/670 217/217/217
f 965/965/965 952/952/952 1288/1288/1288
f 672/672/672 677/677/677 228/228/228
f 621/621/621 838/838/838 219/219/219
f 838/838/838 830/830/830 1660/1660/1660
f 1660/1660/1660 219/219/219 838/838/838
f 621/621/621 57/57/57 620/620/620
f 1660/1660/1660 57/57/57 219/219/219
f 612/612/612 56/56/56 104/104/104
f 1660/1660/1660 832/832/832 57/57/57
f 105/105/105 612/612/612 104/104/104
f 57/57/57 832/832/832 104/104/104
f 105/105/105 606/606/606 831/831/831
f 105/105/105 667/667/667 606/606/606
f 105/105/105 857/857/857 667/667/667
f 103/103/103 857/857/857 104/104/104
f 604/604/604 606/606/606 667/667/667
f 839/839/839 604/604/604 619/619/619
f 609/609/609 619/619/619 604/604/604
f 1059/1059/1059 1438/1438/1438 978/978/978
f 970/970/970 1287/1287/1287 966/966/966
f 228/228/228 663/663/663 672/672/672
f 1621/1621/1621 976/976/976 990/990/990
f 952/952/952 954/954/954 978/978/978
f 976/976/976 985/985/985 990/990/990
f 217/217/217 218/218/218 983/983/983
f 814/814/814 220/220/220 677/677/677
f 977/977/977 985/985/985 976/976/976
f 1228/1228/1228 1288/1288/1288 978/978/978
f 674/674/674 228/228/228 669/669/669
f 954/954/954 112/112/112 68/68/68
f 106/106/106 674/674/674 671/671/671
f 1044/1044/1044 990/990/990 1267/1267/1267
f 220/220/220 1044/1044/1044 227/227/227
f 1059/1059/1059 982/982/982 1655/1655/1655
f 966/966/966 1279/1279/1279 970/970/970
f 1279/1279/1279 971/971/971 970/970/970
f 985/985/985 1267/1267/1267 990/990/990
f 619/619/619 609/609/609 839/839/839
f 665/665/665 89/89/89 662/662/662
f 850/850/850 848/848/848 1484/1484/1484
f 1272/1272/1272 1231/1231/1231 1270/1270/1270
f 47/47/47 104/104/104 56/56/56
f 851/851/851 1484/1484/1484 848/848/848
f 832/832/832 1660/1660/1660 830/830/830
f 1484/1484/1484 668/668/668 667/667/667
f 851/851/851 848/848/848 822/822/822
f 679/679/679 668/668/668 1484/1484/1484
f 679/679/679 851/851/851 822/822/822
f 997/997/997 814/814/814 1000/1000/1000
f 671/671/671 674/674/674 669/669/669
f 114/114/114 954/954/954 68/68/68
f 231/231/231 1292/1292/1292 957/957/957
f 221/221/221 227/227/227 1564/1564/1564
f 663/663/663 106/106/106 107/107/107
f 1599/1599/1599 963/963/963 959/959/959
f 52/52/52 60/60/60 98/98/98
f 56/56/56 44/44/44 48/48/48
f 63/63/63 64/64/64 65/65/65
f 1111/1111/1111 990/990/990 1044/1044/1044
f 958/958/958 953/953/953 965/965/965
f 1270/1270/1270 1620/1620/1620 1619/1619/1619
f 612/612/612 831/831/831 66/66/66
f 983/983/983 982/982/982 1059/1059/1059
f 672/672/672 663/663/663 664/664/664
f 963/963/963 957/957/957 959/959/959
f 228/228/228 674/674/674 663/663/663
f 217/217/217 670/670/670 218/218/218
f 220/220/220 1111/1111/1111 1044/1044/1044
f 63/63/63 66/66/66 831/831/831
f 231/231/231 234/234/234 203/203/203
f 605/605/605 606/606/606 604/604/604
f 997/997/997 220/220/220 814/814/814
f 105/105/105 831/831/831 612/612/612
f 107/107/107 106/106/106 610/610/610
f 822/822/822 675/675/675 679/679/679
f 814/814/814 677/677/677 115/115/115
f 664/664/664 107/107/107 665/665/665
f 679/679/679 83/83/83 107/107/107
f 115/115/115 677/677/677 673/673/673
f 672/672/672 664/664/664 665/665/665
f 115/115/115 673/673/673 117/117/117
f 673/673/673 91/91/91 117/117/117
f 662/662/662 673/673/673 665/665/665
f 665/665/665 82/82/82 100/100/100
f 91/91/91 673/673/673 662/662/662
f 668/668/668 608/608/608 609/609/609
f 76/76/76 91/91/91 662/662/662
f 67/67/67 99/99/99 599/599/599
f 220/220/220 227/227/227 221/221/221
f 1000/1000/1000 814/814/814 115/115/115
f 1484/1484/1484 851/851/851 679/679/679
f 82/82/82 83/83/83 84/84/84
f 998/998/998 997/997/997 988/988/988
f 1438/1438/1438 1228/1228/1228 978/978/978
f 89/89/89 100/100/100 72/72/72
f 89/89/89 665/665/665 100/100/100
f 675/675/675 751/751/751 83/83/83
f 89/89/89 72/72/72 76/76/76
f 89/89/89 76/76/76 662/662/662
f 83/83/83 679/679/679 675/675/675
f 83/83/83 751/751/751 84/84/84
f 82/82/82 84/84/84 100/100/100
f 61/61/61 62/62/62 50/50/50
f 857/857/857 103/103/103 667/667/667
f 857/857/857 105/105/105 104/104/104
f 1492/1492/1492 968/968/968 966/966/966
f 677/677/677 672/672/672 673/673/673
f 988/988/988 997/997/997 1000/1000/1000
f 1226/1226/1226 972/972/972 1492/1492/1492
f 1017/1017/1017 993/993/993 990/990/990
f 668/668/668 610/610/610 608/608/608
f 1226/1226/1226 1287/1287/1287 1284/1284/1284
f 43/43/43 51/51/51 622/622/622
f 832/832/832 103/103/103 104/104/104
f 822/822/822 1505/1505/1505 675/675/675
f 101/101/101 59/59/59 622/622/622
f 48/48/48 47/47/47 56/56/56
f 604/604/604 603/603/603 605/605/605
f 831/831/831 605/605/605 602/602/602
f 65/65/65 202/202/202 99/99/99
f 208/208/208 62/62/62 206/206/206
f 1267/1267/1267 1438/1438/1438 1655/1655/1655
f 1492/1492/1492 957/957/957 968/968/968
f 46/46/46 65/65/65 67/67/67
f 82/82/82 107/107/107 83/83/83
f 1292/1292/1292 203/203/203 111/111/111
f 61/61/61 98/98/98 599/599/599
f 114/114/114 113/113/113 603/603/603
f 48/48/48 43/43/43 622/622/622
f 113/113/113 602/602/602 603/603/603
f 52/52/52 43/43/43 60/60/60
f 667/667/667 668/668/668 609/609/609
f 603/603/603 602/602/602 605/605/605
f 111/111/111 112/112/112 953/953/953
f 831/831/831 602/602/602 63/63/63
f 65/65/65 99/99/99 67/67/67
f 111/111/111 202/202/202 112/112/112
f 231/231/231 957/957/957 234/234/234
f 68/68/68 112/112/112 202/202/202
f 966/966/966 1226/1226/1226 1492/1492/1492
f 61/61/61 599/599/599 99/99/99
f 104/104/104 47/47/47 57/57/57
f 64/64/64 202/202/202 65/65/65
f 202/202/202 111/111/111 99/99/99
f 972/972/972 959/959/959 957/957/957
f 1292/1292/1292 953/953/953 968/968/968
f 972/972/972 1226/1226/1226 1284/1284/1284
f 51/51/51 50/50/50 204/204/204
f 63/63/63 46/46/46 66/66/66
f 968/968/968 957/957/957 1292/1292/1292
f 46/46/46 44/44/44 66/66/66
f 1599/1599/1599 959/959/959 972/972/972
f 57/57/57 47/47/47 620/620/620
f 621/621/621 620/620/620 860/860/860
f 1621/1621/1621 993/993/993 1109/1109/1109
f 203/203/203 61/61/61 99/99/99
f 44/44/44 56/56/56 612/612/612
f 957/957/957 963/963/963 234/234/234
f 179/179/179 2577/2577/2577 1619/1619/1619
f 998/998/998 1111/1111/1111 220/220/220
f 983/983/983 978/978/978 954/954/954
f 218/218/218 670/670/670 979/979/979
f 61/61/61 203/203/203 62/62/62
f 1270/1270/1270 929/929/929 1620/1620/1620
f 958/958/958 965/965/965 971/971/971
f 208/208/208 204/204/204 62/62/62
f 112/112/112 952/952/952 953/953/953
f 112/112/112 954/954/954 952/952/952
f 234/234/234 62/62/62 203/203/203
f 966/966/966 958/958/958 1279/1279/1279
f 44/44/44 67/67/67 43/43/43
f 1231/1231/1231 929/929/929 1270/1270/1270
f 234/234/234 206/206/206 62/62/62
f 1655/1655/1655 1438/1438/1438 1059/1059/1059
f 203/203/203 99/99/99 111/111/111
f 43/43/43 67/67/67 60/60/60
f 220/220/220 997/997/997 998/998/998
f 46/46/46 67/67/67 44/44/44
f 44/44/44 43/43/43 48/48/48
f 64/64/64 63/63/63 113/113/113
f 1655/1655/1655 1564/1564/1564 1267/1267/1267
f 51/51/51 101/101/101 622/622/622
f 860/860/860 59/59/59 101/101/101
f 609/609/609 608/608/608 839/839/839
f 51/51/51 53/53/53 101/101/101
f 668/668/668 679/679/679 610/610/610
f 605/605/605 831/831/831 606/606/606
f 667/667/667 609/609/609 604/604/604
f 850/850/850 1484/1484/1484 103/103/103
f 68/68/68 202/202/202 64/64/64
f 179/179/179 1619/1619/1619 1372/1372/1372
f 610/610/610 106/106/106 608/608/608
f 53/53/53 208/208/208 224/224/224
f 957/957/957 1492/1492/1492 972/972/972
f 50/50/50 51/51/51 49/49/49
f 98/98/98 61/61/61 50/50/50
f 114/114/114 68/68/68 113/113/113
f 983/983/983 954/954/954 114/114/114
f 219/219/219 57/57/57 621/621/621
f 107/107/107 610/610/610 679/679/679
f 227/227/227 1044/1044/1044 1564/1564/1564
f 48/48/48 622/622/622 611/611/611
f 979/979/979 1564/1564/1564 982/982/982
f 113/113/113 68/68/68 64/64/64
f 328/328/328 319/319/319 3252/3252/3252
f 3243/3243/3243 1625/1625/1625 2871/2871/2871
f 2832/2832/2832 2850/2850/2850 2849/2849/2849
f 2832/2832/2832 3254/3254/3254 2825/2825/2825
f 2829/2829/2829 2825/2825/2825 2753/2753/2753
f 2849/2849/2849 3254/3254/3254 2832/2832/2832
f 3252/3252/3252 3196/3196/3196 1625/1625/1625
f 3243/3243/3243 2718/2718/2718 2822/2822/2822
f 2617/2617/2617 2585/2585/2585 687/687/687
f 3252/3252/3252 3177/3177/3177 328/328/328
f 2696/2696/2696 2713/2713/2713 2704/2704/2704
f 2585/2585/2585 2619/2619/2619 3197/3197/3197
f 2784/2784/2784 2753/2753/2753 2708/2708/2708
f 2718/2718/2718 2713/2713/2713 2715/2715/2715
f 3177/3177/3177 3252/3252/3252 3243/3243/3243
f 3252/3252/3252 1625/1625/1625 3243/3243/3243
f 2829/2829/2829 2850/2850/2850 2832/2832/2832
f 2617/2617/2617 2696/2696/2696 2849/2849/2849
f 331/331/331 3196/3196/3196 319/319/319
f 2914/2914/2914 2704/2704/2704 2713/2713/2713
f 687/687/687 3225/3225/3225 2695/2695/2695
f 2718/2718/2718 2689/2689/2689 2692/2692/2692
f 2682/2682/2682 2609/2609/2609 2608/2608/2608
f 3243/3243/3243 2822/2822/2822 3177/3177/3177
f 2718/2718/2718 2871/2871/2871 2713/2713/2713
f 2825/2825/2825 2829/2829/2829 2832/2832/2832
f 2871/2871/2871 1625/1625/1625 2876/2876/2876
f 687/687/687 2695/2695/2695 2617/2617/2617
f 2914/2914/2914 2713/2713/2713 2865/2865/2865
f 3254/3254/3254 2704/2704/2704 3230/3230/3230
f 2871/2871/2871 2876/2876/2876 2865/2865/2865
f 2715/2715/2715 3225/3225/3225 2856/2856/2856
f 2708/2708/2708 2825/2825/2825 2709/2709/2709
f 2914/2914/2914 2865/2865/2865 2876/2876/2876
f 2856/2856/2856 2689/2689/2689 2715/2715/2715
f 2692/2692/2692 2822/2822/2822 2718/2718/2718
f 2876/2876/2876 2773/2773/2773 2914/2914/2914
f 2721/2721/2721 2709/2709/2709 3254/3254/3254
f 2914/2914/2914 2773/2773/2773 3230/3230/3230
f 2709/2709/2709 2721/2721/2721 2854/2854/2854
f 2704/2704/2704 2914/2914/2914 3230/3230/3230
f 2713/2713/2713 2696/2696/2696 2715/2715/2715
f 325/325/325 319/319/319 328/328/328
f 2704/2704/2704 2849/2849/2849 2696/2696/2696
f 2608/2608/2608 2889/2889/2889 687/687/687
f 2715/2715/2715 2696/2696/2696 2695/2695/2695
f 3225/3225/3225 2715/2715/2715 2695/2695/2695
f 2721/2721/2721 3254/3254/3254 3230/3230/3230
f 3196/3196/3196 3252/3252/3252 319/319/319
f 2856/2856/2856 3225/3225/3225 2889/2889/2889
f 2619/2619/2619 2617/2617/2617 2849/2849/2849
f 2718/2718/2718 2715/2715/2715 2689/2689/2689
f 2704/2704/2704 3254/3254/3254 2849/2849/2849
f 2695/2695/2695 2696/2696/2696 2617/2617/2617
f 3225/3225/3225 687/687/687 2889/2889/2889
f 2713/2713/2713 2871/2871/2871 2865/2865/2865
f 3197/3197/3197 2725/2725/2725 2585/2585/2585
f 2619/2619/2619 2585/2585/2585 2617/2617/2617
f 2619/2619/2619 2849/2849/2849 2741/2741/2741
f 2709/2709/2709 2825/2825/2825 3254/3254/3254
f 687/687/687 2682/2682/2682 2608/2608/2608
f 2829/2829/2829 2753/2753/2753 2755/2755/2755
f 2889/2889/2889 2608/2608/2608 2609/2609/2609
f 2753/2753/2753 2784/2784/2784 2755/2755/2755
f 2741/2741/2741 3197/3197/3197 2619/2619/2619
f 2849/2849/2849 2850/2850/2850 2741/2741/2741
f 2854/2854/2854 2707/2707/2707 2709/2709/2709
f 687/687/687 2585/2585/2585 2682/2682/2682
f 2753/2753/2753 2825/2825/2825 2708/2708/2708
f 2709/2709/2709 2707/2707/2707 2708/2708/2708
f 2725/2725/2725 2682/2682/2682 2585/2585/2585
f 2707/2707/2707 2705/2705/2705 2708/2708/2708
f 3243/3243/3243 2871/2871/2871 2718/2718/2718
f 325/325/325 3073/3073/3073 319/319/319
f 1413/1413/1413 315/315/315 317/317/317
f 317/317/317 331/331/331 1413/1413/1413
f 331/331/331 3073/3073/3073 1413/1413/1413
f 3073/3073/3073 331/331/331 319/319/319
f 2686/2686/2686 3057/3057/3057 3020/3020/3020
f 195/195/195 454/454/454 196/196/196
f 2788/2788/2788 3020/3020/3020 3056/3056/3056
f 450/450/450 449/449/449 3014/3014/3014
f 14/14/14 196/196/196 454/454/454
f 196/196/196 14/14/14 18/18/18
f 383/383/383 18/18/18 11/11/11
f 196/196/196 383/383/383 439/439/439
f 2698/2698/2698 1585/1585/1585 2783/2783/2783
f 11/11/11 240/240/240 383/383/383
f 240/240/240 452/452/452 383/383/383
f 1585/1585/1585 439/439/439 453/453/453
f 196/196/196 439/439/439 195/195/195
f 453/453/453 439/439/439 383/383/383
f 2750/2750/2750 452/452/452 240/240/240
f 439/439/439 3056/3056/3056 444/444/444
f 193/193/193 1675/1675/1675 194/194/194
f 453/453/453 383/383/383 452/452/452
f 455/455/455 195/195/195 444/444/444
f 2587/2587/2587 2741/2741/2741 2850/2850/2850
f 2767/2767/2767 2784/2784/2784 2768/2768/2768
f 2741/2741/2741 2590/2590/2590 2699/2699/2699
f 2755/2755/2755 2733/2733/2733 2727/2727/2727
f 2727/2727/2727 2728/2728/2728 2587/2587/2587
f 2699/2699/2699 2590/2590/2590 1610/1610/1610
f 2784/2784/2784 2767/2767/2767 2733/2733/2733
f 2767/2767/2767 2765/2765/2765 2733/2733/2733
f 2727/2727/2727 2587/2587/2587 2850/2850/2850
f 2733/2733/2733 2728/2728/2728 2727/2727/2727
f 1610/1610/1610 2590/2590/2590 2728/2728/2728
f 3210/3210/3210 2758/2758/2758 2769/2769/2769
f 2765/2765/2765 2769/2769/2769 2733/2733/2733
f 2783/2783/2783 2767/2767/2767 2768/2768/2768
f 2587/2587/2587 2728/2728/2728 2590/2590/2590
f 2769/2769/2769 2728/2728/2728 2733/2733/2733
f 1610/1610/1610 2728/2728/2728 2758/2758/2758
f 2783/2783/2783 2639/2639/2639 2767/2767/2767
f 1370/1370/1370 2758/2758/2758 2747/2747/2747
f 2765/2765/2765 2639/2639/2639 2769/2769/2769
f 824/824/824 2894/2894/2894 2750/2750/2750
f 2769/2769/2769 2639/2639/2639 3210/3210/3210
f 2590/2590/2590 2741/2741/2741 2587/2587/2587
f 2747/2747/2747 2758/2758/2758 3210/3210/3210
f 2750/2750/2750 2894/2894/2894 1370/1370/1370
f 824/824/824 1610/1610/1610 2894/2894/2894
f 452/452/452 2750/2750/2750 1370/1370/1370
f 2727/2727/2727 2850/2850/2850 2829/2829/2829
f 1370/1370/1370 2894/2894/2894 2758/2758/2758
f 2767/2767/2767 2639/2639/2639 2765/2765/2765
f 2758/2758/2758 2894/2894/2894 1610/1610/1610
f 2728/2728/2728 2769/2769/2769 2758/2758/2758
f 3210/3210/3210 2639/2639/2639 1585/1585/1585
f 1370/1370/1370 2747/2747/2747 452/452/452
f 2755/2755/2755 2784/2784/2784 2733/2733/2733
f 2727/2727/2727 2829/2829/2829 2755/2755/2755
f 3210/3210/3210 1585/1585/1585 452/452/452
f 2747/2747/2747 3210/3210/3210 452/452/452
f 452/452/452 1585/1585/1585 453/453/453
f 454/454/454 1675/1675/1675 14/14/14
f 195/195/195 439/439/439 444/444/444
f 1585/1585/1585 2698/2698/2698 439/439/439
f 2698/2698/2698 3056/3056/3056 439/439/439
f 454/454/454 194/194/194 1675/1675/1675
f 3123/3123/3123 3033/3033/3033 1400/1400/1400
f 762/762/762 3245/3245/3245 2986/2986/2986
f 2987/2987/2987 762/762/762 3136/3136/3136
f 383/383/383 196/196/196 18/18/18
f 3123/3123/3123 2987/2987/2987 3033/3033/3033
f 3245/3245/3245 3208/3208/3208 2986/2986/2986
f 762/762/762 2986/2986/2986 3136/3136/3136
f 281/281/281 3123/3123/3123 1400/1400/1400
f 3121/3121/3121 3245/3245/3245 762/762/762
f 2824/2824/2824 3033/3033/3033 2987/2987/2987
f 1553/1553/1553 1555/1555/1555 1445/1445/1445
f 2824/2824/2824 2986/2986/2986 2831/2831/2831
f 3033/3033/3033 264/264/264 1400/1400/1400
f 3033/3033/3033 2824/2824/2824 264/264/264
f 2987/2987/2987 3136/3136/3136 2824/2824/2824
f 2831/2831/2831 2986/2986/2986 3208/3208/3208
f 1555/1555/1555 264/264/264 2824/2824/2824
f 1556/1556/1556 264/264/264 1555/1555/1555
f 454/454/454 195/195/195 455/455/455
f 1445/1445/1445 2824/2824/2824 2831/2831/2831
f 1555/1555/1555 1553/1553/1553 1556/1556/1556
f 1555/1555/1555 2824/2824/2824 1445/1445/1445
f 3121/3121/3121 762/762/762 2987/2987/2987
f 3020/3020/3020 2783/2783/2783 2768/2768/2768
f 3136/3136/3136 2986/2986/2986 2824/2824/2824
f 3197/3197/3197 2741/2741/2741 2699/2699/2699
f 824/824/824 3060/3060/3060 1610/1610/1610
f 3060/3060/3060 824/824/824 1651/1651/1651
f 194/194/194 454/454/454 455/455/455
f 2725/2725/2725 3197/3197/3197 2799/2799/2799
f 1610/1610/1610 3060/3060/3060 2699/2699/2699
f 3020/3020/3020 3057/3057/3057 3056/3056/3056
f 2699/2699/2699 3060/3060/3060 2799/2799/2799
f 444/444/444 3206/3206/3206 455/455/455
f 2725/2725/2725 2799/2799/2799 479/479/479
f 405/405/405 3060/3060/3060 1651/1651/1651
f 479/479/479 405/405/405 480/480/480
f 405/405/405 1651/1651/1651 2743/2743/2743
f 3060/3060/3060 405/405/405 2799/2799/2799
f 3197/3197/3197 2699/2699/2699 2799/2799/2799
f 479/479/479 2799/2799/2799 405/405/405
f 824/824/824 2743/2743/2743 1651/1651/1651
f 460/460/460 479/479/479 480/480/480
f 3056/3056/3056 3057/3057/3057 444/444/444
f 455/455/455 3206/3206/3206 194/194/194
f 450/450/450 193/193/193 194/194/194
f 3057/3057/3057 3206/3206/3206 444/444/444
f 2788/2788/2788 3056/3056/3056 2698/2698/2698
f 3206/3206/3206 3057/3057/3057 451/451/451
f 1585/1585/1585 2639/2639/2639 2783/2783/2783
f 2788/2788/2788 2698/2698/2698 2783/2783/2783
f 3206/3206/3206 450/450/450 194/194/194
f 3014/3014/3014 193/193/193 450/450/450
f 3020/3020/3020 2788/2788/2788 2783/2783/2783
f 450/450/450 3206/3206/3206 449/449/449
f 3057/3057/3057 2686/2686/2686 451/451/451
f 449/449/449 3206/3206/3206 451/451/451
f 3020/3020/3020 2766/2766/2766 2686/2686/2686
f 3020/3020/3020 2768/2768/2768 2766/2766/2766
f 777/777/777 778/778/778 2868/2868/2868
f 2962/2962/2962 3015/3015/3015 3017/3017/3017
f 2933/2933/2933 3209/3209/3209 261/261/261
f 2806/2806/2806 3017/3017/3017 2879/2879/2879
f 3031/3031/3031 2720/2720/2720 2983/2983/2983
f 2854/2854/2854 2961/2961/2961 2962/2962/2962
f 2962/2962/2962 2707/2707/2707 2854/2854/2854
f 2688/2688/2688 777/777/777 2983/2983/2983
f 2896/2896/2896 3031/3031/3031 2872/2872/2872
f 2933/2933/2933 261/261/261 3113/3113/3113
f 2961/2961/2961 2719/2719/2719 2962/2962/2962
f 449/449/449 2820/2820/2820 3013/3013/3013
f 778/778/778 777/777/777 2688/2688/2688
f 3030/3030/3030 3113/3113/3113 261/261/261
f 2933/2933/2933 777/777/777 2868/2868/2868
f 2686/2686/2686 2706/2706/2706 451/451/451
f 3002/3002/3002 2719/2719/2719 2961/2961/2961
f 3183/3183/3183 2879/2879/2879 3017/3017/3017
f 3015/3015/3015 2904/2904/2904 3017/3017/3017
f 777/777/777 2933/2933/2933 2983/2983/2983
f 2687/2687/2687 2719/2719/2719 3002/3002/3002
f 2983/2983/2983 2933/2933/2933 3113/3113/3113
f 3014/3014/3014 3013/3013/3013 2916/2916/2916
f 3031/3031/3031 2896/2896/2896 2720/2720/2720
f 3030/3030/3030 3179/3179/3179 3113/3113/3113
f 2823/2823/2823 2706/2706/2706 3183/3183/3183
f 2818/2818/2818 3113/3113/3113 3179/3179/3179
f 2968/2968/2968 2962/2962/2962 2719/2719/2719
f 2933/2933/2933 2868/2868/2868 3209/3209/3209
f 778/778/778 2688/2688/2688 2687/2687/2687
f 3013/3013/3013 3014/3014/3014 449/449/449
f 2687/2687/2687 3172/3172/3172 778/778/778
f 2687/2687/2687 3002/3002/3002 3172/3172/3172
f 2687/2687/2687 2688/2688/2688 2719/2719/2719
f 3172/3172/3172 3002/3002/3002 247/247/247
f 2916/2916/2916 3179/3179/3179 2915/2915/2915
f 2688/2688/2688 2720/2720/2720 2719/2719/2719
f 2688/2688/2688 2983/2983/2983 2720/2720/2720
f 2983/2983/2983 3113/3113/3113 2818/2818/2818
f 2719/2719/2719 2720/2720/2720 2968/2968/2968
f 2983/2983/2983 2818/2818/2818 3031/3031/3031
f 2916/2916/2916 2736/2736/2736 3179/3179/3179
f 2896/2896/2896 2968/2968/2968 2720/2720/2720
f 3031/3031/3031 2818/2818/2818 2872/2872/2872
f 3179/3179/3179 2872/2872/2872 2818/2818/2818
f 2968/2968/2968 2896/2896/2896 2962/2962/2962
f 3030/3030/3030 2915/2915/2915 3179/3179/3179
f 2896/2896/2896 2872/2872/2872 3015/3015/3015
f 2736/2736/2736 2872/2872/2872 3179/3179/3179
f 2916/2916/2916 2915/2915/2915 3014/3014/3014
f 2962/2962/2962 2896/2896/2896 3015/3015/3015
f 2904/2904/2904 3015/3015/3015 2872/2872/2872
f 2872/2872/2872 2736/2736/2736 2904/2904/2904
f 2707/2707/2707 2962/2962/2962 2705/2705/2705
f 2820/2820/2820 2904/2904/2904 2736/2736/2736
f 2820/2820/2820 2736/2736/2736 2916/2916/2916
f 2962/2962/2962 3017/3017/3017 2806/2806/2806
f 3017/3017/3017 2904/2904/2904 3183/3183/3183
f 2962/2962/2962 2806/2806/2806 2705/2705/2705
f 2820/2820/2820 2823/2823/2823 2904/2904/2904
f 2806/2806/2806 2708/2708/2708 2705/2705/2705
f 2916/2916/2916 3013/3013/3013 2820/2820/2820
f 2904/2904/2904 2823/2823/2823 3183/3183/3183
f 2820/2820/2820 449/449/449 2823/2823/2823
f 2879/2879/2879 2760/2760/2760 2806/2806/2806
f 3183/3183/3183 2793/2793/2793 2879/2879/2879
f 2757/2757/2757 2708/2708/2708 2806/2806/2806
f 449/449/449 2706/2706/2706 2823/2823/2823
f 2806/2806/2806 2760/2760/2760 2757/2757/2757
f 2793/2793/2793 2760/2760/2760 2879/2879/2879
f 3183/3183/3183 2706/2706/2706 2793/2793/2793
f 2708/2708/2708 2757/2757/2757 2784/2784/2784
f 2706/2706/2706 449/449/449 451/451/451
f 2757/2757/2757 2760/2760/2760 2766/2766/2766
f 2793/2793/2793 2766/2766/2766 2760/2760/2760
f 2706/2706/2706 2686/2686/2686 2793/2793/2793
f 2793/2793/2793 2686/2686/2686 2766/2766/2766
f 2768/2768/2768 2784/2784/2784 2757/2757/2757
f 479/479/479 460/460/460 432/432/432
f 2757/2757/2757 2766/2766/2766 2768/2768/2768
f 778/778/778 3083/3083/3083 2868/2868/2868
f 778/778/778 3172/3172/3172 3083/3083/3083
f 3172/3172/3172 3082/3082/3082 3083/3083/3083
f 2697/2697/2697 502/502/502 1349/1349/1349
f 2822/2822/2822 2692/2692/2692 3175/3175/3175
f 2770/2770/2770 2692/2692/2692 2689/2689/2689
f 2689/2689/2689 2870/2870/2870 2770/2770/2770
f 2870/2870/2870 2694/2694/2694 2770/2770/2770
f 432/432/432 491/491/491 502/502/502
f 2725/2725/2725 3019/3019/3019 2682/2682/2682
f 491/491/491 432/432/432 524/524/524
f 502/502/502 3019/3019/3019 432/432/432
f 2697/2697/2697 3019/3019/3019 502/502/502
f 2697/2697/2697 1349/1349/1349 2609/2609/2609
f 3019/3019/3019 2725/2725/2725 432/432/432
f 3019/3019/3019 2697/2697/2697 2682/2682/2682
f 2697/2697/2697 2609/2609/2609 2682/2682/2682
f 432/432/432 2725/2725/2725 479/479/479
f 244/244/244 243/243/243 245/245/245
f 316/316/316 1407/1407/1407 243/243/243
f 246/246/246 243/243/243 244/244/244
f 316/316/316 2899/2899/2899 317/317/317
f 243/243/243 1407/1407/1407 245/245/245
f 460/460/460 524/524/524 432/432/432
f 246/246/246 244/244/244 247/247/247
f 1420/1420/1420 288/288/288 317/317/317
f 247/247/247 3001/3001/3001 246/246/246
f 245/245/245 1407/1407/1407 1408/1408/1408
f 246/246/246 2899/2899/2899 243/243/243
f 2899/2899/2899 316/316/316 243/243/243
f 315/315/315 1420/1420/1420 317/317/317
f 1408/1408/1408 1407/1407/1407 316/316/316
f 288/288/288 1408/1408/1408 316/316/316
f 316/316/316 317/317/317 288/288/288
f 242/242/242 3001/3001/3001 241/241/241
f 241/241/241 1624/1624/1624 242/242/242
f 2961/2961/2961 241/241/241 3001/3001/3001
f 1624/1624/1624 2900/2900/2900 242/242/242
f 772/772/772 1624/1624/1624 241/241/241
f 241/241/241 2712/2712/2712 772/772/772
f 2900/2900/2900 246/246/246 242/242/242
f 2961/2961/2961 2854/2854/2854 2712/2712/2712
f 2961/2961/2961 2712/2712/2712 241/241/241
f 3002/3002/3002 2961/2961/2961 3001/3001/3001
f 2721/2721/2721 2712/2712/2712 2854/2854/2854
f 1624/1624/1624 772/772/772 1625/1625/1625
f 242/242/242 246/246/246 3001/3001/3001
f 331/331/331 2900/2900/2900 3196/3196/3196
f 3196/3196/3196 2900/2900/2900 1624/1624/1624
f 2721/2721/2721 2773/2773/2773 772/772/772
f 3002/3002/3002 3001/3001/3001 247/247/247
f 2900/2900/2900 2899/2899/2899 246/246/246
f 772/772/772 2712/2712/2712 2721/2721/2721
f 1624/1624/1624 1625/1625/1625 3196/3196/3196
f 2876/2876/2876 1625/1625/1625 772/772/772
f 331/331/331 2899/2899/2899 2900/2900/2900
f 2876/2876/2876 772/772/772 2773/2773/2773
f 317/317/317 2899/2899/2899 331/331/331
f 3230/3230/3230 2773/2773/2773 2721/2721/2721
f 2870/2870/2870 2889/2889/2889 2694/2694/2694
f 2889/2889/2889 2870/2870/2870 2856/2856/2856
f 3177/3177/3177 2822/2822/2822 3175/3175/3175
f 1349/1349/1349 2694/2694/2694 2609/2609/2609
f 2694/2694/2694 2889/2889/2889 2609/2609/2609
f 2870/2870/2870 2689/2689/2689 2856/2856/2856
f 1408/1408/1408 3227/3227/3227 286/286/286
f 300/300/300 3227/3227/3227 290/290/290
f 3147/3147/3147 1408/1408/1408 286/286/286
f 1553/1553/1553 1445/1445/1445 3082/3082/3082
f 3227/3227/3227 1408/1408/1408 290/290/290
f 1556/1556/1556 1553/1553/1553 244/244/244
f 281/281/281 3147/3147/3147 286/286/286
f 264/264/264 281/281/281 1400/1400/1400
f 264/264/264 245/245/245 3147/3147/3147
f 291/291/291 290/290/290 1408/1408/1408
f 3172/3172/3172 244/244/244 3082/3082/3082
f 3082/3082/3082 244/244/244 1553/1553/1553
f 245/245/245 264/264/264 1556/1556/1556
f 281/281/281 264/264/264 3147/3147/3147
f 245/245/245 1556/1556/1556 244/244/244
f 288/288/288 291/291/291 1408/1408/1408
f 1408/1408/1408 3147/3147/3147 245/245/245
f 247/247/247 244/244/244 3172/3172/3172
f 1445/1445/1445 2831/2831/2831 3082/3082/3082
f 2831/2831/2831 3083/3083/3083 3082/3082/3082
f 2868/2868/2868 3083/3083/3083 2831/2831/2831
f 3208/3208/3208 2868/2868/2868 2831/2831/2831
f 3209/3209/3209 2868/2868/2868 3208/3208/3208
f 3245/3245/3245 3209/3209/3209 3208/3208/3208
f 339/339/339 2915/2915/2915 3030/3030/3030
f 3245/3245/3245 3121/3121/3121 252/252/252
f 343/343/343 2660/2660/2660 348/348/348
f 257/257/257 1388/1388/1388 255/255/255
f 258/258/258 260/260/260 261/261/261
f 2912/2912/2912 348/348/348 2660/2660/2660
f 3209/3209/3209 3245/3245/3245 255/255/255
f 2912/2912/2912 2660/2660/2660 338/338/338
f 255/255/255 252/252/252 257/257/257
f 341/341/341 193/193/193 340/340/340
f 260/260/260 258/258/258 1388/1388/1388
f 340/340/340 2660/2660/2660 341/341/341
f 339/339/339 3030/3030/3030 260/260/260
f 339/339/339 338/338/338 340/340/340
f 3030/3030/3030 261/261/261 260/260/260
f 340/340/340 2915/2915/2915 339/339/339
f 3245/3245/3245 252/252/252 255/255/255
f 338/338/338 339/339/339 1388/1388/1388
f 3014/3014/3014 340/340/340 193/193/193
f 3014/3014/3014 2915/2915/2915 340/340/340
f 1388/1388/1388 2912/2912/2912 338/338/338
f 460/460/460 2605/2605/2605 524/524/524
f 341/341/341 2660/2660/2660 343/343/343
f 338/338/338 2660/2660/2660 340/340/340
f 1388/1388/1388 258/258/258 255/255/255
f 257/257/257 2912/2912/2912 1388/1388/1388
f 3209/3209/3209 255/255/255 258/258/258
f 3209/3209/3209 258/258/258 261/261/261
f 1388/1388/1388 339/339/339 260/260/260
f 2605/2605/2605 460/460/460 480/480/480
f 197/197/197 199/199/199 1675/1675/1675
f 197/197/197 1675/1675/1675 193/193/193
f 14/14/14 1675/1675/1675 199/199/199
f 197/197/197 341/341/341 199/199/199
f 193/193/193 341/341/341 197/197/197
f 199/199/199 341/341/341 343/343/343
f 1821/1821/1821 2543/2543/2543 2538/2538/2538
f 1815/1815/1815 1773/1773/1773 371/371/371
f 371/371/371 2538/2538/2538 2631/2631/2631
f 516/516/516 517/517/517 489/489/489
f 489/489/489 517/517/517 508/508/508
f 489/489/489 508/508/508 488/488/488
f 489/489/489 488/488/488 2063/2063/2063
f 549/549/549 588/588/588 589/589/589
f 589/589/589 720/720/720 549/549/549
f 720/720/720 719/719/719 549/549/549
f 719/719/719 528/528/528 549/549/549
f 528/528/528 30/30/30 549/549/549
f 1815/1815/1815 371/371/371 1201/1201/1201
f 1773/1773/1773 1821/1821/1821 371/371/371
f 2363/2363/2363 579/579/579 580/580/580
f 90/90/90 70/70/70 73/73/73
f 70/70/70 74/74/74 75/75/75
f 1451/1451/1451 1454/1454/1454 433/433/433
f 24/24/24 28/28/28 22/22/22
f 30/30/30 25/25/25 495/495/495
f 2258/2258/2258 577/577/577 2094/2094/2094
f 23/23/23 498/498/498 24/24/24
f 1962/1962/1962 1968/1968/1968 1967/1967/1967
f 441/441/441 458/458/458 440/440/440
f 1464/1464/1464 530/530/530 531/531/531
f 716/716/716 543/543/543 1458/1458/1458
f 511/511/511 514/514/514 1448/1448/1448
f 547/547/547 545/545/545 2059/2059/2059
f 2194/2194/2194 2187/2187/2187 544/544/544
f 514/514/514 515/515/515 1448/1448/1448
f 757/757/757 725/725/725 2194/2194/2194
f 716/716/716 90/90/90 717/717/717
f 542/542/542 34/34/34 32/32/32
f 29/29/29 28/28/28 32/32/32
f 39/39/39 36/36/36 37/37/37
f 543/543/543 716/716/716 717/717/717
f 487/487/487 489/489/489 29/29/29
f 1453/1453/1453 487/487/487 485/485/485
f 736/736/736 725/725/725 693/693/693
f 545/545/545 716/716/716 1458/1458/1458
f 518/518/518 2055/2055/2055 2060/2060/2060
f 2061/2061/2061 690/690/690 510/510/510
f 516/516/516 1453/1453/1453 1662/1662/1662
f 30/30/30 529/529/529 25/25/25
f 736/736/736 1657/1657/1657 725/725/725
f 478/478/478 486/486/486 463/463/463
f 736/736/736 717/717/717 718/718/718
f 511/511/511 576/576/576 2035/2035/2035
f 538/538/538 533/533/533 87/87/87
f 36/36/36 485/485/485 487/487/487
f 542/542/542 32/32/32 544/544/544
f 463/463/463 486/486/486 1393/1393/1393
f 27/27/27 495/495/495 23/23/23
f 526/526/526 498/498/498 529/529/529
f 29/29/29 489/489/489 2063/2063/2063
f 543/543/543 526/526/526 1458/1458/1458
f 1649/1649/1649 2017/2017/2017 568/568/568
f 2187/2187/2187 542/542/542 544/544/544
f 37/37/37 34/34/34 39/39/39
f 1968/1968/1968 2094/2094/2094 1967/1967/1967
f 22/22/22 494/494/494 27/27/27
f 37/37/37 29/29/29 32/32/32
f 2978/2978/2978 3071/3071/3071 2022/2022/2022
f 2024/2024/2024 2978/2978/2978 2238/2238/2238
f 730/730/730 1676/1676/1676 546/546/546
f 736/736/736 680/680/680 734/734/734
f 79/79/79 680/680/680 717/717/717
f 693/693/693 735/735/735 736/736/736
f 1649/1649/1649 472/472/472 2017/2017/2017
f 2035/2035/2035 2056/2056/2056 2055/2055/2055
f 3071/3071/3071 2978/2978/2978 2309/2309/2309
f 2978/2978/2978 2024/2024/2024 249/249/249
f 520/520/520 544/544/544 519/519/519
f 2017/2017/2017 472/472/472 1393/1393/1393
f 478/478/478 517/517/517 486/486/486
f 34/34/34 37/37/37 32/32/32
f 29/29/29 37/37/37 36/36/36
f 520/520/520 519/519/519 24/24/24
f 1645/1645/1645 1646/1646/1646 2289/2289/2289
f 516/516/516 489/489/489 487/487/487
f 1393/1393/1393 472/472/472 463/463/463
f 2893/2893/2893 2309/2309/2309 2978/2978/2978
f 757/757/757 544/544/544 520/520/520
f 735/735/735 740/740/740 717/717/717
f 487/487/487 29/29/29 36/36/36
f 32/32/32 519/519/519 544/544/544
f 740/740/740 693/693/693 521/521/521
f 3071/3071/3071 2309/2309/2309 2033/2033/2033
f 29/29/29 2063/2063/2063 28/28/28
f 24/24/24 521/521/521 520/520/520
f 757/757/757 520/520/520 693/693/693
f 725/725/725 757/757/757 693/693/693
f 79/79/79 81/81/81 680/680/680
f 1662/1662/1662 1393/1393/1393 486/486/486
f 81/81/81 734/734/734 680/680/680
f 2893/2893/2893 2978/2978/2978 249/249/249
f 2059/2059/2059 1458/1458/1458 530/530/530
f 520/520/520 521/521/521 693/693/693
f 2289/2289/2289 2363/2363/2363 515/515/515
f 690/690/690 508/508/508 1645/1645/1645
f 521/521/521 526/526/526 740/740/740
f 693/693/693 740/740/740 735/735/735
f 511/511/511 2035/2035/2035 518/518/518
f 2194/2194/2194 544/544/544 757/757/757
f 736/736/736 735/735/735 717/717/717
f 1461/1461/1461 1460/1460/1460 525/525/525
f 2022/2022/2022 2238/2238/2238 2978/2978/2978
f 736/736/736 718/718/718 680/680/680
f 1454/1454/1454 457/457/457 433/433/433
f 516/516/516 487/487/487 1453/1453/1453
f 526/526/526 543/543/543 740/740/740
f 526/526/526 531/531/531 1458/1458/1458
f 27/27/27 23/23/23 22/22/22
f 517/517/517 516/516/516 1662/1662/1662
f 736/736/736 729/729/729 1657/1657/1657
f 2013/2013/2013 1450/1450/1450 473/473/473
f 717/717/717 740/740/740 543/543/543
f 519/519/519 32/32/32 28/28/28
f 486/486/486 517/517/517 1662/1662/1662
f 717/717/717 680/680/680 718/718/718
f 510/510/510 514/514/514 518/518/518
f 515/515/515 510/510/510 690/690/690
f 519/519/519 28/28/28 24/24/24
f 1976/1976/1976 1981/1981/1981 1990/1990/1990
f 736/736/736 734/734/734 729/729/729
f 2008/2008/2008 980/980/980 981/981/981
f 1996/1996/1996 2376/2376/2376 981/981/981
f 981/981/981 980/980/980 1996/1996/1996
f 1999/1999/1999 1996/1996/1996 1998/1998/1998
f 1998/1998/1998 980/980/980 2033/2033/2033
f 980/980/980 1998/1998/1998 1996/1996/1996
f 73/73/73 79/79/79 90/90/90
f 1996/1996/1996 1981/1981/1981 1976/1976/1976
f 2033/2033/2033 980/980/980 2008/2008/2008
f 1996/1996/1996 1976/1976/1976 2376/2376/2376
f 2033/2033/2033 2008/2008/2008 2039/2039/2039
f 2262/2262/2262 2008/2008/2008 981/981/981
f 1997/1997/1997 1981/1981/1981 1996/1996/1996
f 1976/1976/1976 1990/1990/1990 1980/1980/1980
f 1996/1996/1996 1999/1999/1999 1986/1986/1986
f 1981/1981/1981 1997/1997/1997 1990/1990/1990
f 1990/1990/1990 1922/1922/1922 1980/1980/1980
f 1996/1996/1996 1986/1986/1986 1997/1997/1997
f 1986/1986/1986 1982/1982/1982 1997/1997/1997
f 1892/1892/1892 1980/1980/1980 1922/1922/1922
f 2309/2309/2309 1998/1998/1998 2033/2033/2033
f 547/547/547 678/678/678 545/545/545
f 513/513/513 2035/2035/2035 576/576/576
f 437/437/437 579/579/579 577/577/577
f 433/433/433 2289/2289/2289 1646/1646/1646
f 2092/2092/2092 573/573/573 438/438/438
f 495/495/495 27/27/27 26/26/26
f 493/493/493 27/27/27 494/494/494
f 493/493/493 26/26/26 27/27/27
f 496/496/496 495/495/495 26/26/26
f 2142/2142/2142 2141/2141/2141 26/26/26
f 2142/2142/2142 493/493/493 2056/2056/2056
f 493/493/493 2142/2142/2142 26/26/26
f 79/79/79 717/717/717 90/90/90
f 2056/2056/2056 493/493/493 494/494/494
f 2141/2141/2141 2142/2142/2142 513/513/513
f 26/26/26 2141/2141/2141 496/496/496
f 819/819/819 2056/2056/2056 494/494/494
f 2060/2060/2060 2056/2056/2056 819/819/819
f 2060/2060/2060 2055/2055/2055 2056/2056/2056
f 2238/2238/2238 2049/2049/2049 2118/2118/2118
f 577/577/577 2258/2258/2258 581/581/581
f 579/579/579 2363/2363/2363 2015/2015/2015
f 437/437/437 578/578/578 579/579/579
f 2141/2141/2141 513/513/513 525/525/525
f 529/529/529 531/531/531 526/526/526
f 531/531/531 530/530/530 1458/1458/1458
f 819/819/819 488/488/488 2061/2061/2061
f 2012/2012/2012 2094/2094/2094 1968/1968/1968
f 457/457/457 2014/2014/2014 2289/2289/2289
f 1450/1450/1450 1454/1454/1454 1451/1451/1451
f 992/992/992 118/118/118 708/708/708
f 547/547/547 546/546/546 723/723/723
f 2363/2363/2363 580/580/580 1448/1448/1448
f 1962/1962/1962 1975/1975/1975 1968/1968/1968
f 2126/2126/2126 2125/2125/2125 2120/2120/2120
f 2120/2120/2120 2135/2135/2135 2127/2127/2127
f 2565/2565/2565 2127/2127/2127 2135/2135/2135
f 2494/2494/2494 2565/2565/2565 2135/2135/2135
f 229/229/229 434/434/434 2565/2565/2565
f 229/229/229 2565/2565/2565 1308/1308/1308
f 434/434/434 229/229/229 587/587/587
f 2125/2125/2125 2135/2135/2135 2120/2120/2120
f 2621/2621/2621 2135/2135/2135 1779/1779/1779
f 2135/2135/2135 2621/2621/2621 2494/2494/2494
f 587/587/587 229/229/229 586/586/586
f 2494/2494/2494 1308/1308/1308 2565/2565/2565
f 1308/1308/1308 201/201/201 229/229/229
f 40/40/40 229/229/229 201/201/201
f 2125/2125/2125 1779/1779/1779 2135/2135/2135
f 586/586/586 229/229/229 40/40/40
f 586/586/586 200/200/200 587/587/587
f 40/40/40 200/200/200 586/586/586
f 2053/2053/2053 1962/1962/1962 1967/1967/1967
f 2053/2053/2053 2014/2014/2014 1962/1962/1962
f 1964/1964/1964 1975/1975/1975 1962/1962/1962
f 2014/2014/2014 458/458/458 1962/1962/1962
f 518/518/518 2060/2060/2060 2061/2061/2061
f 545/545/545 678/678/678 716/716/716
f 1970/1970/1970 440/440/440 2013/2013/2013
f 2401/2401/2401 1964/1964/1964 1962/1962/1962
f 690/690/690 2061/2061/2061 508/508/508
f 488/488/488 819/819/819 22/22/22
f 547/547/547 723/723/723 678/678/678
f 526/526/526 521/521/521 498/498/498
f 2035/2035/2035 513/513/513 2056/2056/2056
f 1450/1450/1450 433/433/433 1646/1646/1646
f 1919/1919/1919 1879/1879/1879 1876/1876/1876
f 2643/2643/2643 2641/2641/2641 2636/2636/2636
f 2636/2636/2636 2557/2557/2557 2643/2643/2643
f 1900/1900/1900 2109/2109/2109 2641/2641/2641
f 2099/2099/2099 2097/2097/2097 2091/2091/2091
f 1950/1950/1950 2093/2093/2093 2091/2091/2091
f 1950/1950/1950 2091/2091/2091 2097/2097/2097
f 435/435/435 1468/1468/1468 2040/2040/2040
f 1950/1950/1950 2040/2040/2040 1468/1468/1468
f 2097/2097/2097 2040/2040/2040 1950/1950/1950
f 443/443/443 2401/2401/2401 441/441/441
f 721/721/721 538/538/538 723/723/723
f 1900/1900/1900 2641/2641/2641 1919/1919/1919
f 1900/1900/1900 1919/1919/1919 1979/1979/1979
f 2006/2006/2006 2011/2011/2011 442/442/442
f 2002/2002/2002 2636/2636/2636 2109/2109/2109
f 1876/1876/1876 1979/1979/1979 1919/1919/1919
f 442/442/442 2011/2011/2011 445/445/445
f 2557/2557/2557 2636/2636/2636 2703/2703/2703
f 2641/2641/2641 2109/2109/2109 2636/2636/2636
f 2641/2641/2641 2643/2643/2643 1919/1919/1919
f 3213/3213/3213 1998/1998/1998 2309/2309/2309
f 24/24/24 498/498/498 521/521/521
f 1962/1962/1962 458/458/458 441/441/441
f 25/25/25 23/23/23 495/495/495
f 2309/2309/2309 2893/2893/2893 3213/3213/3213
f 1986/1986/1986 1999/1999/1999 2071/2071/2071
f 2008/2008/2008 2009/2009/2009 2039/2039/2039
f 2009/2009/2009 2008/2008/2008 2262/2262/2262
f 2009/2009/2009 2022/2022/2022 3071/3071/3071
f 2007/2007/2007 2022/2022/2022 2009/2009/2009
f 3071/3071/3071 2039/2039/2039 2009/2009/2009
f 2009/2009/2009 2262/2262/2262 2007/2007/2007
f 2061/2061/2061 488/488/488 508/508/508
f 23/23/23 25/25/25 498/498/498
f 510/510/510 515/515/515 514/514/514
f 445/445/445 2401/2401/2401 443/443/443
f 2401/2401/2401 1962/1962/1962 441/441/441
f 443/443/443 442/442/442 445/445/445
f 2093/2093/2093 525/525/525 2121/2121/2121
f 2007/2007/2007 2073/2073/2073 2022/2022/2022
f 2015/2015/2015 2363/2363/2363 2289/2289/2289
f 2015/2015/2015 2014/2014/2014 2053/2053/2053
f 581/581/581 2092/2092/2092 438/438/438
f 723/723/723 1676/1676/1676 721/721/721
f 577/577/577 438/438/438 437/437/437
f 537/537/537 723/723/723 538/538/538
f 529/529/529 498/498/498 25/25/25
f 1999/1999/1999 1998/1998/1998 3213/3213/3213
f 22/22/22 28/28/28 2063/2063/2063
f 1834/1834/1834 2557/2557/2557 1813/1813/1813
f 537/537/537 70/70/70 678/678/678
f 1813/1813/1813 2557/2557/2557 1988/1988/1988
f 1813/1813/1813 1854/1854/1854 1871/1871/1871
f 1813/1813/1813 1988/1988/1988 1854/1854/1854
f 1933/1933/1933 1834/1834/1834 1877/1877/1877
f 577/577/577 579/579/579 2094/2094/2094
f 2071/2071/2071 1999/1999/1999 3213/3213/3213
f 989/989/989 995/995/995 991/991/991
f 2121/2121/2121 525/525/525 1460/1460/1460
f 1645/1645/1645 2289/2289/2289 690/690/690
f 2063/2063/2063 488/488/488 22/22/22
f 2014/2014/2014 457/457/457 458/458/458
f 70/70/70 75/75/75 73/73/73
f 533/533/533 532/532/532 534/534/534
f 70/70/70 537/537/537 74/74/74
f 2020/2020/2020 1970/1970/1970 473/473/473
f 578/578/578 573/573/573 576/576/576
f 1454/1454/1454 2013/2013/2013 2218/2218/2218
f 69/69/69 537/537/537 87/87/87
f 580/580/580 578/578/578 511/511/511
f 534/534/534 708/708/708 88/88/88
f 547/547/547 2059/2059/2059 546/546/546
f 530/530/530 730/730/730 546/546/546
f 90/90/90 716/716/716 678/678/678
f 2218/2218/2218 2013/2013/2013 440/440/440
f 433/433/433 1450/1450/1450 1451/1451/1451
f 576/576/576 511/511/511 578/578/578
f 433/433/433 457/457/457 2289/2289/2289
f 87/87/87 537/537/537 538/538/538
f 2013/2013/2013 1454/1454/1454 1450/1450/1450
f 730/730/730 530/530/530 1464/1464/1464
f 87/87/87 533/533/533 88/88/88
f 819/819/819 2061/2061/2061 2060/2060/2060
f 2557/2557/2557 1834/1834/1834 1933/1933/1933
f 2049/2049/2049 2238/2238/2238 2073/2073/2073
f 74/74/74 537/537/537 69/69/69
f 458/458/458 2218/2218/2218 440/440/440
f 75/75/75 74/74/74 92/92/92
f 721/721/721 96/96/96 748/748/748
f 537/537/537 678/678/678 723/723/723
f 538/538/538 721/721/721 748/748/748
f 577/577/577 581/581/581 438/438/438
f 579/579/579 1967/1967/1967 2094/2094/2094
f 1176/1176/1176 1787/1787/1787 2537/2537/2537
f 2537/2537/2537 1863/1863/1863 2541/2541/2541
f 1176/1176/1176 2537/2537/2537 1804/1804/1804
f 430/430/430 2537/2537/2537 1787/1787/1787
f 2537/2537/2537 2541/2541/2541 1804/1804/1804
f 573/573/573 513/513/513 576/576/576
f 1060/1060/1060 2493/2493/2493 1804/1804/1804
f 2014/2014/2014 2015/2015/2015 2289/2289/2289
f 1427/1427/1427 2589/2589/2589 1797/1797/1797
f 1802/1802/1802 2539/2539/2539 2493/2493/2493
f 1011/1011/1011 2536/2536/2536 1194/1194/1194
f 1060/1060/1060 1804/1804/1804 2541/2541/2541
f 723/723/723 546/546/546 1676/1676/1676
f 446/446/446 2542/2542/2542 448/448/448
f 1194/1194/1194 2536/2536/2536 1787/1787/1787
f 1001/1001/1001 995/995/995 989/989/989
f 1802/1802/1802 1060/1060/1060 1801/1801/1801
f 92/92/92 74/74/74 69/69/69
f 1802/1802/1802 2493/2493/2493 1060/1060/1060
f 2493/2493/2493 2655/2655/2655 1804/1804/1804
f 2541/2541/2541 1863/1863/1863 1801/1801/1801
f 446/446/446 2631/2631/2631 2542/2542/2542
f 2015/2015/2015 2053/2053/2053 1967/1967/1967
f 580/580/580 579/579/579 578/578/578
f 1179/1179/1179 1194/1194/1194 1787/1787/1787
f 118/118/118 92/92/92 69/69/69
f 2655/2655/2655 2493/2493/2493 1427/1427/1427
f 748/748/748 533/533/533 538/538/538
f 1953/1953/1953 1802/1802/1802 1801/1801/1801
f 446/446/446 1182/1182/1182 1183/1183/1183
f 1787/1787/1787 1176/1176/1176 1179/1179/1179
f 1970/1970/1970 2013/2013/2013 473/473/473
f 2049/2049/2049 1970/1970/1970 2020/2020/2020
f 515/515/515 2363/2363/2363 1448/1448/1448
f 1060/1060/1060 2541/2541/2541 1801/1801/1801
f 1881/1881/1881 2539/2539/2539 1802/1802/1802
f 1800/1800/1800 1801/1801/1801 1432/1432/1432
f 690/690/690 2289/2289/2289 515/515/515
f 22/22/22 23/23/23 24/24/24
f 1959/1959/1959 1945/1945/1945 2096/2096/2096
f 2091/2091/2091 2093/2093/2093 2121/2121/2121
f 2493/2493/2493 2539/2539/2539 2588/2588/2588
f 1427/1427/1427 2493/2493/2493 2588/2588/2588
f 1801/1801/1801 1800/1800/1800 1953/1953/1953
f 2121/2121/2121 1460/1460/1460 2091/2091/2091
f 2542/2542/2542 1011/1011/1011 2555/2555/2555
f 1770/1770/1770 1797/1797/1797 1795/1795/1795
f 2588/2588/2588 2589/2589/2589 1427/1427/1427
f 1205/1205/1205 1197/1197/1197 1430/1430/1430
f 2555/2555/2555 1130/1130/1130 1182/1182/1182
f 1430/1430/1430 1781/1781/1781 1201/1201/1201
f 1011/1011/1011 1194/1194/1194 1124/1124/1124
f 1011/1011/1011 1010/1010/1010 2536/2536/2536
f 2542/2542/2542 2631/2631/2631 1010/1010/1010
f 1815/1815/1815 1201/1201/1201 1781/1781/1781
f 1815/1815/1815 1781/1781/1781 1772/1772/1772
f 1780/1780/1780 1783/1783/1783 1772/1772/1772
f 1822/1822/1822 1887/1887/1887 1934/1934/1934
f 1934/1934/1934 1814/1814/1814 1822/1822/1822
f 1775/1775/1775 1783/1783/1783 1780/1780/1780
f 2048/2048/2048 2139/2139/2139 434/434/434
f 2136/2136/2136 2565/2565/2565 434/434/434
f 1201/1201/1201 1205/1205/1205 1430/1430/1430
f 1777/1777/1777 1773/1773/1773 1774/1774/1774
f 1775/1775/1775 1780/1780/1780 584/584/584
f 2137/2137/2137 434/434/434 2139/2139/2139
f 1280/1280/1280 1205/1205/1205 1431/1431/1431
f 435/435/435 2139/2139/2139 2048/2048/2048
f 434/434/434 2137/2137/2137 2136/2136/2136
f 1887/1887/1887 1866/1866/1866 1808/1808/1808
f 1461/1461/1461 2092/2092/2092 2099/2099/2099
f 1887/1887/1887 1889/1889/1889 1826/1826/1826
f 2540/2540/2540 2129/2129/2129 2138/2138/2138
f 584/584/584 2126/2126/2126 421/421/421
f 1808/1808/1808 1932/1932/1932 1875/1875/1875
f 1944/1944/1944 1847/1847/1847 1917/1917/1917
f 1776/1776/1776 1806/1806/1806 1774/1774/1774
f 1881/1881/1881 1803/1803/1803 2588/2588/2588
f 2520/2520/2520 2589/2589/2589 2588/2588/2588
f 446/446/446 1431/1431/1431 2631/2631/2631
f 2106/2106/2106 1776/1776/1776 584/584/584
f 1280/1280/1280 1431/1431/1431 446/446/446
f 1863/1863/1863 2537/2537/2537 430/430/430
f 2555/2555/2555 1011/1011/1011 1124/1124/1124
f 1010/1010/1010 1011/1011/1011 2542/2542/2542
f 2536/2536/2536 1010/1010/1010 2538/2538/2538
f 2588/2588/2588 1803/1803/1803 2520/2520/2520
f 1795/1795/1795 1797/1797/1797 2589/2589/2589
f 2520/2520/2520 1795/1795/1795 2589/2589/2589
f 2588/2588/2588 2539/2539/2539 1881/1881/1881
f 2115/2115/2115 435/435/435 2040/2040/2040
f 1130/1130/1130 2555/2555/2555 1124/1124/1124
f 2538/2538/2538 1010/1010/1010 2631/2631/2631
f 1883/1883/1883 1889/1889/1889 1822/1822/1822
f 1839/1839/1839 1795/1795/1795 2520/2520/2520
f 1777/1777/1777 1806/1806/1806 1822/1822/1822
f 426/426/426 1946/1946/1946 1940/1940/1940
f 2540/2540/2540 2138/2138/2138 2137/2137/2137
f 1776/1776/1776 1775/1775/1775 584/584/584
f 2120/2120/2120 2127/2127/2127 2138/2138/2138
f 1959/1959/1959 2096/2096/2096 2258/2258/2258
f 1891/1891/1891 1875/1875/1875 1932/1932/1932
f 2555/2555/2555 448/448/448 2542/2542/2542
f 1894/1894/1894 1944/1944/1944 1917/1917/1917
f 1913/1913/1913 1747/1747/1747 2547/2547/2547
f 1899/1899/1899 1872/1872/1872 1915/1915/1915
f 2547/2547/2547 1872/1872/1872 1899/1899/1899
f 2094/2094/2094 1928/1928/1928 1925/1925/1925
f 1915/1915/1915 1918/1918/1918 1899/1899/1899
f 1905/1905/1905 1961/1961/1961 1916/1916/1916
f 1944/1944/1944 1915/1915/1915 1847/1847/1847
f 1955/1955/1955 1916/1916/1916 2012/2012/2012
f 1961/1961/1961 1918/1918/1918 1956/1956/1956
f 1928/1928/1928 2094/2094/2094 2012/2012/2012
f 1961/1961/1961 1928/1928/1928 1916/1916/1916
f 1872/1872/1872 2547/2547/2547 1747/1747/1747
f 1925/1925/1925 1928/1928/1928 1956/1956/1956
f 1905/1905/1905 1916/1916/1916 1955/1955/1955
f 1915/1915/1915 1944/1944/1944 1956/1956/1956
f 1928/1928/1928 2012/2012/2012 1916/1916/1916
f 1905/1905/1905 1918/1918/1918 1961/1961/1961
f 1944/1944/1944 1903/1903/1903 1956/1956/1956
f 1956/1956/1956 1918/1918/1918 1915/1915/1915
f 1925/1925/1925 1956/1956/1956 1903/1903/1903
f 1899/1899/1899 1913/1913/1913 2547/2547/2547
f 1915/1915/1915 1872/1872/1872 1847/1847/1847
f 1928/1928/1928 1961/1961/1961 1956/1956/1956
f 1903/1903/1903 1959/1959/1959 1925/1925/1925
f 2094/2094/2094 1925/1925/1925 1959/1959/1959
f 2536/2536/2536 2538/2538/2538 2618/2618/2618
f 1787/1787/1787 2618/2618/2618 2545/2545/2545
f 2545/2545/2545 2543/2543/2543 1789/1789/1789
f 2545/2545/2545 1789/1789/1789 1787/1787/1787
f 2618/2618/2618 2538/2538/2538 2543/2543/2543
f 1790/1790/1790 1789/1789/1789 2543/2543/2543
f 430/430/430 1787/1787/1787 1789/1789/1789
f 2618/2618/2618 2543/2543/2543 2545/2545/2545
f 430/430/430 1789/1789/1789 1790/1790/1790
f 2536/2536/2536 2618/2618/2618 1787/1787/1787
f 430/430/430 1790/1790/1790 1432/1432/1432
f 1802/1802/1802 1824/1824/1824 1881/1881/1881
f 1824/1824/1824 1802/1802/1802 1953/1953/1953
f 1953/1953/1953 1845/1845/1845 1824/1824/1824
f 1881/1881/1881 1824/1824/1824 1845/1845/1845
f 1845/1845/1845 1803/1803/1803 1881/1881/1881
f 1953/1953/1953 1800/1800/1800 1845/1845/1845
f 1865/1865/1865 1845/1845/1845 1800/1800/1800
f 1836/1836/1836 1798/1798/1798 1840/1840/1840
f 1884/1884/1884 1865/1865/1865 1840/1840/1840
f 1798/1798/1798 1884/1884/1884 1840/1840/1840
f 1678/1678/1678 1798/1798/1798 1835/1835/1835
f 1845/1845/1845 1865/1865/1865 1884/1884/1884
f 1836/1836/1836 1835/1835/1835 1798/1798/1798
f 1884/1884/1884 1803/1803/1803 1845/1845/1845
f 1848/1848/1848 1800/1800/1800 1433/1433/1433
f 1934/1934/1934 1848/1848/1848 1433/1433/1433
f 1840/1840/1840 1865/1865/1865 1952/1952/1952
f 1848/1848/1848 1865/1865/1865 1800/1800/1800
f 1433/1433/1433 1814/1814/1814 1934/1934/1934
f 1865/1865/1865 1848/1848/1848 1952/1952/1952
f 1766/1766/1766 1770/1770/1770 1791/1791/1791
f 1791/1791/1791 1746/1746/1746 1766/1766/1766
f 2520/2520/2520 1803/1803/1803 1807/1807/1807
f 1677/1677/1677 1770/1770/1770 1795/1795/1795
f 1807/1807/1807 1839/1839/1839 2520/2520/2520
f 1807/1807/1807 1803/1803/1803 1884/1884/1884
f 1791/1791/1791 1677/1677/1677 2583/2583/2583
f 1791/1791/1791 1770/1770/1770 1677/1677/1677
f 1869/1869/1869 1746/1746/1746 1791/1791/1791
f 1839/1839/1839 1807/1807/1807 2583/2583/2583
f 1977/1977/1977 1791/1791/1791 2583/2583/2583
f 1884/1884/1884 1798/1798/1798 1807/1807/1807
f 1791/1791/1791 1977/1977/1977 1869/1869/1869
f 1807/1807/1807 1798/1798/1798 2583/2583/2583
f 1677/1677/1677 1839/1839/1839 2583/2583/2583
f 1977/1977/1977 2583/2583/2583 1678/1678/1678
f 2583/2583/2583 1798/1798/1798 1678/1678/1678
f 1997/1997/1997 1982/1982/1982 1990/1990/1990
f 1982/1982/1982 1949/1949/1949 1979/1979/1979
f 1839/1839/1839 1677/1677/1677 1795/1795/1795
f 1917/1917/1917 1875/1875/1875 1891/1891/1891
f 1979/1979/1979 1949/1949/1949 1900/1900/1900
f 1982/1982/1982 1986/1986/1986 1949/1949/1949
f 448/448/448 1182/1182/1182 446/446/446
f 1432/1432/1432 1801/1801/1801 1863/1863/1863
f 448/448/448 2555/2555/2555 1182/1182/1182
f 2931/2931/2931 1900/1900/1900 1949/1949/1949
f 1990/1990/1990 1982/1982/1982 1979/1979/1979
f 430/430/430 1432/1432/1432 1863/1863/1863
f 1280/1280/1280 446/446/446 1183/1183/1183
f 1434/1434/1434 2092/2092/2092 2098/2098/2098
f 1992/1992/1992 2109/2109/2109 1900/1900/1900
f 1901/1901/1901 1826/1826/1826 1883/1883/1883
f 1900/1900/1900 2931/2931/2931 1992/1992/1992
f 2540/2540/2540 2137/2137/2137 2115/2115/2115
f 1886/1886/1886 1883/1883/1883 1806/1806/1806
f 1951/1951/1951 1959/1959/1959 1903/1903/1903
f 1886/1886/1886 1806/1806/1806 1776/1776/1776
f 1806/1806/1806 1777/1777/1777 1774/1774/1774
f 1648/1648/1648 2104/2104/2104 411/411/411
f 1970/1970/1970 2006/2006/2006 442/442/442
f 421/421/421 1648/1648/1648 2106/2106/2106
f 1932/1932/1932 1808/1808/1808 1866/1866/1866
f 3105/3105/3105 1785/1785/1785 1788/1788/1788
f 1785/1785/1785 3105/3105/3105 1737/1737/1737
f 1842/1842/1842 1737/1737/1737 3105/3105/3105
f 1919/1919/1919 1882/1882/1882 1879/1879/1879
f 1924/1924/1924 1737/1737/1737 1842/1842/1842
f 3144/3144/3144 1933/1933/1933 1924/1924/1924
f 2643/2643/2643 1933/1933/1933 3144/3144/3144
f 1879/1879/1879 1882/1882/1882 1880/1880/1880
f 1882/1882/1882 1842/1842/1842 1880/1880/1880
f 1924/1924/1924 1933/1933/1933 1877/1877/1877
f 1919/1919/1919 3144/3144/3144 1882/1882/1882
f 2643/2643/2643 3144/3144/3144 1919/1919/1919
f 1877/1877/1877 1984/1984/1984 1737/1737/1737
f 3144/3144/3144 1924/1924/1924 1882/1882/1882
f 1842/1842/1842 1882/1882/1882 1924/1924/1924
f 2557/2557/2557 1933/1933/1933 2643/2643/2643
f 1737/1737/1737 1924/1924/1924 1877/1877/1877
f 1822/1822/1822 1806/1806/1806 1883/1883/1883
f 2540/2540/2540 2115/2115/2115 2040/2040/2040
f 1783/1783/1783 1815/1815/1815 1772/1772/1772
f 2136/2136/2136 2138/2138/2138 2127/2127/2127
f 1901/1901/1901 1866/1866/1866 1826/1826/1826
f 1891/1891/1891 1932/1932/1932 1901/1901/1901
f 1891/1891/1891 1894/1894/1894 1917/1917/1917
f 1826/1826/1826 1889/1889/1889 1883/1883/1883
f 1814/1814/1814 1777/1777/1777 1822/1822/1822
f 2106/2106/2106 1648/1648/1648 1888/1888/1888
f 2097/2097/2097 2540/2540/2540 2040/2040/2040
f 421/421/421 2106/2106/2106 584/584/584
f 2104/2104/2104 2120/2120/2120 2129/2129/2129
f 2136/2136/2136 2137/2137/2137 2138/2138/2138
f 1922/1922/1922 1880/1880/1880 1892/1892/1892
f 1879/1879/1879 1880/1880/1880 1923/1923/1923
f 1876/1876/1876 1879/1879/1879 1923/1923/1923
f 1922/1922/1922 1990/1990/1990 1923/1923/1923
f 1979/1979/1979 1876/1876/1876 1923/1923/1923
f 1923/1923/1923 1880/1880/1880 1922/1922/1922
f 1923/1923/1923 1990/1990/1990 1979/1979/1979
f 443/443/443 1970/1970/1970 442/442/442
f 1783/1783/1783 1773/1773/1773 1815/1815/1815
f 1888/1888/1888 1776/1776/1776 2106/2106/2106
f 1890/1890/1890 1901/1901/1901 1895/1895/1895
f 421/421/421 2104/2104/2104 1648/1648/1648
f 2096/2096/2096 2098/2098/2098 581/581/581
f 2703/2703/2703 2636/2636/2636 2002/2002/2002
f 2104/2104/2104 2108/2108/2108 1493/1493/1493
f 1940/1940/1940 1886/1886/1886 1888/1888/1888
f 1932/1932/1932 1866/1866/1866 1901/1901/1901
f 581/581/581 2258/2258/2258 2096/2096/2096
f 1844/1844/1844 1893/1893/1893 1880/1880/1880
f 1907/1907/1907 1908/1908/1908 2331/2331/2331
f 2331/2331/2331 1974/1974/1974 1980/1980/1980
f 1963/1963/1963 1908/1908/1908 1748/1748/1748
f 1898/1898/1898 1978/1978/1978 1963/1963/1963
f 2331/2331/2331 1980/1980/1980 1892/1892/1892
f 1913/1913/1913 1899/1899/1899 1751/1751/1751
f 1756/1756/1756 1913/1913/1913 1751/1751/1751
f 1899/1899/1899 1752/1752/1752 1751/1751/1751
f 1758/1758/1758 1756/1756/1756 1751/1751/1751
f 1906/1906/1906 1758/1758/1758 1751/1751/1751
f 1733/1733/1733 1756/1756/1756 1758/1758/1758
f 1752/1752/1752 1906/1906/1906 1751/1751/1751
f 1758/1758/1758 1906/1906/1906 1733/1733/1733
f 1892/1892/1892 1893/1893/1893 1907/1907/1907
f 2286/2286/2286 1963/1963/1963 1978/1978/1978
f 1955/1955/1955 1954/1954/1954 1904/1904/1904
f 1908/1908/1908 1907/1907/1907 1748/1748/1748
f 1792/1792/1792 1968/1968/1968 1975/1975/1975
f 1907/1907/1907 2331/2331/2331 1892/1892/1892
f 1733/1733/1733 1748/1748/1748 1897/1897/1897
f 1978/1978/1978 1955/1955/1955 1792/1792/1792
f 1907/1907/1907 1893/1893/1893 1786/1786/1786
f 1907/1907/1907 1786/1786/1786 1748/1748/1748
f 3105/3105/3105 1844/1844/1844 1880/1880/1880
f 1792/1792/1792 1955/1955/1955 2012/2012/2012
f 1974/1974/1974 2331/2331/2331 2286/2286/2286
f 1904/1904/1904 1906/1906/1906 1752/1752/1752
f 1955/1955/1955 1978/1978/1978 1954/1954/1954
f 2286/2286/2286 1978/1978/1978 1792/1792/1792
f 1970/1970/1970 443/443/443 440/440/440
f 1892/1892/1892 1880/1880/1880 1893/1893/1893
f 1748/1748/1748 1898/1898/1898 1963/1963/1963
f 1733/1733/1733 1898/1898/1898 1748/1748/1748
f 1904/1904/1904 1752/1752/1752 1955/1955/1955
f 1873/1873/1873 1868/1868/1868 1823/1823/1823
f 1908/1908/1908 1963/1963/1963 2286/2286/2286
f 1964/1964/1964 1792/1792/1792 1975/1975/1975
f 1978/1978/1978 1898/1898/1898 1904/1904/1904
f 1964/1964/1964 2286/2286/2286 1792/1792/1792
f 1873/1873/1873 1786/1786/1786 1893/1893/1893
f 1893/1893/1893 1844/1844/1844 1873/1873/1873
f 1759/1759/1759 1823/1823/1823 1788/1788/1788
f 1978/1978/1978 1904/1904/1904 1954/1954/1954
f 441/441/441 440/440/440 443/443/443
f 2266/2266/2266 2007/2007/2007 2262/2262/2262
f 2266/2266/2266 2006/2006/2006 2007/2007/2007
f 987/987/987 1005/1005/1005 1300/1300/1300
f 1880/1880/1880 1842/1842/1842 3105/3105/3105
f 1016/1016/1016 1112/1112/1112 1300/1300/1300
f 1897/1897/1897 1748/1748/1748 1786/1786/1786
f 1733/1733/1733 1906/1906/1906 1898/1898/1898
f 1582/1582/1582 1592/1592/1592 1013/1013/1013
f 1906/1906/1906 1904/1904/1904 1898/1898/1898
f 1428/1428/1428 1269/1269/1269 1206/1206/1206
f 1786/1786/1786 1873/1873/1873 1897/1897/1897
f 2286/2286/2286 1964/1964/1964 1974/1974/1974
f 996/996/996 1002/1002/1002 1497/1497/1497
f 590/590/590 589/589/589 41/41/41
f 1955/1955/1955 1752/1752/1752 1905/1905/1905
f 1873/1873/1873 1823/1823/1823 1897/1897/1897
f 1759/1759/1759 1897/1897/1897 1823/1823/1823
f 991/991/991 1497/1497/1497 989/989/989
f 1005/1005/1005 1497/1497/1497 1002/1002/1002
f 598/598/598 1002/1002/1002 1472/1472/1472
f 2624/2624/2624 1779/1779/1779 2125/2125/2125
f 1300/1300/1300 1112/1112/1112 1012/1012/1012
f 1844/1844/1844 3105/3105/3105 1868/1868/1868
f 2331/2331/2331 1908/1908/1908 2286/2286/2286
f 1005/1005/1005 987/987/987 1497/1497/1497
f 1905/1905/1905 1752/1752/1752 1918/1918/1918
f 596/596/596 996/996/996 595/595/595
f 1016/1016/1016 1300/1300/1300 119/119/119
f 1868/1868/1868 3105/3105/3105 1788/1788/1788
f 2130/2130/2130 594/594/594 1308/1308/1308
f 1472/1472/1472 2506/2506/2506 598/598/598
f 1005/1005/1005 1013/1013/1013 1014/1014/1014
f 1788/1788/1788 1823/1823/1823 1868/1868/1868
f 588/588/588 585/585/585 200/200/200
f 1918/1918/1918 1752/1752/1752 1899/1899/1899
f 1868/1868/1868 1873/1873/1873 1844/1844/1844
f 94/94/94 532/532/532 42/42/42
f 2012/2012/2012 1968/1968/1968 1792/1792/1792
f 1887/1887/1887 1826/1826/1826 1866/1866/1866
f 2489/2489/2489 1110/1110/1110 1213/1213/1213
f 1221/1221/1221 1206/1206/1206 1232/1232/1232
f 1373/1373/1373 1110/1110/1110 2489/2489/2489
f 585/585/585 588/588/588 550/550/550
f 2266/2266/2266 2011/2011/2011 2006/2006/2006
f 2011/2011/2011 3063/3063/3063 2376/2376/2376
f 2108/2108/2108 2104/2104/2104 2129/2129/2129
f 2620/2620/2620 597/597/597 2144/2144/2144
f 987/987/987 1300/1300/1300 1012/1012/1012
f 596/596/596 595/595/595 592/592/592
f 987/987/987 1012/1012/1012 989/989/989
f 2620/2620/2620 2003/2003/2003 2621/2621/2621
f 2262/2262/2262 981/981/981 3063/3063/3063
f 1002/1002/1002 598/598/598 1005/1005/1005
f 2401/2401/2401 445/445/445 447/447/447
f 445/445/445 2011/2011/2011 2376/2376/2376
f 2130/2130/2130 2506/2506/2506 594/594/594
f 992/992/992 595/595/595 996/996/996
f 426/426/426 1888/1888/1888 1648/1648/1648
f 2126/2126/2126 2120/2120/2120 421/421/421
f 532/532/532 590/590/590 42/42/42
f 594/594/594 2506/2506/2506 2134/2134/2134
f 1964/1964/1964 447/447/447 1974/1974/1974
f 2559/2559/2559 1210/1210/1210 2558/2558/2558
f 1300/1300/1300 1014/1014/1014 119/119/119
f 1008/1008/1008 1014/1014/1014 1592/1592/1592
f 445/445/445 2376/2376/2376 1976/1976/1976
f 2620/2620/2620 2554/2554/2554 597/597/597
f 2115/2115/2115 2137/2137/2137 2139/2139/2139
f 2003/2003/2003 2494/2494/2494 2621/2621/2621
f 40/40/40 41/41/41 588/588/588
f 1980/1980/1980 447/447/447 445/445/445
f 1430/1430/1430 583/583/583 1781/1781/1781
f 2262/2262/2262 3063/3063/3063 2266/2266/2266
f 2640/2640/2640 1197/1197/1197 2559/2559/2559
f 2134/2134/2134 94/94/94 594/594/594
f 1428/1428/1428 1459/1459/1459 1026/1026/1026
f 2134/2134/2134 2506/2506/2506 592/592/592
f 1980/1980/1980 445/445/445 1976/1976/1976
f 2671/2671/2671 1778/1778/1778 2116/2116/2116
f 2540/2540/2540 2097/2097/2097 2108/2108/2108
f 1964/1964/1964 2401/2401/2401 447/447/447
f 2376/2376/2376 3063/3063/3063 981/981/981
f 1895/1895/1895 1940/1940/1940 1946/1946/1946
f 1980/1980/1980 1974/1974/1974 447/447/447
f 1206/1206/1206 1618/1618/1618 1459/1459/1459
f 42/42/42 594/594/594 94/94/94
f 1592/1592/1592 1025/1025/1025 1459/1459/1459
f 1221/1221/1221 1618/1618/1618 1206/1206/1206
f 2266/2266/2266 3063/3063/3063 2011/2011/2011
f 1618/1618/1618 1577/1577/1577 1008/1008/1008
f 2035/2035/2035 2055/2055/2055 518/518/518
f 708/708/708 69/69/69 87/87/87
f 3071/3071/3071 2033/2033/2033 2039/2039/2039
f 995/995/995 1001/1001/1001 116/116/116
f 2059/2059/2059 545/545/545 1458/1458/1458
f 708/708/708 87/87/87 88/88/88
f 116/116/116 991/991/991 995/995/995
f 119/119/119 158/158/158 1299/1299/1299
f 158/158/158 1014/1014/1014 1007/1007/1007
f 1225/1225/1225 1260/1260/1260 1213/1213/1213
f 1008/1008/1008 1577/1577/1577 1007/1007/1007
f 546/546/546 2059/2059/2059 530/530/530
f 534/534/534 88/88/88 533/533/533
f 513/513/513 573/573/573 525/525/525
f 1746/1746/1746 1760/1760/1760 1681/1681/1681
f 1891/1891/1891 1890/1890/1890 1943/1943/1943
f 1681/1681/1681 1760/1760/1760 2527/2527/2527
f 2554/2554/2554 1779/1779/1779 2553/2553/2553
f 1835/1835/1835 1825/1825/1825 1678/1678/1678
f 1850/1850/1850 1828/1828/1828 1853/1853/1853
f 989/989/989 1012/1012/1012 999/999/999
f 1897/1897/1897 1841/1841/1841 1733/1733/1733
f 2752/2752/2752 1913/1913/1913 1756/1756/1756
f 1429/1429/1429 598/598/598 2144/2144/2144
f 1847/1847/1847 1846/1846/1846 1828/1828/1828
f 2553/2553/2553 1779/1779/1779 583/583/583
f 1872/1872/1872 1747/1747/1747 1867/1867/1867
f 598/598/598 2506/2506/2506 2144/2144/2144
f 1002/1002/1002 996/996/996 1472/1472/1472
f 1891/1891/1891 1943/1943/1943 1951/1951/1951
f 2558/2558/2558 2640/2640/2640 2559/2559/2559
f 42/42/42 590/590/590 594/594/594
f 1472/1472/1472 596/596/596 2506/2506/2506
f 1756/1756/1756 1762/1762/1762 2752/2752/2752
f 999/999/999 1012/1012/1012 1112/1112/1112
f 1869/1869/1869 1827/1827/1827 1757/1757/1757
f 1747/1747/1747 1825/1825/1825 1835/1835/1835
f 1960/1960/1960 1864/1864/1864 2383/2383/2383
f 1977/1977/1977 1827/1827/1827 1869/1869/1869
f 1747/1747/1747 1827/1827/1827 1825/1825/1825
f 1835/1835/1835 1867/1867/1867 1747/1747/1747
f 1852/1852/1852 1718/1718/1718 2383/2383/2383
f 1917/1917/1917 1828/1828/1828 1875/1875/1875
f 1864/1864/1864 1785/1785/1785 1716/1716/1716
f 597/597/597 2554/2554/2554 1428/1428/1428
f 426/426/426 1940/1940/1940 1888/1888/1888
f 1960/1960/1960 2383/2383/2383 1765/1765/1765
f 1429/1429/1429 1025/1025/1025 598/598/598
f 2752/2752/2752 1827/1827/1827 1913/1913/1913
f 1221/1221/1221 1577/1577/1577 1618/1618/1618
f 1847/1847/1847 1867/1867/1867 1846/1846/1846
f 2003/2003/2003 2144/2144/2144 2506/2506/2506
f 1836/1836/1836 1867/1867/1867 1835/1835/1835
f 1019/1019/1019 1299/1299/1299 158/158/158
f 2097/2097/2097 2099/2099/2099 2108/2108/2108
f 1913/1913/1913 1827/1827/1827 1747/1747/1747
f 1757/1757/1757 1760/1760/1760 1869/1869/1869
f 1760/1760/1760 1718/1718/1718 2527/2527/2527
f 2107/2107/2107 2092/2092/2092 1434/1434/1434
f 1836/1836/1836 1846/1846/1846 1867/1867/1867
f 1778/1778/1778 2671/2671/2671 1781/1781/1781
f 1760/1760/1760 1757/1757/1757 1765/1765/1765
f 1977/1977/1977 1678/1678/1678 1827/1827/1827
f 1762/1762/1762 1757/1757/1757 2752/2752/2752
f 1746/1746/1746 1869/1869/1869 1760/1760/1760
f 158/158/158 1007/1007/1007 1019/1019/1019
f 592/592/592 595/595/595 532/532/532
f 1849/1849/1849 1850/1850/1850 1853/1853/1853
f 597/597/597 1428/1428/1428 1429/1429/1429
f 2752/2752/2752 1757/1757/1757 1827/1827/1827
f 2099/2099/2099 1460/1460/1460 1461/1461/1461
f 1765/1765/1765 1757/1757/1757 1762/1762/1762
f 2383/2383/2383 1760/1760/1760 1765/1765/1765
f 1756/1756/1756 1841/1841/1841 1762/1762/1762
f 1836/1836/1836 1840/1840/1840 1853/1853/1853
f 1828/1828/1828 1846/1846/1846 1853/1853/1853
f 2120/2120/2120 2104/2104/2104 421/421/421
f 1762/1762/1762 1841/1841/1841 1765/1765/1765
f 2383/2383/2383 1718/1718/1718 1760/1760/1760
f 1459/1459/1459 1618/1618/1618 1592/1592/1592
f 1765/1765/1765 1841/1841/1841 1759/1759/1759
f 1872/1872/1872 1867/1867/1867 1847/1847/1847
f 2620/2620/2620 1779/1779/1779 2554/2554/2554
f 1460/1460/1460 2099/2099/2099 2091/2091/2091
f 1007/1007/1007 1577/1577/1577 1015/1015/1015
f 1841/1841/1841 1756/1756/1756 1733/1733/1733
f 1827/1827/1827 1678/1678/1678 1825/1825/1825
f 2553/2553/2553 1269/1269/1269 2554/2554/2554
f 1917/1917/1917 1847/1847/1847 1828/1828/1828
f 1903/1903/1903 1894/1894/1894 1951/1951/1951
f 1890/1890/1890 1895/1895/1895 1946/1946/1946
f 1952/1952/1952 1853/1853/1853 1840/1840/1840
f 1225/1225/1225 1207/1207/1207 1242/1242/1242
f 119/119/119 1014/1014/1014 158/158/158
f 1897/1897/1897 1759/1759/1759 1841/1841/1841
f 1269/1269/1269 1232/1232/1232 1206/1206/1206
f 1759/1759/1759 1960/1960/1960 1765/1765/1765
f 1788/1788/1788 1864/1864/1864 1960/1960/1960
f 1848/1848/1848 1934/1934/1934 1809/1809/1809
f 1775/1775/1775 1774/1774/1774 1783/1783/1783
f 41/41/41 594/594/594 590/590/590
f 1846/1846/1846 1836/1836/1836 1853/1853/1853
f 2141/2141/2141 2093/2093/2093 499/499/499
f 1207/1207/1207 1577/1577/1577 1210/1210/1210
f 1849/1849/1849 1848/1848/1848 1809/1809/1809
f 1959/1959/1959 1951/1951/1951 1945/1945/1945
f 1259/1259/1259 1237/1237/1237 1260/1260/1260
f 1429/1429/1429 2144/2144/2144 597/597/597
f 2554/2554/2554 1269/1269/1269 1428/1428/1428
f 1853/1853/1853 1952/1952/1952 1849/1849/1849
f 573/573/573 2092/2092/2092 1461/1461/1461
f 1850/1850/1850 1875/1875/1875 1828/1828/1828
f 1025/1025/1025 1429/1429/1429 1026/1026/1026
f 1886/1886/1886 1776/1776/1776 1888/1888/1888
f 2558/2558/2558 1221/1221/1221 1232/1232/1232
f 1497/1497/1497 991/991/991 996/996/996
f 2130/2130/2130 2494/2494/2494 2003/2003/2003
f 1776/1776/1776 1774/1774/1774 1775/1775/1775
f 582/582/582 426/426/426 411/411/411
f 1716/1716/1716 1852/1852/1852 2383/2383/2383
f 2506/2506/2506 596/596/596 592/592/592
f 1889/1889/1889 1887/1887/1887 1822/1822/1822
f 573/573/573 1461/1461/1461 525/525/525
f 1960/1960/1960 1759/1759/1759 1788/1788/1788
f 1110/1110/1110 1299/1299/1299 1019/1019/1019
f 1716/1716/1716 2383/2383/2383 1864/1864/1864
f 721/721/721 1676/1676/1676 96/96/96
f 458/458/458 457/457/457 2218/2218/2218
f 1308/1308/1308 2494/2494/2494 2130/2130/2130
f 2003/2003/2003 2506/2506/2506 2130/2130/2130
f 1848/1848/1848 1849/1849/1849 1952/1952/1952
f 1019/1019/1019 1007/1007/1007 1015/1015/1015
f 1945/1945/1945 1951/1951/1951 1943/1943/1943
f 1015/1015/1015 1577/1577/1577 1207/1207/1207
f 1850/1850/1850 1808/1808/1808 1875/1875/1875
f 1849/1849/1849 1808/1808/1808 1850/1850/1850
f 2553/2553/2553 583/583/583 1430/1430/1430
f 2556/2556/2556 2640/2640/2640 2558/2558/2558
f 2099/2099/2099 2107/2107/2107 2108/2108/2108
f 1448/1448/1448 580/580/580 511/511/511
f 518/518/518 514/514/514 511/511/511
f 2049/2049/2049 2006/2006/2006 1970/1970/1970
f 2127/2127/2127 2565/2565/2565 2136/2136/2136
f 1716/1716/1716 1741/1741/1741 1852/1852/1852
f 119/119/119 994/994/994 1016/1016/1016
f 1785/1785/1785 1864/1864/1864 1788/1788/1788
f 69/69/69 708/708/708 118/118/118
f 2049/2049/2049 2020/2020/2020 2118/2118/2118
f 518/518/518 2061/2061/2061 510/510/510
f 2107/2107/2107 1493/1493/1493 2108/2108/2108
f 1809/1809/1809 1808/1808/1808 1849/1849/1849
f 2134/2134/2134 592/592/592 94/94/94
f 1716/1716/1716 1711/1711/1711 1741/1741/1741
f 1785/1785/1785 1711/1711/1711 1716/1716/1716
f 2556/2556/2556 2558/2558/2558 1232/1232/1232
f 1582/1582/1582 1025/1025/1025 1592/1592/1592
f 582/582/582 1946/1946/1946 426/426/426
f 1809/1809/1809 1887/1887/1887 1808/1808/1808
f 118/118/118 992/992/992 991/991/991
f 1110/1110/1110 1019/1019/1019 1015/1015/1015
f 1895/1895/1895 1901/1901/1901 1940/1940/1940
f 1785/1785/1785 1737/1737/1737 1711/1711/1711
f 497/497/497 2093/2093/2093 1950/1950/1950
f 1373/1373/1373 2489/2489/2489 180/180/180
f 1299/1299/1299 994/994/994 119/119/119
f 1773/1773/1773 1777/1777/1777 1814/1814/1814
f 41/41/41 589/589/589 588/588/588
f 992/992/992 708/708/708 595/595/595
f 1946/1946/1946 1945/1945/1945 1943/1943/1943
f 1887/1887/1887 1809/1809/1809 1934/1934/1934
f 1434/1434/1434 2098/2098/2098 582/582/582
f 1468/1468/1468 1469/1469/1469 1950/1950/1950
f 1300/1300/1300 1005/1005/1005 1014/1014/1014
f 1207/1207/1207 1225/1225/1225 1015/1015/1015
f 1737/1737/1737 1984/1984/1984 1711/1711/1711
f 532/532/532 595/595/595 534/534/534
f 2139/2139/2139 435/435/435 2115/2115/2115
f 1944/1944/1944 1894/1894/1894 1903/1903/1903
f 118/118/118 991/991/991 116/116/116
f 436/436/436 435/435/435 2048/2048/2048
f 435/435/435 436/436/436 1468/1468/1468
f 2556/2556/2556 2553/2553/2553 1430/1430/1430
f 436/436/436 2048/2048/2048 200/200/200
f 1468/1468/1468 436/436/436 585/585/585
f 1269/1269/1269 2553/2553/2553 1232/1232/1232
f 436/436/436 200/200/200 585/585/585
f 1780/1780/1780 2671/2671/2671 2116/2116/2116
f 991/991/991 992/992/992 996/996/996
f 200/200/200 2048/2048/2048 587/587/587
f 1469/1469/1469 1468/1468/1468 585/585/585
f 1205/1205/1205 1201/1201/1201 1431/1431/1431
f 1945/1945/1945 582/582/582 2098/2098/2098
f 438/438/438 573/573/573 578/578/578
f 1459/1459/1459 1428/1428/1428 1206/1206/1206
f 588/588/588 200/200/200 40/40/40
f 2092/2092/2092 2107/2107/2107 2099/2099/2099
f 2120/2120/2120 2138/2138/2138 2129/2129/2129
f 41/41/41 201/201/201 594/594/594
f 1013/1013/1013 1592/1592/1592 1014/1014/1014
f 2624/2624/2624 2116/2116/2116 1778/1778/1778
f 1225/1225/1225 1213/1213/1213 1015/1015/1015
f 587/587/587 2048/2048/2048 434/434/434
f 1213/1213/1213 1260/1260/1260 180/180/180
f 2107/2107/2107 1434/1434/1434 1493/1493/1493
f 1773/1773/1773 1783/1783/1783 1774/1774/1774
f 532/532/532 94/94/94 592/592/592
f 1454/1454/1454 2218/2218/2218 457/457/457
f 2540/2540/2540 2108/2108/2108 2129/2129/2129
f 2640/2640/2640 2556/2556/2556 1430/1430/1430
f 2144/2144/2144 2003/2003/2003 2620/2620/2620
f 1493/1493/1493 582/582/582 411/411/411
f 2671/2671/2671 1780/1780/1780 1772/1772/1772
f 1945/1945/1945 1946/1946/1946 582/582/582
f 2104/2104/2104 1493/1493/1493 411/411/411
f 1945/1945/1945 2098/2098/2098 2096/2096/2096
f 2006/2006/2006 2049/2049/2049 2007/2007/2007
f 1459/1459/1459 1025/1025/1025 1026/1026/1026
f 579/579/579 2015/2015/2015 1967/1967/1967
f 411/411/411 426/426/426 1648/1648/1648
f 22/22/22 819/819/819 494/494/494
f 678/678/678 70/70/70 90/90/90
f 1781/1781/1781 2671/2671/2671 1772/1772/1772
f 1959/1959/1959 2258/2258/2258 2094/2094/2094
f 1883/1883/1883 1940/1940/1940 1901/1901/1901
f 534/534/534 595/595/595 708/708/708
f 1946/1946/1946 1943/1943/1943 1890/1890/1890
f 2098/2098/2098 2092/2092/2092 581/581/581
f 1894/1894/1894 1891/1891/1891 1951/1951/1951
f 1940/1940/1940 1883/1883/1883 1886/1886/1886
f 1434/1434/1434 582/582/582 1493/1493/1493
f 2073/2073/2073 2007/2007/2007 2049/2049/2049
f 1890/1890/1890 1891/1891/1891 1901/1901/1901
f 2559/2559/2559 1197/1197/1197 2563/2563/2563
f 2022/2022/2022 2073/2073/2073 2238/2238/2238
f 598/598/598 1582/1582/1582 1005/1005/1005
f 1207/1207/1207 1210/1210/1210 2563/2563/2563
f 1202/1202/1202 2563/2563/2563 1197/1197/1197
f 1202/1202/1202 1197/1197/1197 1205/1205/1205
f 1207/1207/1207 2563/2563/2563 1215/1215/1215
f 1202/1202/1202 1215/1215/1215 2563/2563/2563
f 2640/2640/2640 1430/1430/1430 1197/1197/1197
f 1215/1215/1215 1202/1202/1202 1654/1654/1654
f 1202/1202/1202 1280/1280/1280 1188/1188/1188
f 1259/1259/1259 1242/1242/1242 1263/1263/1263
f 1216/1216/1216 1218/1218/1218 1219/1219/1219
f 1187/1187/1187 1183/1183/1183 1182/1182/1182
f 1202/1202/1202 1188/1188/1188 1654/1654/1654
f 1263/1263/1263 1262/1262/1262 1237/1237/1237
f 1220/1220/1220 1263/1263/1263 1623/1623/1623
f 1183/1183/1183 1188/1188/1188 1280/1280/1280
f 1183/1183/1183 1187/1187/1187 1188/1188/1188
f 1188/1188/1188 1216/1216/1216 1219/1219/1219
f 2571/2571/2571 1216/1216/1216 1187/1187/1187
f 1654/1654/1654 1188/1188/1188 1219/1219/1219
f 1187/1187/1187 1216/1216/1216 1188/1188/1188
f 1224/1224/1224 1263/1263/1263 1220/1220/1220
f 1262/1262/1262 1224/1224/1224 1218/1218/1218
f 2141/2141/2141 525/525/525 2093/2093/2093
f 1623/1623/1623 1654/1654/1654 1220/1220/1220
f 1260/1260/1260 1273/1273/1273 180/180/180
f 1219/1219/1219 1220/1220/1220 1654/1654/1654
f 1263/1263/1263 1224/1224/1224 1262/1262/1262
f 31/31/31 496/496/496 499/499/499
f 2559/2559/2559 2563/2563/2563 1210/1210/1210
f 1205/1205/1205 1280/1280/1280 1202/1202/1202
f 31/31/31 495/495/495 496/496/496
f 1429/1429/1429 1428/1428/1428 1026/1026/1026
f 437/437/437 438/438/438 578/578/578
f 1623/1623/1623 1215/1215/1215 1654/1654/1654
f 2571/2571/2571 1218/1218/1218 1216/1216/1216
f 1215/1215/1215 1623/1623/1623 1207/1207/1207
f 1219/1219/1219 1218/1218/1218 1224/1224/1224
f 2142/2142/2142 2056/2056/2056 513/513/513
f 584/584/584 2116/2116/2116 2126/2126/2126
f 1431/1431/1431 1201/1201/1201 371/371/371
f 1800/1800/1800 1432/1432/1432 1433/1433/1433
f 1220/1220/1220 1219/1219/1219 1224/1224/1224
f 1237/1237/1237 1259/1259/1259 1263/1263/1263
f 1450/1450/1450 1646/1646/1646 1658/1658/1658
f 473/473/473 474/474/474 2020/2020/2020
f 550/550/550 1469/1469/1469 585/585/585
f 1213/1213/1213 1110/1110/1110 1015/1015/1015
f 473/473/473 1450/1450/1450 1456/1456/1456
f 588/588/588 549/549/549 550/550/550
f 1432/1432/1432 1790/1790/1790 1433/1433/1433
f 1790/1790/1790 1814/1814/1814 1433/1433/1433
f 1666/1666/1666 2118/2118/2118 2020/2020/2020
f 1456/1456/1456 478/478/478 474/474/474
f 463/463/463 472/472/472 1666/1666/1666
f 2126/2126/2126 2624/2624/2624 2125/2125/2125
f 2062/2062/2062 1649/1649/1649 2374/2374/2374
f 473/473/473 1456/1456/1456 474/474/474
f 2621/2621/2621 1779/1779/1779 2620/2620/2620
f 1649/1649/1649 2062/2062/2062 477/477/477
f 1450/1450/1450 1658/1658/1658 1456/1456/1456
f 2116/2116/2116 2624/2624/2624 2126/2126/2126
f 1649/1649/1649 568/568/568 2374/2374/2374
f 1659/1659/1659 517/517/517 1658/1658/1658
f 1666/1666/1666 2020/2020/2020 474/474/474
f 2062/2062/2062 2018/2018/2018 477/477/477
f 477/477/477 2118/2118/2118 1666/1666/1666
f 40/40/40 201/201/201 41/41/41
f 2238/2238/2238 2118/2118/2118 2018/2018/2018
f 477/477/477 472/472/472 1649/1649/1649
f 1623/1623/1623 1242/1242/1242 1207/1207/1207
f 30/30/30 497/497/497 549/549/549
f 1210/1210/1210 1577/1577/1577 1221/1221/1221
f 497/497/497 1469/1469/1469 550/550/550
f 1237/1237/1237 1273/1273/1273 1260/1260/1260
f 1658/1658/1658 1646/1646/1646 1659/1659/1659
f 1221/1221/1221 2558/2558/2558 1210/1210/1210
f 1658/1658/1658 517/517/517 1456/1456/1456
f 2018/2018/2018 2024/2024/2024 2238/2238/2238
f 2974/2974/2974 2062/2062/2062 2043/2043/2043
f 2062/2062/2062 2374/2374/2374 2043/2043/2043
f 2974/2974/2974 2024/2024/2024 2062/2062/2062
f 2062/2062/2062 2024/2024/2024 2018/2018/2018
f 517/517/517 478/478/478 1456/1456/1456
f 474/474/474 463/463/463 1666/1666/1666
f 1308/1308/1308 594/594/594 201/201/201
f 1779/1779/1779 1778/1778/1778 583/583/583
f 477/477/477 1666/1666/1666 472/472/472
f 31/31/31 497/497/497 30/30/30
f 478/478/478 463/463/463 474/474/474
f 2118/2118/2118 477/477/477 2018/2018/2018
f 508/508/508 517/517/517 1659/1659/1659
f 1645/1645/1645 508/508/508 1659/1659/1659
f 1659/1659/1659 1646/1646/1646 1645/1645/1645
f 1818/1818/1818 1814/1814/1814 2543/2543/2543
f 31/31/31 499/499/499 2093/2093/2093
f 2116/2116/2116 584/584/584 1780/1780/1780
f 2553/2553/2553 2556/2556/2556 1232/1232/1232
f 719/719/719 720/720/720 540/540/540
f 540/540/540 720/720/720 591/591/591
f 591/591/591 720/720/720 589/589/589
f 531/531/531 528/528/528 1464/1464/1464
f 1618/1618/1618 1008/1008/1008 1592/1592/1592
f 1225/1225/1225 1259/1259/1259 1260/1260/1260
f 1778/1778/1778 1779/1779/1779 2624/2624/2624
f 1110/1110/1110 994/994/994 1299/1299/1299
f 730/730/730 540/540/540 1676/1676/1676
f 528/528/528 719/719/719 730/730/730
f 1676/1676/1676 540/540/540 593/593/593
f 30/30/30 528/528/528 529/529/529
f 1464/1464/1464 528/528/528 730/730/730
f 95/95/95 533/533/533 748/748/748
f 496/496/496 2141/2141/2141 499/499/499
f 591/591/591 589/589/589 593/593/593
f 1263/1263/1263 1242/1242/1242 1623/1623/1623
f 1225/1225/1225 1242/1242/1242 1259/1259/1259
f 550/550/550 549/549/549 497/497/497
f 589/589/589 590/590/590 593/593/593
f 730/730/730 719/719/719 540/540/540
f 2489/2489/2489 1213/1213/1213 180/180/180
f 495/495/495 31/31/31 30/30/30
f 1676/1676/1676 593/593/593 590/590/590
f 1014/1014/1014 1008/1008/1008 1007/1007/1007
f 1472/1472/1472 996/996/996 596/596/596
f 528/528/528 531/531/531 529/529/529
f 1005/1005/1005 1582/1582/1582 1013/1013/1013
f 987/987/987 989/989/989 1497/1497/1497
f 1582/1582/1582 598/598/598 1025/1025/1025
f 95/95/95 590/590/590 532/532/532
f 532/532/532 533/533/533 95/95/95
f 95/95/95 96/96/96 590/590/590
f 540/540/540 591/591/591 593/593/593
f 96/96/96 1676/1676/1676 590/590/590
f 31/31/31 2093/2093/2093 497/497/497
f 497/497/497 1950/1950/1950 1469/1469/1469
f 96/96/96 95/95/95 748/748/748
f 583/583/583 1778/1778/1778 1781/1781/1781
f 1821/1821/1821 2538/2538/2538 371/371/371
f 1814/1814/1814 1790/1790/1790 2543/2543/2543
f 1821/1821/1821 1814/1814/1814 1818/1818/1818
f 1814/1814/1814 1821/1821/1821 1773/1773/1773
f 1821/1821/1821 1818/1818/1818 2543/2543/2543
f 371/371/371 2631/2631/2631 1431/1431/1431
f 2557/2557/2557 2703/2703/2703 1988/1988/1988

